{"format_version":"1.8.0","minecraft:client_entity":{"description":{"identifier":"hiveterritory:golden_territory_expansion","materials":{"default":"entity_alphatest"},"textures":{"default":"textures/entity/hive/territory/powerups/golden/powerup_golden_territory_expansion"},"geometry":{"default":"geometry.hive.territory.powerup.golden.territory.expansion"},"animations":{"spawn":"animation.hive.territory.powerup.spawn","idle":"animation.hive.territory.powerup.golden.territory.expansion.idle","spin":"animation.hive.territory.powerup.spin","waiting":"animation.hive.territory.powerup.waiting","despawn":"animation.hive.territory.powerup.despawn"},"animation_controllers":[{"spawn":"controller.animation.hive.territory.powerup.spawn"},{"idle":"controller.animation.hive.territory.powerup.idle"},{"spin":"controller.animation.hive.territory.powerup.spin"}],"render_controllers":["controller.render.default"]}}}