{"content":[{"path":"textures/entity/hive/common/boombox/web.png","key":"NNIAJVLECSN7UOTW5I4KGWHZQRUKPPIG"},{"path":"animations/hive/common/prestige/wings.json","key":"S6VKM3LCS4LSRUIJCZDALDALZGHBWKWF"},{"path":"textures/entity/hive/common/boombox/frozen.png","key":"X27U2QFFTLKQ6TCBH54WRN2AZ4N2V3LR"},{"path":"particles/hive/common/prestige/circle.particle.json","key":"CPHXXBDDJ67JR3SZEXGFRSXC6G3OFYSQ"},{"path":"textures/entity/hive/common/boombox/blindness.png","key":"DK5PU56FAPRGCZ4N76CSDXUJNQ3CYN7T"},{"path":"textures/item_texture.json","key":"M22KHBYEYVMQQQWRPW4O7ZJDFC3PXIPK"},{"path":"particles/hive/common/prestige/swirl.particle.json","key":"BOAOSZEJKEBVR3RL3M6ZTKYHZLYHFC76"},{"path":"models/entity/hive/common/boombox/default.json","key":"XBH7CROHOB6PWCCHTBIN25LOL3L62DGH"},{"path":"entity/hive/common/boombox/boombox.json","key":"VCKGKK4J6E2MVAV636X2YON2SRFAGS2U"},{"path":"entity/hive/common/prestige/wings.json","key":"HTYJYRAZ4JKM7BUVXLTGF2SJBHZAI4CS"},{"path":"particles/hive/common/prestige/feathers_burst.particle.json","key":"FRQCQTHROLPEXMHYUQFHXKDRPALCUKIH"},{"path":"sounds/hive/common/prestige/prestige.ogg"},{"path":"render_controllers/hive/common/boombox/boombox.json","key":"PKM5MNNXWCVTRFHVW7MIEVC2JNLNACYL"},{"path":"textures/entity/hive/common/boombox/block_breaker.png","key":"7EL4T72XRCR4BNYBIGGX2LYK2U2DW3R2"},{"path":"textures/blocks/hive/common/boombox/knockback_side.png","key":"PB4Q2MMJWZB6RVZAB33BASIWYMANRFUL"},{"path":"sounds/sound_definitions.json","key":"27OZUDWWUPRG25WCRER6T3IMEYD2423H"},{"path":"textures/items/hive/common/prestige.png","key":"BRASVGJ6CZQWYKAUVAKL4Q74XNW7ZCEQ"},{"path":"textures/blocks/hive/common/boombox/frozen_top.png","key":"BRAOI2WWEMFYE5OAQGRJKUSFEPGGRTA5"},{"path":"textures/blocks/hive/common/boombox/poison_side.png","key":"6Y5VXDSBAWCEBD4EIVLB3V2Y2IRKMTDR"},{"path":"animation_controllers/hive/common/prestige/wings.json","key":"7K4DQ5W6ZZR7YSZKM3OH5EPIFE72S53E"},{"path":"textures/entity/hive/common/boombox/fire.png","key":"XQQVMUMRCBVJ5BSJ2UO2VFZJMPH36TYH"},{"path":"models/entity/hive/common/prestige/prestige_wings.json","key":"XQR3Z5UWYEC3YLF7E7NGMUCQ4ZTWVY5S"},{"path":"textures/particle/hive/common/prestige/spark.png","key":"QU5YEA3TOMP52PASE64SDM4TZSYLUSVF"},{"path":"textures/blocks/hive/common/boombox/blockbreaker_side.png","key":"6BI5F2J3QXZWDOU2EMYW2SDVULYXIKPC"},{"path":"particles/hive/common/prestige/feathers.particle.json","key":"JNNFVZZTZ7BCYMVE2A6RROEG7KG5CATK"},{"path":"textures/blocks/hive/common/boombox/poison_top.png","key":"JQ34N4Z5IBIIH2HLT4FWWS7I6XVGJQSX"},{"path":"textures/entity/hive/common/prestige/wings.png","key":"T5A5524V3QN7REW7JRLZ4P3QLJ5MEJPC"},{"path":"textures/blocks/hive/common/boombox/standard_top.png","key":"DBOIDLFYS2WPHA7NEEBMEGHTHYNF3VBQ"},{"path":"textures/particle/hive/common/prestige/feather.png","key":"4HGZD3NV2GZRUYYVO3NLDAOJMG4G64SM"},{"path":"textures/blocks/hive/common/boombox/blockbreaker_top.png","key":"572M2L55BNPBSFCWEOBCSLW4EZZSG4MM"},{"path":"textures/entity/hive/common/boombox/knockback.png","key":"UJ5O2HYSWJFKTLNVL5PHV2DOU4UJFALK"},{"path":"textures/blocks/hive/common/boombox/knockback_top.png","key":"5LQZFY7EOFA4EMOONRV4ZW6XXQYCPJK2"},{"path":"textures/particle/hive/common/prestige/sparkle.png","key":"JV6FBGGXPKC4O3JN4DFLPDET4P7AIYYI"},{"path":"particles/hive/common/prestige/wings.particle.json","key":"TRX7UFVKRYSORLNGYD5SEUKYCFO6LFPY"},{"path":"textures/blocks/hive/common/boombox/standard_side.png","key":"LGDP4QI652AQDLX5WRFD3UDJEVDWS6C5"},{"path":"textures/terrain_texture.json","key":"ADQBWVTNUIWOYC3MXR6JRILDI7QYUAJE"},{"path":"textures/blocks/hive/common/boombox/frozen_side.png","key":"DTTY6URVBKWSIMSVHFCWEJK5M3QO5RI5"},{"path":"textures/entity/hive/common/boombox/standard.png","key":"RAEUPE3T4NNFKZHAHIDJPBAJNA7XR4ES"},{"path":"textures/entity/hive/common/boombox/poison.png","key":"OQGI72J7W5KPDOCZEXM5VGVE73OG7HTC"},{"path":"items/prestige.json","key":"QNNSLKN4LM2KVEIUS2BDPRJ7HKTM6PHU"}]}