{"format_version":"1.8.0","minecraft:client_entity":{"description":{"identifier":"hivehub:floor_fan","materials":{"default":"entity_alphatest","translucent":"slime_outer"},"textures":{"default":"textures/entity/hive/hub/arcade/fan/floor"},"geometry":{"default":"geometry.hive.hub.arcade.floorfan"},"animations":{"idle":"animation.hive.hub.arcade.floorfan.idle","hover":"animation.hive.hub.arcade.floorfan.hover"},"animation_controllers":[{"default":"controller.animation.hive.hub.arcade.fan"}],"particle_effects":{"wind":"hivehub:fan_blow_up"},"render_controllers":["controller.render.hive.hub.arcade.translucent"]}}}