{"format_version":"1.8.0","minecraft:client_entity":{"description":{"identifier":"hivehub:game_drop","materials":{"default":"entity_alphatest","glass":"slime_outer"},"textures":{"female":"textures/entity/hive/hub/game/drop/female","male":"textures/entity/hive/hub/game/drop/male"},"geometry":{"default":"geometry.hive.hub.game.drop"},"animations":{"idle":"animation.hive.hub.game.drop.idle"},"particle_effects":{"idle":"hivehub:game_drop"},"animation_controllers":[{"default":"controller.animation.hive.hub.game.idle.particle"}],"render_controllers":["controller.render.hive.hub.game.drop"]}}}