{"format_version":"1.8.0","minecraft:client_entity":{"description":{"identifier":"hivehub:game_hide","materials":{"default":"entity_alphatest"},"textures":{"default":"textures/entity/hive/hub/game/hide"},"geometry":{"default":"geometry.hive.hub.game.hide"},"animations":{"idle":"animation.hive.hub.game.hide.idle"},"particle_effects":{"idle":"hivehub:game_hide"},"animation_controllers":[{"default":"controller.animation.hive.hub.game.idle.particle"}],"render_controllers":["controller.render.default"]}}}