{"format_version":"1.8.0","minecraft:client_entity":{"description":{"identifier":"hivehub:game_hologram","materials":{"default":"hive_hologram","alpha":"entity_alphatest","text":"hive_hologram_text"},"textures":{"icon":"textures/entity/hive/hub/game/hologram/icon","digit_0":"textures/entity/hive/hub/game/hologram/digit/0","digit_1":"textures/entity/hive/hub/game/hologram/digit/1","digit_2":"textures/entity/hive/hub/game/hologram/digit/2","digit_3":"textures/entity/hive/hub/game/hologram/digit/3","digit_4":"textures/entity/hive/hub/game/hologram/digit/4","digit_5":"textures/entity/hive/hub/game/hologram/digit/5","digit_6":"textures/entity/hive/hub/game/hologram/digit/6","digit_7":"textures/entity/hive/hub/game/hologram/digit/7","digit_8":"textures/entity/hive/hub/game/hologram/digit/8","digit_9":"textures/entity/hive/hub/game/hologram/digit/9","digit_blank":"textures/entity/hive/hub/game/hologram/digit/blank","build":"textures/entity/hive/hub/game/hologram/build","build_plate":"textures/entity/hive/hub/game/hologram/build_plate","dr":"textures/entity/hive/hub/game/hologram/dr","dr_plate":"textures/entity/hive/hub/game/hologram/dr_plate","hide":"textures/entity/hive/hub/game/hologram/hide","hide_plate":"textures/entity/hive/hub/game/hologram/hide_plate","murder":"textures/entity/hive/hub/game/hologram/murder","murder_plate":"textures/entity/hive/hub/game/hologram/murder_plate","sg":"textures/entity/hive/hub/game/hologram/sg","sg_plate":"textures/entity/hive/hub/game/hologram/sg_plate","sky":"textures/entity/hive/hub/game/hologram/sky","sky_plate":"textures/entity/hive/hub/game/hologram/sky_plate","wars":"textures/entity/hive/hub/game/hologram/wars","wars_plate":"textures/entity/hive/hub/game/hologram/wars_plate","gi":"textures/entity/hive/hub/game/hologram/gi","gi_plate":"textures/entity/hive/hub/game/hologram/gi_plate","kits":"textures/entity/hive/hub/game/hologram/kits","kits_plate":"textures/entity/hive/hub/game/hologram/kits_plate","snow":"textures/entity/hive/hub/game/hologram/snow","snow_plate":"textures/entity/hive/hub/game/hologram/snow_plate","ctf":"textures/entity/hive/hub/game/hologram/ctf","ctf_plate":"textures/entity/hive/hub/game/hologram/ctf_plate","drop":"textures/entity/hive/hub/game/hologram/drop","drop_plate":"textures/entity/hive/hub/game/hologram/drop_plate","ground":"textures/entity/hive/hub/game/hologram/ground","ground_plate":"textures/entity/hive/hub/game/hologram/ground_plate","bridge":"textures/entity/hive/hub/game/hologram/bridge","bridge_plate":"textures/entity/hive/hub/game/hologram/bridge_plate"},"geometry":{"plate":"geometry.hive.hub.game.hologram.plate","plate_build":"geometry.hive.hub.game.hologram.plate.build","plate_dr":"geometry.hive.hub.game.hologram.plate.dr","plate_hide":"geometry.hive.hub.game.hologram.plate.hide","plate_murder":"geometry.hive.hub.game.hologram.plate.murder","plate_sg":"geometry.hive.hub.game.hologram.plate.sg","plate_sky":"geometry.hive.hub.game.hologram.plate.sky","plate_wars":"geometry.hive.hub.game.hologram.plate.wars","plate_gi":"geometry.hive.hub.game.hologram.plate.wars","plate_kits":"geometry.hive.hub.game.hologram.plate.kits","plate_snow":"geometry.hive.hub.game.hologram.plate.snow","plate_ctf":"geometry.hive.hub.game.hologram.plate.ctf","plate_drop":"geometry.hive.hub.game.hologram.plate.drop","plate_ground":"geometry.hive.hub.game.hologram.plate.ground","plate_bridge":"geometry.hive.hub.game.hologram.plate.bridge","name":"geometry.hive.hub.game.hologram.name","icon":"geometry.hive.hub.game.hologram.icon","digit_1":"geometry.hive.hub.game.hologram.digit.1","digit_2":"geometry.hive.hub.game.hologram.digit.2","digit_3":"geometry.hive.hub.game.hologram.digit.3","digit_4":"geometry.hive.hub.game.hologram.digit.4","digit_5":"geometry.hive.hub.game.hologram.digit.5"},"scripts":{"pre_animation":["variable.number \u003d query.variant;","variable.requireUpdate \u003d variable.number !\u003d (variable.lastNumber ?? 0);","variable.length \u003d variable.requireUpdate ? Math.max(1, Math.ceil(Math.ln(variable.number + 1) / 2.302585092994046)) : (variable.length ?? 1);","variable.digit1 \u003d variable.requireUpdate ? Math.floor(Math.mod((variable.number / Math.pow(10, ((variable.length + 1 - 1) - 1))), 10)) : (variable.digit1 ?? 0);","variable.digit2 \u003d variable.requireUpdate ? Math.floor(Math.mod((variable.number / Math.pow(10, ((variable.length + 1 - 2) - 1))), 10)) : (variable.digit2 ?? 0);","variable.digit3 \u003d variable.requireUpdate ? Math.floor(Math.mod((variable.number / Math.pow(10, ((variable.length + 1 - 3) - 1))), 10)) : (variable.digit3 ?? 0);","variable.digit4 \u003d variable.requireUpdate ? Math.floor(Math.mod((variable.number / Math.pow(10, ((variable.length + 1 - 4) - 1))), 10)) : (variable.digit4 ?? 0);","variable.digit5 \u003d variable.requireUpdate ? Math.floor(Math.mod((variable.number / Math.pow(10, ((variable.length + 1 - 5) - 1))), 10)) : (variable.digit5 ?? 0);","variable.lastNumber \u003d query.variant;"]},"animations":{"face":"animation.hive.hub.game.hologram.face","center":"animation.hive.hub.game.hologram.center"},"animation_controllers":[{"default":"controller.animation.hive.hub.game.hologram"}],"render_controllers":["controller.render.hive.hub.game.hologram.plate","controller.render.hive.hub.game.hologram.name","controller.render.hive.hub.game.hologram.icon","controller.render.hive.hub.game.hologram.digit.1","controller.render.hive.hub.game.hologram.digit.2","controller.render.hive.hub.game.hologram.digit.3","controller.render.hive.hub.game.hologram.digit.4","controller.render.hive.hub.game.hologram.digit.5"]}}}