{"format_version":"1.8.0","minecraft:client_entity":{"description":{"identifier":"hivehub:game_sg","materials":{"default":"entity_alphatest"},"textures":{"female":"textures/entity/hive/hub/game/sg/female","male":"textures/entity/hive/hub/game/sg/male"},"geometry":{"female":"geometry.hive.hub.game.sg.female","male":"geometry.hive.hub.game.sg.male"},"animations":{"idle":"animation.hive.hub.game.sg.idle"},"particle_effects":{"idle":"hivehub:game_sg"},"animation_controllers":[{"default":"controller.animation.hive.hub.game.idle.particle"}],"render_controllers":["controller.render.hive.hub.game.male.female"]}}}