{"format_version":"1.8.0","minecraft:client_entity":{"description":{"identifier":"hivehub:game_sky","materials":{"default":"entity_alphatest"},"textures":{"female":"textures/entity/hive/hub/game/sky/female","male":"textures/entity/hive/hub/game/sky/male"},"geometry":{"female":"geometry.hive.hub.game.sky.female","male":"geometry.hive.hub.game.sky.male"},"animations":{"idle":"animation.hive.hub.game.sky.idle"},"particle_effects":{"idle":"hivehub:game_sky"},"animation_controllers":[{"default":"controller.animation.hive.hub.game.idle.particle"}],"render_controllers":["controller.render.hive.hub.game.male.female"]}}}