{"format_version":"1.8.0","minecraft:client_entity":{"description":{"identifier":"hivehub:game_snow","materials":{"default":"entity_alphatest"},"textures":{"default":"textures/entity/hive/hub/game/snow"},"geometry":{"default":"geometry.hive.hub.game.snow"},"animations":{"idle":"animation.hive.hub.game.snow.idle"},"particle_effects":{"idle":"hivehub:game_snow"},"animation_controllers":[{"default":"controller.animation.hive.hub.game.idle.particle"}],"render_controllers":["controller.render.default"]}}}