{"format_version":"1.8.0","minecraft:client_entity":{"description":{"identifier":"hivehub:game_wars","materials":{"default":"entity_alphatest"},"textures":{"female":"textures/entity/hive/hub/game/wars/female","male":"textures/entity/hive/hub/game/wars/male"},"geometry":{"female":"geometry.hive.hub.game.wars.female","male":"geometry.hive.hub.game.wars.male"},"animations":{"idle":"animation.hive.hub.game.wars.idle"},"particle_effects":{"idle":"hivehub:game_wars"},"animation_controllers":[{"default":"controller.animation.hive.hub.game.idle.particle"}],"render_controllers":["controller.render.hive.hub.game.male.female"]}}}