{"format_version":"1.12.0","minecraft:geometry":[{"description":{"identifier":"geometry.hive.sky.island.flag.cosy.home","texture_width":128,"texture_height":128,"visible_bounds_width":9,"visible_bounds_height":6,"visible_bounds_offset":[0,2,0]},"bones":[{"name":"root","pivot":[0,0,0],"rotation":[0,180,0]},{"name":"Flag","parent":"root","pivot":[0,24,0],"rotation":[0,180,0],"cubes":[{"origin":[-3,0,-3],"size":[6,36,6],"uv":[52,64]},{"origin":[-5,36,-5],"size":[10,5,10],"uv":[0,81]},{"origin":[-20,41,0],"size":[26,17,0],"uv":[0,64]},{"origin":[-45,2,-1],"size":[42,30,2],"uv":[0,32]},{"origin":[-59,12,-1],"size":[12,6,2],"uv":[30,106]},{"origin":[-60,20,-1],"size":[15,2,2],"uv":[71,118]},{"origin":[-58,18,0],"size":[1,2,0],"uv":[10,0]},{"origin":[-49,18,0],"size":[1,2,0],"uv":[10,0]},{"origin":[-56,22,0],"size":[11,6,0],"uv":[30,81]},{"origin":[-37,31,-2],"size":[15,9,4],"uv":[88,32]},{"origin":[-33,28,-7],"size":[11,5,5],"uv":[76,98]},{"origin":[-33,33,-7],"size":[11,3,0],"pivot":[-27.5,33,-7],"rotation":[20,0,0],"uv":[30,87]},{"origin":[-33,33,7],"size":[11,3,0],"pivot":[-27.5,33,7],"rotation":[-20,0,0],"uv":[30,87]},{"origin":[-33,28,2],"size":[11,5,5],"uv":[0,96]},{"origin":[-41,40,-4],"size":[12,3,8],"pivot":[-29,42,0],"rotation":[0,0,-20],"uv":[76,87],"mirror":true},{"origin":[-26.1259,19.82081,-4],"size":[12,3,8],"pivot":[29.31596,42,0],"rotation":[0,0,20],"uv":[76,87]},{"origin":[-29,2,-3],"size":[11,17,6],"uv":[76,64]},{"origin":[-26,12,-3.1],"size":[5,5,0],"pivot":[-23.5,14.5,-3.1],"rotation":[0,0,45],"uv":[0,0]},{"origin":[-26,11,3.1],"size":[5,5,0],"pivot":[-23.5,13.5,3.1],"rotation":[0,0,45],"uv":[0,0]},{"origin":[-42,6,-5],"size":[11,4,4],"pivot":[-36,10,-1],"rotation":[15,0,0],"uv":[0,106]},{"origin":[-43,10,-3],"size":[13,5,0],"pivot":[-36,10,-1],"rotation":[15,0,0],"uv":[104,63]},{"origin":[-34,31,-4],"size":[13,5,0],"uv":[104,63]},{"origin":[-34,31,4],"size":[13,5,0],"uv":[104,63]},{"origin":[-7,39,4],"size":[13,5,0],"uv":[104,63]},{"origin":[-7,39,-4],"size":[13,5,0],"uv":[104,63]},{"origin":[-17,10,-3],"size":[13,5,0],"pivot":[-10,10,-1],"rotation":[15,0,0],"uv":[104,63]},{"origin":[-43,10,3],"size":[13,5,0],"pivot":[-36,10,1],"rotation":[-15,0,0],"uv":[104,63]},{"origin":[-17,10,3],"size":[13,5,0],"pivot":[-10,10,1],"rotation":[-15,0,0],"uv":[104,63]},{"origin":[-42,18.65926,-5.41181],"size":[11,2,7],"pivot":[-36,11,-1],"rotation":[15,0,0],"uv":[88,54]},{"origin":[-42,14.65926,-4.41181],"size":[0,4,5],"pivot":[-36,11,-1],"rotation":[15,0,0],"uv":[0,4]},{"origin":[-42,14.65926,-4.41181],"size":[0,4,5],"pivot":[-36,11,-1],"rotation":[15,0,0],"uv":[0,4]},{"origin":[-31,14.65926,-4.41181],"size":[0,4,5],"pivot":[-25,11,-1],"rotation":[15,0,0],"uv":[0,4]},{"origin":[-5,14.65926,-4.41181],"size":[0,4,5],"pivot":[1,11,-1],"rotation":[15,0,0],"uv":[0,4]},{"origin":[-16,14.65926,-4.41181],"size":[0,4,5],"pivot":[-10,11,-1],"rotation":[15,0,0],"uv":[0,4]},{"origin":[-16,18.65926,-5.41181],"size":[11,2,7],"pivot":[-36,11,-1],"rotation":[15,0,0],"uv":[88,54]},{"origin":[-16,6,-5],"size":[11,4,4],"pivot":[-36,10,-1],"rotation":[15,0,0],"uv":[0,106]},{"origin":[-42,6,1],"size":[11,4,4],"pivot":[-36,10,1],"rotation":[-15,0,0],"uv":[73,109]},{"origin":[-42,18.65926,-1.58819],"size":[11,2,7],"pivot":[-36,11,1],"rotation":[-15,0,0],"uv":[88,45]},{"origin":[-42,14.65926,-0.58819],"size":[0,4,5],"pivot":[-36,11,1],"rotation":[-15,0,0],"uv":[0,0]},{"origin":[-31,14.65926,-0.58819],"size":[0,4,5],"pivot":[-25,11,1],"rotation":[-15,0,0],"uv":[0,0]},{"origin":[-5,14.65926,-0.58819],"size":[0,4,5],"pivot":[1,11,1],"rotation":[-15,0,0],"uv":[0,0]},{"origin":[-16,14.65926,-0.58819],"size":[0,4,5],"pivot":[-10,11,1],"rotation":[-15,0,0],"uv":[0,0]},{"origin":[-16,18.65926,-1.58819],"size":[11,2,7],"pivot":[-36,11,1],"rotation":[-15,0,0],"uv":[88,45]},{"origin":[-16,6,1],"size":[11,4,4],"pivot":[-36,10,1],"rotation":[-15,0,0],"uv":[73,109]},{"origin":[-48,31.04254,1.72073],"size":[49,3,13],"pivot":[-25,36.5,0],"rotation":[-35,0,0],"uv":[0,16]},{"origin":[-48,31.04254,-14.72073],"size":[49,3,13],"pivot":[-25,36.5,0],"rotation":[35,0,0],"uv":[0,0]}]}]}]}