{"format_version":"1.12.0","minecraft:geometry":[{"description":{"identifier":"geometry.hive.sky.island.flag.donut","texture_width":128,"texture_height":128,"visible_bounds_width":7,"visible_bounds_height":5,"visible_bounds_offset":[0,1.5,0]},"bones":[{"name":"root","pivot":[0,0,0]},{"name":"post","parent":"root","pivot":[0,0,0],"cubes":[{"origin":[-3,0,-3],"size":[6,38,6],"uv":[0,37]}]},{"name":"flag","parent":"post","pivot":[0,0,0],"cubes":[{"origin":[-45,2,-1],"size":[42,34,2],"uv":[0,0]},{"origin":[-35,10,1],"size":[22,19,3],"uv":[30,38]},{"origin":[-33,8,1],"size":[18,2,3],"uv":[27,63]},{"origin":[-33,29,1],"size":[18,2,3],"uv":[27,70]},{"origin":[-20,24,5],"size":[7,7,0],"uv":[82,49],"mirror":true},{"origin":[-12,27,2],"size":[7,6,0],"pivot":[-8.5,31,2],"rotation":[0,0,-27.5],"uv":[82,74]},{"origin":[-11,18,2],"size":[6,7,0],"pivot":[-8,18.5,2],"rotation":[0,0,10],"uv":[82,41]},{"origin":[-44,12,2],"size":[6,7,0],"pivot":[-40,18.5,2],"rotation":[0,0,-10],"uv":[82,41]},{"origin":[-43,4,2],"size":[7,6,0],"pivot":[-39.5,7,2],"rotation":[0,0,20],"uv":[82,74]},{"origin":[-35,24,5],"size":[7,7,0],"uv":[82,58],"mirror":true},{"origin":[-42,24,2],"size":[6,10,0],"pivot":[-40,29,2],"rotation":[0,0,12.5],"uv":[82,81],"mirror":true},{"origin":[-12,4,2],"size":[6,7,0],"pivot":[-8,7.5,3],"rotation":[0,0,20],"uv":[82,66],"mirror":true},{"origin":[-35,10,-4],"size":[22,19,3],"uv":[30,38]},{"origin":[-33,8,-4],"size":[18,2,3],"uv":[27,63]},{"origin":[-33,29,-4],"size":[18,2,3],"uv":[27,70]},{"origin":[-20,24,-5],"size":[7,7,0],"uv":[82,49],"mirror":true},{"origin":[-12,27,-2],"size":[7,6,0],"pivot":[-8.5,31,-2],"rotation":[0,0,-27.5],"uv":[82,74]},{"origin":[-11,18,-2],"size":[6,7,0],"pivot":[-8,18.5,-2],"rotation":[0,0,10],"uv":[82,41]},{"origin":[-44,12,-2],"size":[6,7,0],"pivot":[-40,18.5,-2],"rotation":[0,0,-10],"uv":[82,41]},{"origin":[-43,4,-2],"size":[7,6,0],"pivot":[-39.5,7,-2],"rotation":[0,0,20],"uv":[82,74]},{"origin":[-35,24,-5],"size":[7,7,0],"uv":[82,58],"mirror":true},{"origin":[-42,24,-2],"size":[6,10,0],"pivot":[-40,29,-2],"rotation":[0,0,12.5],"uv":[82,81],"mirror":true},{"origin":[-12,4,-2],"size":[6,7,0],"pivot":[-8,7.5,-3],"rotation":[0,0,20],"uv":[82,66],"mirror":true}]}]}]}