{"format_version":"1.12.0","minecraft:geometry":[{"description":{"identifier":"geometry.hive.sky.island.flag.junkyard","texture_width":128,"texture_height":128,"visible_bounds_width":9,"visible_bounds_height":6,"visible_bounds_offset":[0,1,0]},"bones":[{"name":"root","pivot":[0,0,0]},{"name":"post","parent":"root","pivot":[0,0,0],"cubes":[{"origin":[-3,0,-3],"size":[6,38,6],"uv":{"north":{"uv":[6,43],"uv_size":[6,38]},"east":{"uv":[0,43],"uv_size":[6,38]},"south":{"uv":[18,43],"uv_size":[6,38]},"west":{"uv":[12,43],"uv_size":[6,38]},"up":{"uv":[6,37],"uv_size":[6,6]},"down":{"uv":[12,43],"uv_size":[6,-6]}}}]},{"name":"flag","parent":"post","pivot":[0,0,0],"cubes":[{"origin":[-45,13,-1],"size":[42,23,2],"uv":{"north":{"uv":[2,2],"uv_size":[42,23]},"east":{"uv":[44,2],"uv_size":[2,23]},"south":{"uv":[46,2],"uv_size":[42,23]},"west":{"uv":[44,2],"uv_size":[2,23]},"up":{"uv":[2,0],"uv_size":[42,2]},"down":{"uv":[44,18],"uv_size":[2,-2]}}},{"origin":[-43,2,-1],"size":[40,11,2],"uv":{"north":{"uv":[4,25],"uv_size":[40,11]},"east":{"uv":[44,25],"uv_size":[2,11]},"south":{"uv":[46,25],"uv_size":[40,11]},"west":{"uv":[68,39],"uv_size":[2,11]},"up":{"uv":[28,37],"uv_size":[40,2]},"down":{"uv":[46,2],"uv_size":[40,-2]}}},{"origin":[-47,13,-1],"size":[2,11,2],"uv":{"north":{"uv":[90,14],"uv_size":[-2,11]},"east":{"uv":[44,15],"uv_size":[2,10]},"south":{"uv":[88,14],"uv_size":[2,11]},"west":{"uv":[4,2],"uv_size":[2,10]},"up":{"uv":[44,15],"uv_size":[2,2]},"down":{"uv":[44,17],"uv_size":[2,-2]}}},{"origin":[-36,7,1],"size":[24,24,2],"pivot":[-24,19,2],"rotation":[0,0,-10],"uv":{"north":{"uv":[27,53],"uv_size":[24,24]},"east":{"uv":[25,53],"uv_size":[2,24]},"south":{"uv":[53,53],"uv_size":[24,24]},"west":{"uv":[51,53],"uv_size":[2,24]},"up":{"uv":[27,51],"uv_size":[24,2]},"down":{"uv":[51,53],"uv_size":[24,-2]}}},{"origin":[-36,7,-3],"size":[24,24,2],"pivot":[-24,19,-2],"rotation":[0,0,-10],"uv":{"north":{"uv":[77,53],"uv_size":[-24,24]},"east":{"uv":[27,53],"uv_size":[-2,24]},"south":{"uv":[51,53],"uv_size":[-24,24]},"west":{"uv":[53,53],"uv_size":[-2,24]},"up":{"uv":[27,53],"uv_size":[24,-2]},"down":{"uv":[51,51],"uv_size":[24,2]}}}]},{"name":"plankUpper","parent":"flag","pivot":[-24,2,0],"cubes":[{"origin":[-37,-9,-1.1],"size":[27,5,0],"pivot":[-37,-1.5,0.9],"rotation":[0,0,2.5],"uv":{"north":{"uv":[52,93],"uv_size":[27,5]},"east":{"uv":[46,25],"uv_size":[-2,11]},"west":{"uv":[46,25],"uv_size":[-2,11]},"up":{"uv":[2,2],"uv_size":[40,-2]},"down":{"uv":[46,0],"uv_size":[40,2]}}},{"origin":[-41,-12,-1],"size":[35,11,2],"pivot":[-37,-1.5,0],"rotation":[0,0,2.5],"uv":{"north":{"uv":[26,78],"uv_size":[35,11]},"east":{"uv":[44,25],"uv_size":[2,11]},"south":{"uv":[26,78],"uv_size":[35,11]},"west":{"uv":[44,25],"uv_size":[2,11]},"up":{"uv":[2,0],"uv_size":[40,2]},"down":{"uv":[46,2],"uv_size":[40,-2]}}},{"origin":[-37,-9,1.1],"size":[27,5,0],"pivot":[-37,-1.5,-0.9],"rotation":[0,0,2.5],"uv":{"east":{"uv":[44,25],"uv_size":[2,11]},"south":{"uv":[52,93],"uv_size":[27,5]},"west":{"uv":[44,25],"uv_size":[2,11]},"up":{"uv":[2,0],"uv_size":[40,2]},"down":{"uv":[46,2],"uv_size":[40,-2]}}},{"origin":[-11,-3,0],"size":[2,6,0],"pivot":[-11,-1,0],"rotation":[0,0,17.5],"uv":{"east":{"uv":[70,39],"uv_size":[-2,11]},"south":{"uv":[80,72],"uv_size":[-2,5]},"west":{"uv":[46,25],"uv_size":[-2,11]},"up":{"uv":[68,37],"uv_size":[-40,2]},"down":{"uv":[86,2],"uv_size":[-40,-2]}}},{"origin":[-38,-1,0],"size":[2,4,0],"pivot":[-36,-1,0],"rotation":[0,0,-17.5],"uv":{"east":{"uv":[44,25],"uv_size":[2,11]},"south":{"uv":[78,72],"uv_size":[2,4]},"west":{"uv":[68,39],"uv_size":[2,11]},"up":{"uv":[28,37],"uv_size":[40,2]},"down":{"uv":[46,2],"uv_size":[40,-2]}}}]},{"name":"plankLower","parent":"plankUpper","pivot":[-23.5,-12.5,0.9],"cubes":[{"origin":[-35,-16,0],"size":[2,5,0],"pivot":[-33,-15,0],"rotation":[0,0,-17.5],"uv":{"east":{"uv":[44,25],"uv_size":[2,11]},"south":{"uv":[78,72],"uv_size":[2,5]},"west":{"uv":[68,39],"uv_size":[2,11]},"up":{"uv":[28,37],"uv_size":[40,2]},"down":{"uv":[46,2],"uv_size":[40,-2]}}},{"origin":[-14,-16,0],"size":[2,5,0],"pivot":[-14,-15,0],"rotation":[0,0,17.5],"uv":{"east":{"uv":[70,39],"uv_size":[-2,11]},"south":{"uv":[80,73],"uv_size":[-2,4]},"west":{"uv":[46,25],"uv_size":[-2,11]},"up":{"uv":[68,37],"uv_size":[-40,2]},"down":{"uv":[86,2],"uv_size":[-40,-2]}}},{"origin":[-37.5,-26,-1],"size":[28,11,2],"pivot":[-13.5,-15.5,0],"rotation":[0,0,-2.5],"uv":{"north":{"uv":[91,78],"uv_size":[-28,11]},"east":{"uv":[44,25],"uv_size":[2,11]},"south":{"uv":[91,78],"uv_size":[-28,11]},"west":{"uv":[44,25],"uv_size":[2,11]},"up":{"uv":[2,0],"uv_size":[40,2]},"down":{"uv":[46,2],"uv_size":[40,-2]}}},{"origin":[-33.5,-23,1.1],"size":[20,5,0],"pivot":[-13.5,-15.5,-0.9],"rotation":[0,0,-2.5],"uv":{"east":{"uv":[44,25],"uv_size":[2,11]},"south":{"uv":[58,103],"uv_size":[20,5]},"west":{"uv":[44,25],"uv_size":[2,11]},"up":{"uv":[2,0],"uv_size":[40,2]},"down":{"uv":[46,2],"uv_size":[40,-2]}}},{"origin":[-33.5,-23,-1.1],"size":[20,5,0],"pivot":[-13.5,-15.5,0.9],"rotation":[0,0,-2.5],"uv":{"north":{"uv":[58,103],"uv_size":[20,5]},"east":{"uv":[46,25],"uv_size":[-2,11]},"west":{"uv":[46,25],"uv_size":[-2,11]},"up":{"uv":[2,2],"uv_size":[40,-2]},"down":{"uv":[46,0],"uv_size":[40,2]}}}]}]}]}