{"format_version":"1.12.0","minecraft:geometry":[{"description":{"identifier":"geometry.hive.sky.island.flag.solar.system","texture_width":128,"texture_height":128,"visible_bounds_width":10,"visible_bounds_height":5,"visible_bounds_offset":[0,2.5,0]},"bones":[{"name":"root","pivot":[0,0,0]},{"name":"flag","parent":"root","pivot":[0,24,0],"cubes":[{"origin":[-3,0,-3],"size":[6,38,6],"uv":[0,37]},{"origin":[-45,2,-1],"size":[42,34,2],"uv":[0,0]},{"origin":[-45,2,-2.25],"size":[42,34,0],"pivot":[-24,19,-2.25],"rotation":[0,0,5],"uv":[29,79]},{"origin":[-45,2,-3.75],"size":[42,34,0],"pivot":[-24,19,-3.75],"rotation":[2.5,0,0],"uv":[29,36]},{"origin":[-45,2,4.25],"size":[42,34,0],"pivot":[-24,19,4.25],"rotation":[-2.5,0,0],"uv":[29,36]},{"origin":[-45,2,2.75],"size":[42,34,0],"pivot":[-24,19,2.75],"rotation":[0,0,5],"uv":[29,79]}]}]}]}