{"format_version":"1.12.0","minecraft:geometry":[{"description":{"identifier":"geometry.hive.hub.arcade.sign.sign","texture_width":64,"texture_height":64,"visible_bounds_width":15,"visible_bounds_height":7.5,"visible_bounds_offset":[0,3.25,0]},"bones":[{"name":"root","pivot":[0,0,0]},{"name":"arcadeSign","parent":"root","pivot":[-0.00001,0,0],"cubes":[{"origin":[-45.00014,18,-108.99119],"size":[90,60,4],"uv":{"north":{"uv":[0,0],"uv_size":[1,60]},"south":{"uv":[16,4],"uv_size":[16,12]},"up":{"uv":[7,4],"uv_size":[3,-4]},"down":{"uv":[7,4],"uv_size":[-1,-4]}}},{"origin":[-130.58592,18,-109.16276],"size":[88,60,4],"pivot":[-43.58592,48,-106.16276],"rotation":[0,45,0],"uv":{"north":{"uv":[0,0],"uv_size":[1,60]},"east":{"uv":[88,0],"uv_size":[0,64]},"south":{"uv":[16,4],"uv_size":[16,12]},"west":{"uv":[0,0],"uv_size":[0,64]},"up":{"uv":[10,4],"uv_size":[-3,-4]},"down":{"uv":[7,4],"uv_size":[-1,-4]}}},{"origin":[-132.58592,18,-109.16276],"size":[2,60,4],"pivot":[-43.58592,48,-106.16276],"rotation":[0,45,0],"uv":{"north":{"uv":[1,0],"uv_size":[2,60]},"east":{"uv":[7,0],"uv_size":[-4,60]},"south":{"uv":[16,4],"uv_size":[1,1]},"west":{"uv":[0,0],"uv_size":[0,64]},"up":{"uv":[9,4],"uv_size":[-2,-4]},"down":{"uv":[7,4],"uv_size":[-1,-4]}}},{"origin":[42.58597,18,-109.16276],"size":[88,60,4],"pivot":[43.58597,48,-106.16276],"rotation":[0,-45,0],"uv":{"north":{"uv":[1,0],"uv_size":[-1,60]},"east":{"uv":[0,0],"uv_size":[0,64]},"south":{"uv":[16,4],"uv_size":[16,12]},"up":{"uv":[7,4],"uv_size":[3,-4]},"down":{"uv":[6,4],"uv_size":[1,-4]}}},{"origin":[130.58597,18,-109.16276],"size":[2,60,4],"pivot":[43.58597,48,-106.16276],"rotation":[0,-45,0],"uv":{"north":{"uv":[3,0],"uv_size":[-2,60]},"east":{"uv":[0,0],"uv_size":[0,64]},"south":{"uv":[6,0],"uv_size":[1,60]},"west":{"uv":[3,0],"uv_size":[4,60]},"up":{"uv":[9,4],"uv_size":[1,-4]},"down":{"uv":[6,4],"uv_size":[1,-4]}}}]},{"name":"arcadeSign2","parent":"arcadeSign","pivot":[-0.00001,0,0],"rotation":[0,180,0],"cubes":[{"origin":[-45.00014,18,-108.99119],"size":[90,60,4],"uv":{"north":{"uv":[0,0],"uv_size":[1,60]},"south":{"uv":[16,4],"uv_size":[16,12]},"up":{"uv":[7,4],"uv_size":[3,-4]},"down":{"uv":[7,4],"uv_size":[-1,-4]}}},{"origin":[-130.58592,18,-109.16276],"size":[88,60,4],"pivot":[-43.58592,48,-106.16276],"rotation":[0,45,0],"uv":{"north":{"uv":[0,0],"uv_size":[1,60]},"east":{"uv":[88,0],"uv_size":[0,64]},"south":{"uv":[16,4],"uv_size":[16,12]},"west":{"uv":[0,0],"uv_size":[0,64]},"up":{"uv":[10,4],"uv_size":[-3,-4]},"down":{"uv":[7,4],"uv_size":[-1,-4]}}},{"origin":[-132.58592,18,-109.16276],"size":[2,60,4],"pivot":[-43.58592,48,-106.16276],"rotation":[0,45,0],"uv":{"north":{"uv":[1,0],"uv_size":[2,60]},"east":{"uv":[7,0],"uv_size":[-4,60]},"south":{"uv":[16,4],"uv_size":[1,1]},"west":{"uv":[0,0],"uv_size":[0,64]},"up":{"uv":[9,4],"uv_size":[-2,-4]},"down":{"uv":[7,4],"uv_size":[-1,-4]}}},{"origin":[42.58597,18,-109.16276],"size":[88,60,4],"pivot":[43.58597,48,-106.16276],"rotation":[0,-45,0],"uv":{"north":{"uv":[1,0],"uv_size":[-1,60]},"east":{"uv":[0,0],"uv_size":[0,64]},"south":{"uv":[16,4],"uv_size":[16,12]},"up":{"uv":[7,4],"uv_size":[3,-4]},"down":{"uv":[6,4],"uv_size":[1,-4]}}},{"origin":[130.58597,18,-109.16276],"size":[2,60,4],"pivot":[43.58597,48,-106.16276],"rotation":[0,-45,0],"uv":{"north":{"uv":[3,0],"uv_size":[-2,60]},"east":{"uv":[0,0],"uv_size":[0,64]},"south":{"uv":[6,0],"uv_size":[1,60]},"west":{"uv":[3,0],"uv_size":[4,60]},"up":{"uv":[9,4],"uv_size":[1,-4]},"down":{"uv":[6,4],"uv_size":[1,-4]}}}]}]}]}