{"minecraft:geometry":[{"description":{"identifier":"geometry.hive.replay.props.light.hanging.light","texture_width":64,"texture_height":64,"visible_bounds_width":4,"visible_bounds_height":5,"visible_bounds_offset":[0,1.5,0]},"bones":[{"name":"root","pivot":[0,0,0]},{"name":"stand","parent":"root","pivot":[0,0,0],"cubes":[{"origin":[-6,0,-2],"size":[12,8,4],"uv":{"north":{"uv":[34,4],"uv_size":[12,8]},"east":{"uv":[30,4],"uv_size":[4,8]},"south":{"uv":[50,4],"uv_size":[12,8]},"west":{"uv":[46,4],"uv_size":[4,8]},"up":{"uv":[34,0],"uv_size":[12,4]},"down":{"uv":[46,4],"uv_size":[12,-4]}}},{"origin":[-1,8,-1],"size":[2,8,2],"uv":{"north":{"uv":[2,23],"uv_size":[2,8]},"east":{"uv":[0,23],"uv_size":[2,8]},"south":{"uv":[6,23],"uv_size":[2,8]},"west":{"uv":[4,23],"uv_size":[2,8]},"up":{"uv":[2,21],"uv_size":[2,2]},"down":{"uv":[4,23],"uv_size":[2,-2]}}}]},{"name":"light","parent":"stand","pivot":[0,3.5,-1],"rotation":[7.5,0,0],"cubes":[{"origin":[-4,-3.5,-8],"size":[8,8,13],"uv":{"north":{"uv":[13,13],"uv_size":[8,8]},"east":{"uv":[0,13],"uv_size":[13,8]},"south":{"uv":[34,13],"uv_size":[8,8]},"west":{"uv":[21,13],"uv_size":[13,8]},"up":{"uv":[13,0],"uv_size":[8,13]},"down":{"uv":[21,13],"uv_size":[8,-13]}}},{"origin":[-6,4.5,-8],"size":[12,7,0],"pivot":[0,4.5,-8],"rotation":[25,0,0],"uv":{"north":{"uv":[9,32],"uv_size":[12,7]},"east":{"uv":[9,32],"uv_size":[0,7]},"south":{"uv":[21,32],"uv_size":[12,7]},"west":{"uv":[21,32],"uv_size":[0,7]},"up":{"uv":[9,32],"uv_size":[12,0]},"down":{"uv":[21,32],"uv_size":[12,0]}}},{"origin":[4,-5.5,-8],"size":[7,12,0],"pivot":[4,0.5,-8],"rotation":[0,25,0],"uv":{"north":{"uv":[16,40],"uv_size":[-7,12]},"east":{"uv":[16,40],"uv_size":[0,12]},"south":{"uv":[23,40],"uv_size":[-7,12]},"west":{"uv":[9,40],"uv_size":[0,12]},"up":{"uv":[16,40],"uv_size":[-7,0]},"down":{"uv":[23,40],"uv_size":[-7,0]}}},{"origin":[-6,-10.5,-8],"size":[12,7,0],"pivot":[0,-3.5,-8],"rotation":[-25,0,0],"uv":{"north":{"uv":[39,32],"uv_size":[12,7]},"east":{"uv":[40,32],"uv_size":[0,7]},"south":{"uv":[51,32],"uv_size":[12,7]},"west":{"uv":[52,32],"uv_size":[0,7]},"up":{"uv":[40,32],"uv_size":[12,0]},"down":{"uv":[52,32],"uv_size":[12,0]}}},{"origin":[-11,-5.5,-8],"size":[7,12,0],"pivot":[-4,0.5,-8],"rotation":[0,-25,0],"uv":{"north":{"uv":[9,40],"uv_size":[7,12]},"east":{"uv":[9,40],"uv_size":[0,12]},"south":{"uv":[16,40],"uv_size":[7,12]},"west":{"uv":[16,40],"uv_size":[0,12]},"up":{"uv":[9,40],"uv_size":[7,0]},"down":{"uv":[16,40],"uv_size":[7,0]}}}]}]}],"format_version":"1.12.0"}