{"format_version":"1.8.0","animations":{"animation.hive.hub.arcade.checkpoint.passed":{"animation_length":0.8,"bones":{"checkpoint":{"scale":{"0.0":[1,1,1],"0.08":[1,0.94,1],"0.16":[1,1.005,1],"0.28":[1,1,1]}},"hologram":{"scale":{"0.0":[0.1,0.4,1],"0.04":[0.15,0.8,1],"0.16":[1,1,1]}},"flag":{"rotation":{"0.0":[0,0,-82.5],"0.08":[0,0,-66.68182],"0.16":[0,0,4.5],"0.28":[0,0,-2.75],"0.4":[0,0,-1.37],"0.52":[0,0,-0.55],"0.68":[0,0,0]},"position":{"0.0":[0,-9,0],"0.08":[0,-7.36,0],"0.16":[0,0,0]},"scale":{"0.0":[0.1,0.1,1],"0.08":[0.5091,0.4273,1],"0.16":[1,1,1]}}}},"animation.hive.hub.arcade.checkpoint.passed.hold":{"animation_length":0.8},"animation.hive.hub.arcade.checkpoint.hidden":{"loop":"hold_on_last_frame","bones":{"hologram":{"scale":[0,0,1]},"flag":{"position":[0,-9,0],"scale":[0,0,1]}}}}}