{"format_version":"1.8.0","animations":{"animation.hive.hub.arcade.floatingplatform.timed.waiting":{"loop":"hold_on_last_frame","animation_length":1,"bones":{"bottomPivot":{"scale":{"0.0":[0,0,0]}}}},"animation.hive.hub.arcade.floatingplatform.timed.spawn":{"animation_length":0.76,"bones":{"bottomPivot":{"scale":{"0.0":[0,0,0],"0.08":[0.1053,0.1053,0.1053],"0.16":[0.4035,0.4035,0.4035],"0.2":[1,1,1],"0.28":[1.018,1.018,1.018],"0.36":[1.03,1.03,1.03],"0.52":[0.99,0.99,0.99],"0.68":[1,1,1]}}}},"animation.hive.hub.arcade.floatingplatform.timed.despawn":{"animation_length":0.84,"bones":{"bottomPivot":{"scale":{"0.0":[1,1,1],"0.08":[1.0133,1.0133,1.0133],"0.16":[1.02,1.02,1.02],"0.28":[0.9857,0.9857,0.9857],"0.4":[0.9,0.9,0.9],"0.56":[0,0,0]}}}},"animation.hive.hub.arcade.floatingplatform.timed.statechange":{"animation_length":0.48,"bones":{"bottomPivot":{"position":{"0.0":[0,0,0],"0.08":[0,-1,0],"0.12":[0,-0.5,0],"0.2":[0,-0.17,0],"0.32":[0,0,0]},"scale":{"0.0":[1,1,1],"0.08":[1.1,0.6525,1],"0.12":[1.03,0.84,1],"0.2":[1,0.9833,1],"0.28":[1,1.045,1],"0.36":[1,1.015,1],"0.48":[1,1,1]}}}},"animation.hive.hub.arcade.floatingplatform.timed.playerLand":{"animation_length":0.96,"bones":{"bottomPivot":{"position":{"0.0":[0,0,0],"0.04":[0,-0.25,0],"0.08":[0,-2,0],"0.16":[0,-0.5,0],"0.24":[0,0.03,0],"0.32":[0,0.125,0],"0.44":[0,0.01,0],"0.56":[0,-0.325,0],"0.64":[0,-0.075,0],"0.8":[0,-0.02,0],"0.96":[0,0,0]},"scale":{"0.04":[1,1,1],"0.08":[1.12,1.05,1.12],"0.12":[1.0575,0.9,1.0575],"0.2":[1,1.03,1],"0.32":[1,1,1]}}}},"animation.hive.hub.arcade.floatingplatform.disappearing.shakeLow":{"loop":true,"animation_length":0.12,"bones":{"bottomPivot":{"rotation":{"0.0":[0,0,0],"0.04":[0,0,-0.75],"0.08":[-0.75,0,0],"0.12":[0,0,-0.75]}}}},"animation.hive.hub.arcade.floatingplatform.disappearing.shakeMid":{"loop":true,"animation_length":0.12,"bones":{"bottomPivot":{"rotation":{"0.0":[0,0,0],"0.04":[-1.5,0,-1.5],"0.08":[-3.5,0,1.25],"0.12":[0,0,-1.5]}}}},"animation.hive.hub.arcade.floatingplatform.disappearing.fall":{"loop":"hold_on_last_frame","animation_length":0.4,"bones":{"root":{"position":{"0.0":[0,0,0],"0.04":[0,-0.79,0],"0.08":[0,-1.98,0],"0.24":[0,-19.26,0],"0.4":[0,-51,0]}},"bottomPivot":{"rotation":{"0.0":[0,0,0],"0.08":[0,0,0],"0.4":[0,0,-10]},"scale":{"0.08":[1,1,1],"0.2":[0.8333,0.8333,0.8333],"0.4":[0,0,0]}}}},"animation.hive.hub.arcade.floatingplatform.moving.idle.tilt":{"loop":true,"animation_length":2.03,"bones":{"bottomPivot":{"rotation":{"0.0":[0,0,-1.2],"0.12":[0,0,-1.1],"0.23":[0,0,-0.95],"0.52":[0,0,0.725],"0.86":[0,0,1.2],"0.98":[0,0,1.2],"1.27":[0,0,0.85],"1.74":[0,0,-0.95],"1.86":[0,0,-1.1],"2.03":[0,0,-1.2]}}}},"animation.hive.hub.arcade.floatingplatform.moving.idle.vibrate":{"loop":true,"animation_length":0.32,"bones":{"bottomPivot":{"rotation":{"0.0":[-0.35062,0,0.3506],"0.16":[0.4488,0,-0.4488],"0.32":[-0.35062,0,0.3506]}}}},"animation.hive.hub.arcade.floatingplatform.moving.idle.bob":{"loop":true,"animation_length":1.8,"bones":{"bottomPivot":{"position":{"0.0":[0,0,0],"0.2":[0,-0.08,0],"0.36":[0,-0.22,0],"0.56":[0,-0.78,0],"0.72":[0,-0.96,0],"0.84":[0,-1,0],"0.96":[0,-0.96,0],"1.08":[0,-0.78,0],"1.28":[0,-0.22,0],"1.52":[0,-0.06,0],"1.8":[0,0,0]}}}},"animation.hive.hub.arcade.floatingplatform.moving.playerLand":{"animation_length":0.88,"bones":{"bottomPivot":{"position":{"0.0":[0,0,0],"0.04":[0,-0.25,0],"0.08":[0,-2,0],"0.16":[0,-0.5,0],"0.24":[0,0.03,0],"0.32":[0,0.125,0],"0.44":[0,0.01,0],"0.56":[0,-0.325,0],"0.64":[0,-0.075,0],"0.76":[0,-0.02,0],"0.88":[0,0,0]},"scale":{"0.04":[1,1,1],"0.08":[1.12,1.05,1.12],"0.12":[1.0575,0.9,1.0575],"0.2":[1,1.03,1],"0.32":[1,1,1]}}}}}}