{"format_version":"1.8.0","animations":{"animation.hive.hub.arcade.hive.sign.spawn":{"loop":"hold_on_last_frame","animation_length":1.16,"bones":{"h":{"scale":{"0.52":[0,0,0],"0.72":[1.05,1.05,1.05],"0.84":[1.0083,1.0083,1.0083],"0.92":[1,1,1]}},"i":{"scale":{"0.6":[0,0,0],"0.8":[1.05,1.05,1.05],"0.92":[1.0083,1.0083,1.0083],"1.0":[1,1,1]}},"v":{"scale":{"0.68":[0,0,0],"0.88":[1.05,1.05,1.05],"1.0":[1.0083,1.0083,1.0083],"1.08":[1,1,1]}},"e":{"scale":{"0.76":[0,0,0],"0.96":[1.05,1.05,1.05],"1.08":[1.0083,1.0083,1.0083],"1.16":[1,1,1]}}}},"animation.hive.hub.arcade.hive.sign.scale":{"loop":true,"bones":{"root":{"scale":2.66667}}}}}