{"format_version":"1.8.0","animations":{"animation.hive.hub.arcade.jukebox.idle":{"loop":true,"animation_length":4.6,"bones":{"disc":{"rotation":{"0.0":[0,0,0],"4.6":[0,360,0]}}}},"animation.hive.hub.arcade.jukebox.songchange":{"loop":"hold_on_last_frame","animation_length":4.6,"bones":{"arm":{"position":{"0.0":[0,0,0],"0.08":[0,-0.3,0],"0.2":[0,2.28,0],"0.28":[0,1.925,0],"0.36":[0,2,0],"2.88":[0,2,0],"3.0":[0,2.4,0],"3.08":[0,2.475,0],"3.2":[0,-3.6,0],"3.28":[0,-3.5,0],"3.36":[0,-3.6,0],"4.24":[0,-3.6,0],"4.4":[0,0.5,0],"4.48":[0,-0.075,0],"4.6":[0,0,0]}},"hand":{"rotation":{"0.76":[0,0,0],"0.92":[0,-77.5,0],"1.04":[0,-70.75,0],"1.16":[0,-72.5,0],"1.68":[0,-72.5,0],"2.2":[0,72.5,0],"2.32":[0,68.5,0],"2.48":[0,70,0],"3.68":[0,70,0],"3.88":[0,-1.25,0],"3.96":[0,1.25,0],"4.08":[0,0,0]}},"disc":{"position":{"3.16":[0,0,0],"3.2":[0,1.775,0],"3.24":[0,0,0],"3.36":[0,0.3,0],"3.44":[0,-0.05,0],"3.56":[0,0,0]},"scale":{"0.72":[1,1,1],"0.8":[0.9444,1,0.9444],"0.88":[0.8333,1,0.8333],"0.96":[0,1,0],"3.16":[0,1,0],"3.2":[0.9,1,0.9],"3.24":[1,1,1]}},"discSolo":{"rotation":{"1.68":[0,0,0],"2.2":[0,142.5,0],"2.32":[0,139.75,0],"2.48":[0,142.5,0],"3.88":[0,142.5,0],"3.92":[0,0,0]},"position":{"1.68":[0,0,0],"1.8":[0,0.075,0],"3.12":[0,0.08,0],"3.16":[0,0,0]}},"rotate":{"rotation":{"0.76":[0,0,0],"0.84":[0,7,0],"0.96":[0,17.5,0],"1.68":[0,17.5,0],"4.24":[0,17.5,0],"4.28":[0,0,0]},"position":{"0.76":[0,0,0],"0.84":[-0.57,0,0.29],"0.96":[-4,0,2],"1.08":[-3.75,0,2],"1.2":[-3.8,0,2],"1.68":[-3.8,0,2],"1.92":[-4.475,0,2.475],"2.04":[-4.475,0,2.475],"2.2":[-2.35,0,0.1],"2.88":[-2.35,0,0.1],"3.0":[-2.35,0.35,0.1],"3.08":[-2.35,0.45,0.1],"3.16":[-1.52,-3.63,0.1],"3.2":[-1.1,-4.225,0.1],"3.28":[-1.1,-10.33,0.1],"4.24":[-1.1,-10.33,0.1],"4.28":[0,0,0]},"scale":{"3.08":[1,1,1],"3.12":[1,2.45,1],"3.16":[1,1.6,1],"3.2":[0.6,0.75,0.6],"3.24":[0,0,0],"4.28":[0,0,0],"4.32":[1,0.0225,1],"4.4":[1,1.0675,1],"4.48":[1,0.97,1],"4.6":[1,1,1]}}}}}}