{"format_version":"1.8.0","animations":{"animation.hive.hub.arcade.microgame.terminal.hidden":{"loop":true,"bones":{"sign":{"scale":[0,0,1]},"text":{"position":[0,0,0],"scale":[0.2,1,1]}}},"animation.hive.hub.arcade.microgame.terminal.proximity":{"loop":"hold_on_last_frame","animation_length":0.6,"bones":{"screen":{"position":{"0.0":[0,0,0],"0.04":[0,0,-2.1]},"scale":{"0.0":[1,1,1],"0.04":[0.04,0.04,1],"0.12":[0.337,0.046,1],"0.16":[0.7825,0.1625,1],"0.24":[1,1,1],"0.32":[1,0.9925,1],"0.4":[1,1,1]}},"sign":{"scale":{"0.0":[0,-0.1,1],"0.04":[0.775,0.12,1],"0.08":[0.8313,0.34,1],"0.24":[1,1,1],"0.32":[0.9583,1.05,1],"0.48":[1,0.965,1],"0.6":[1,1,1]}},"text":{"position":{"0.0":[0,0,0],"0.08":[0,-14.05,0],"0.24":[0,0,0]},"scale":{"0.08":[0.2,1,1],"0.2":[0.8125,1,1],"0.28":[1,1,1]}}}},"animation.hive.hub.arcade.microgame.terminal.hold":{"loop":"hold_on_last_frame","bones":{"screen":{"position":[0,0,-2.1]}}}}}