{"format_version":"1.8.0","animations":{"animation.hive.hub.arcade.searchlight.spawn":{"loop":"hold_on_last_frame","animation_length":2.4,"bones":{"beam":{"scale":{"0.0":[1,1,0],"0.12":[1,1,0.0101],"0.2":[1,1,0.0404],"0.48":[1,1,0.2315],"1.28":[1,1,0.8731],"1.6":[1,1,0.9592],"1.92":[1,1,0.9911],"2.4":[1,1,1]}}}},"animation.hive.hub.arcade.searchlight.idle":{"loop":true,"animation_length":12.64,"bones":{"light":{"rotation":{"0.0":[20,0,0],"0.32":[19.5,0,0],"0.52":[19,0,0],"1.04":[16,0,0],"3.36":[-10.11,0,0],"4.12":[-16.81,0,0],"4.64":[-18.84,0,0],"5.0":[-19.56,0,0],"5.48":[-20,0,0],"5.96":[-20,0,0],"6.44":[-20,0,0],"6.92":[-19.56,0,0],"7.28":[-18.84,0,0],"7.8":[-16.81,0,0],"8.56":[-10.11,0,0],"10.88":[16,0,0],"11.4":[19,0,0],"11.68":[19.5,0,0],"12.08":[20,0,0],"12.64":[20,0,0]}},"beam":{"scale":[1,1,"query.variant"]}}},"animation.hive.hub.arcade.searchlight.idle.spin":{"loop":true,"animation_length":59.92,"bones":{"rotate":{"rotation":{"0.0":[0,0,0],"59.92":[0,360,0]}}}},"animation.hive.hub.arcade.searchlight.beamDouble":{"loop":true,"bones":{"beam":{"scale":[1,1,2]}}}}}