{"format_version":"1.8.0","minecraft:client_entity":{"description":{"identifier":"hivehub:timed_platform","materials":{"default":"entity_alphatest","blend":"slime_outer"},"textures":{"blue":"textures/entity/hive/hub/arcade/platforms/blue","green":"textures/entity/hive/hub/arcade/platforms/green","orange":"textures/entity/hive/hub/arcade/platforms/orange","purple":"textures/entity/hive/hub/arcade/platforms/purple","red":"textures/entity/hive/hub/arcade/platforms/red"},"geometry":{"default":"geometry.hive.hub.arcade.floatingplatform"},"animations":{"waiting":"animation.hive.hub.arcade.floatingplatform.timed.waiting","spawn":"animation.hive.hub.arcade.floatingplatform.timed.spawn","statechange":"animation.hive.hub.arcade.floatingplatform.timed.statechange","despawn":"animation.hive.hub.arcade.floatingplatform.timed.despawn"},"animation_controllers":[{"default":"controller.animation.hive.hub.floatingplatform.timed"}],"render_controllers":["controller.render.hive.hub.arcade.floatingplatform"]}}}