{"content":[{"path":"models/entity/hive/territory/powerups/golden/powerup_golden_rain_of_pain.json","key":"IJJTYIELJE2BQ3BZUBIQK3TZQI6L4EAL"},{"path":"models/entity/hive/territory/projectiles/projectile_default_egg.json","key":"GWVNPGGPEID374TUOIO7A4GARKPU2UVY"},{"path":"entity/hive/territory/powerup/powerup_knockback_projectile.json","key":"JVVUKJF2TKI5CVTV7CA6P5Y2JZUXV5XD"},{"path":"models/entity/hive/territory/powerups/powerup_iron_man.json","key":"2MIUJFKJONXK3FG6LMGEVVAJ5YGTFWRD"},{"path":"models/entity/hive/territory/powerups/golden/powerup_golden_territory_expansion.json","key":"QSNYX5YA4SJ5OCQUFZMEVS3ZKYAX4I6X"},{"path":"textures/entity/hive/territory/powerups/golden/powerup_golden_territory_expansion.png","key":"2WBEVAFRENH6HIOINHN5XXSZ3RTC2GOC"},{"path":"textures/entity/hive/territory/powerups/powerup_refill_snow.png","key":"D7DT4PPTSLJLRAEFUJ7M3E4LJMNIRCGU"},{"path":"textures/entity/hive/territory/projectiles/powerup/projectile_blindness_powerup.png","key":"U6CKZTNRU4VP5ZFQNDWP4AWA434HJAFG"},{"path":"textures/entity/hive/territory/projectiles/projectile_default_egg.png","key":"3K67ESXTWFYWK76N5GIX3CU6DGCVTRWB"},{"path":"textures/entity/hive/territory/projectiles/projectile_earth.png","key":"4EJBPWT7WILGTHBR3N5VO623UFT7U3M6"},{"path":"entity/hive/territory/powerup/golden/powerup_golden_territory_expansion.json","key":"A2LMPWAUZ4IVQ7OXFY3XKJ2X3WMOOG3D"},{"path":"entity/hive/territory/powerup/golden/powerup_golden_destruction.json","key":"RQLWFM57QJ53N5CVHQXTWBT6SWZXV32F"},{"path":"entity/hive/territory/powerup/powerup_explosive_projectile.json","key":"LDVC2ZOMMZCMCM7V2VGMSPVANJD4EOBC"},{"path":"textures/entity/hive/territory/powerups/powerup_explosive_projectile.png","key":"LPHPBPLQXE6BW7OG62IWEN7KJNLBSG6F"},{"path":"models/entity/hive/territory/projectiles/projectile_puzzle_cube.json","key":"TEQTEKI2VWOA6JK4BL7B5OG264OSHKAT"},{"path":"textures/entity/hive/territory/projectiles/projectile_grass_block.png","key":"4UZATJZOPCE4GZNOPEEWACEKBM47OQQ3"},{"path":"render_controllers/hive/territory/powerup.json","key":"DUDWAOSUVRW724HDK2QNH6JIMSQDI7WF"},{"path":"models/entity/hive/territory/powerups/powerup_refill_ground.json","key":"POZIRS3XPZ5KK52TYZA2IV4MJJNIK5JU"},{"path":"models/entity/hive/territory/projectiles/powerup/projectile_knockback_powerup.json","key":"EYPZGNP45KLPIAYOVDDX6JWHSZEXU2BQ"},{"path":"models/entity/hive/territory/powerups/powerup_blindness_projectile.json","key":"DFL2DZ4YMYDJGJA3CEGWGD5WDYBMTGZ5"},{"path":"models/entity/hive/territory/projectiles/projectile_cupcake.json","key":"OKJGNZU3CCEPRS7ZNQPYGGDXONRTE632"},{"path":"models/entity/hive/territory/powerups/powerup_imposter.json","key":"QVHGJXBDIFGXVCUOF4ILXLH334TLPPXP"},{"path":"models/entity/hive/territory/powerups/powerup_explosive_projectile.json","key":"JSQMPHLD4HXZQC6THANFCBRDOMGEP7R6"},{"path":"textures/entity/hive/territory/powerups/powerup_iron_man.png","key":"DL347LYJUYZIDRKXXGDQMWKWZ76DHSYL"},{"path":"models/entity/hive/territory/powerups/powerup_knockback_projectile.json","key":"JQIJPUZZNYYNI6Z4X6XANHSS7KVIJO7X"},{"path":"textures/entity/hive/territory/powerups/powerup_imposter.png","key":"RTTDMCNCREXSDBDJVG5C7JOBQXZY35Y3"},{"path":"animations/hive/territory/powerup_imposter.json","key":"4Q6S6I5CU6ABUXNK6AJ37I343TZ2FK2L"},{"path":"animations/hive/territory/projectile.json","key":"EXXPSBQLKZJFKULPC7ROIRWBQGV4JWEU"},{"path":"animation_controllers/hive/territory/projectile.json","key":"N522XPLZAKRKSMKNMEHW5VBCEXOM7FCU"},{"path":"entity/hive/territory/projectile.json","key":"ORDA7RNQIRN2CCLLIYZ22JSGXONHGJGM"},{"path":"models/entity/hive/territory/projectiles/powerup/projectile_explosive_powerup.json","key":"LFQKWVBFPA3FAAQIL4KMFJGFTHALIFPZ"},{"path":"animations/hive/territory/golden/powerup_golden_territory_expansion.json","key":"B6SKFTYZLJSUMDXKBH6Q577AODFC5JIX"},{"path":"textures/entity/hive/territory/projectiles/projectile_eight_ball.png","key":"URUVJ4CG4CGMD3L5ZGCITWYBTZAJLBWH"},{"path":"entity/hive/territory/powerup/powerup_refill_snow.json","key":"Z2S5R2KVAPXAMPE6QJMIVRE4UKZQ2XEI"},{"path":"models/entity/hive/territory/projectiles/projectile_apple.json","key":"746JXXKCWOF37UWQIUWX6KP3TJ4LIFOF"},{"path":"textures/entity/hive/territory/projectiles/projectile_beach_ball.png","key":"BM3M2WERH75JFA7J74DWHKYMZXFDQWSU"},{"path":"animations/hive/territory/golden/powerup_golden_destruction.json","key":"Z6GAI6TNKK2VXNFPKZIGX5TDQYZUL65G"},{"path":"models/entity/hive/territory/projectiles/projectile_eight_ball.json","key":"BGYRI3IGUOISOIJAUBZ5MXVHHJLLP7WD"},{"path":"models/entity/hive/territory/projectiles/projectile_beach_ball.json","key":"5ANHQECETTDV3PMRWFA2CN4TWGXNEYDF"},{"path":"textures/entity/hive/territory/powerups/powerup_diamond_dave.png","key":"K7NIDEK75EMJEZ44VZK5QDNXY32OPS7V"},{"path":"textures/entity/hive/territory/projectiles/projectile_apple.png","key":"4L2WWUQGXKM5OYDLE757L737N623SG2I"},{"path":"render_controllers/hive/territory/powerup_iron_man.json","key":"6R2NXEWTGGUW33Z5FDCKMWZU433Y3BLX"},{"path":"entity/hive/territory/powerup/golden/powerup_golden_rain_of_pain.json","key":"KAQY6DEBLXWKQNZUMNKOHMUYFU4N2G4N"},{"path":"textures/entity/hive/territory/projectiles/powerup/projectile_explosive_powerup.png","key":"7BM62EFKU25G33SPQQK7KFTBYDWPIMRV"},{"path":"textures/entity/hive/territory/powerups/powerup_blindness_projectile.png","key":"HXA7YGPXCBZ6PWIW2NRKR6HVVPU2ZXY7"},{"path":"textures/entity/hive/territory/powerups/golden/powerup_golden_destruction.png","key":"DI2IYCF35K6SUZE3TQHVKH3SGGF7JPQ4"},{"path":"textures/entity/hive/territory/projectiles/powerup/projectile_knockback_powerup.png","key":"AMP64M74MABZJP3TNJCZ6DQG3TBIPLQ4"},{"path":"models/entity/hive/territory/powerups/golden/powerup_golden_destruction.json","key":"ZY6UC3HPHN435GRNKSZMMDHI535NC72Z"},{"path":"models/entity/hive/territory/powerups/powerup_refill_snow.json","key":"IJPT36GYWDNVKNPLIQRNPOGOU4QI5WVZ"},{"path":"animations/hive/territory/powerup_knockback_projectile.json","key":"E6JIG4VTLV72C6WZHJ5HYC532MW7XE2F"},{"path":"models/entity/hive/territory/projectiles/projectile_grass_block.json","key":"EH6VSFYQ4VIT4EM5DWE7QE3JV3UEORKO"},{"path":"textures/entity/hive/territory/projectiles/projectile_cupcake.png","key":"EVEA6RNRFXAYWBEWEMJ2IXY7MVAHQCIG"},{"path":"textures/entity/hive/territory/projectiles/projectile_cheese_burger.png","key":"ATN6VGJW4DLQO7PMLOWB37XSXRK6SLJH"},{"path":"animations/hive/territory/golden/powerup_golden_rain_of_pain.json","key":"D4Q6R6PLK5OEOONE7NT7RJAFPR2WTGPT"},{"path":"animations/hive/territory/powerup_refill_snow.json","key":"RQDEMD3RQRKYFZOCONFDE6HA7DBMHLP7"},{"path":"animation_controllers/hive/territory/powerup.json","key":"CPAMPPMVNVED7SX6E67SOGVHIKT5VAXR"},{"path":"entity/hive/territory/powerup/powerup_refill_ground.json","key":"B2ENF6UPS7HAX2XOXY5VJ3K2U7JS4DJW"},{"path":"models/entity/hive/territory/projectiles/powerup/projectile_blindness_powerup.json","key":"QU4VMORYX56HK5IXHKXS27H3MEMKC4MV"},{"path":"entity/hive/territory/powerup/powerup_iron_man.json","key":"ORDIIBY64SHEVMI6AHEXRD5JZUGCBKX7"},{"path":"animations/hive/territory/powerup.json","key":"FFKAZHVPOC2IT4C7AEH4H2V2QXXIJS2F"},{"path":"animations/hive/territory/powerup_explosive_projectile.json","key":"YQRR35INNFIRMLPOV3K6PF3SXPWYTUCQ"},{"path":"animations/hive/territory/powerup_blindness_projectile.json","key":"ZP2H66DWG7R6VV7FV5KOG3434X6O5PY6"},{"path":"entity/hive/territory/powerup/powerup_blindness_projectile.json","key":"KC3LAQWLMAQLCZYM6FKLZNEPRN43X2OB"},{"path":"models/entity/hive/territory/projectiles/projectile_cheese_burger.json","key":"JWZEAUPHQHR55HDVLQJ6BJ5PZS6UNZZS"},{"path":"textures/entity/hive/territory/powerups/golden/powerup_golden_rain_of_pain.png","key":"TWPDFAZ3BTFORL5CBMDZMVX5MPIFPCNV"},{"path":"entity/hive/territory/powerup/powerup_imposter.json","key":"PLHJAWLDY7U5FPTQJAAIZC3MNQJEYAYN"},{"path":"textures/entity/hive/territory/projectiles/projectile_puzzle_cube.png","key":"NQXD62DOQFONEQDPI7XOKTVBWDLWG6GB"},{"path":"animations/hive/territory/powerup_iron_man.json","key":"CSB7WIJGH7FDIDM2SPQLGRYNGIGCCIZG"},{"path":"render_controllers/hive/territory/projectile.json","key":"YTKN36WHBSQT5YC6RBHXPLNNXZ34R6HZ"},{"path":"textures/entity/hive/territory/powerups/powerup_knockback_projectile.png","key":"TYVD76TJTL434TOWD3DJ3Q2CQHH2TUAB"},{"path":"animations/hive/territory/powerup_refill_ground.json","key":"ZTYO3NFR3OOLUJNLH2M7Z5XPMN2RQLNN"},{"path":"textures/entity/hive/territory/powerups/powerup_refill_ground.png","key":"OI3ZC3JMCONLQHVWVE2HYJFRXQJSXG62"},{"path":"models/entity/hive/territory/projectiles/projectile_earth.json","key":"7NSRI3XTK4HCUSVRDDR34XA6NXKUSXCY"}]}