{"format_version":"1.8.0","animations":{"animation.hive.sg.launchpad_vertical.yeet":{"animation_length":0.76,"bones":{"piston":{"position":{"0.0":[0,-0.5,0],"0.06":[0,3.8,0],"0.13":[0,9.25,0],"0.28":[0,9.25,0],"0.38":[0,9.25,0],"0.56":[0,0.9,0],"0.62":[0,0.02,0],"0.66":[0,-0.2,0],"0.76":[0,0,0]}},"upperarm":{"position":{"0.0":[0,0,0],"0.06":[0,5,0],"0.13":[0,13,0],"0.17":[0,14.37,0],"0.2":[0,14.6,0],"0.23":[0,14.53,0],"0.28":[0,14,0],"0.38":[0,14,0],"0.4":[0,14.3,0],"0.44":[0,13.49,0],"0.56":[0,1.36,0],"0.62":[0,0.27,0],"0.66":[0,0,0]}}}}}}