{"format_version":"1.8.0","animations":{"animation.hive.territory.powerup.golden.rain.of.pain.spin":{"loop":true,"animation_length":6,"bones":{"root":{"rotation":{"0.0":[0,0,0],"6.0":[0,360,0]},"position":{"0.0":[0,0,0],"0.3":[0,0.196,0],"0.4":[0,0.476,0],"0.6":[0,0.896,0],"1.5":[0,3.892,0],"1.8":[0,4.228,0],"2.1":[0,4.312,0],"2.4":[0,4.365,0],"2.7":[0,4.34,0],"3.0":[0,4.34,0],"3.3":[0,4.312,0],"3.4":[0,4.228,0],"3.7":[0,3.892,0],"4.6":[0,0.896,0],"4.9":[0,0.476,0],"5.2":[0,0.196,0],"5.7":[0,0.056,0],"6.0":[0,0,0]}}}},"animation.hive.territory.powerup.golden.rain.of.pain.idle":{"loop":true,"animation_length":4,"bones":{"root":{"position":{"0.0":[0,0,0],"0.2":[0,0.07,0],"0.32":[0,0.17,0],"0.44":[0,0.32,0],"0.96":[0,1.39,0],"1.2":[0,1.51,0],"1.36":[0,1.54,0],"1.56":[0,1.55,0],"1.76":[0,1.55,0],"1.96":[0,1.55,0],"2.16":[0,1.54,0],"2.32":[0,1.51,0],"2.48":[0,1.39,0],"3.08":[0,0.32,0],"3.28":[0,0.17,0],"3.52":[0,0.07,0],"3.8":[0,0.02,0],"4.0":[0,0,0]}}}}}}