{"format_version":"1.8.0","animations":{"animation.hive.territory.powerup.golden.destruction.idle":{"loop":true,"animation_length":1.2,"bones":{"TNT":{"scale":{"0.08":[1,1,1],"0.16":[1.0098,0.9907,1.0091],"0.28":[1.0196,0.9814,1.0182],"0.6":[1.1375,0.87,1.1275],"0.88":[1.0262,0.9752,1.0243],"1.0":[1.0098,0.9907,1.0091],"1.12":[1,1,1]}},"mid":{"rotation":{"0.0":[0,0,1.5],"0.08":[0,0,-1.5],"0.16":[0,0,1.5],"0.24":[0,0,-1.5],"0.28":[0,0,1.5],"0.36":[0,0,-1.5],"0.44":[0,0,1.5],"0.52":[0,0,-1.5],"0.6":[0,0,1.5],"0.68":[0,0,-1.5],"0.76":[0,0,1.5],"0.8":[0,0,-1.5],"0.88":[0,0,1.5],"0.96":[0,0,-1.5],"1.04":[0,0,1.5],"1.12":[0,0,-1.5],"1.2":[0,0,1.5]}}}}}}