{"minecraft:geometry":[{"description":{"identifier":"geometry.hive.hub.game.ctf.male","texture_width":128,"texture_height":128,"visible_bounds_width":3,"visible_bounds_height":4,"visible_bounds_offset":[0,1,0]},"bones":[{"name":"root","pivot":[0,0,0]},{"name":"leftLeg","parent":"root","pivot":[1.9,12,0],"cubes":[{"origin":[-0.1,0,-2],"size":[4,12,4],"uv":[38,10],"mirror":true}]},{"name":"leftLegging","parent":"leftLeg","pivot":[1.9,12,0],"cubes":[{"origin":[-0.6,2,-1],"size":[5,2,4],"pivot":[2.4,3,0],"rotation":[15,0,0],"uv":[50,7],"mirror":true}]},{"name":"leftBoot","parent":"leftLeg","pivot":[1.9,12,0],"cubes":[{"origin":[-0.1,0,-4],"size":[4,3,2],"uv":[21,12],"mirror":true},{"origin":[0.9,2.75,-2.5],"size":[2,2,1],"pivot":[1.9,2.75,-2.5],"rotation":[12,0,0],"uv":[0,19]}]},{"name":"rightLeg","parent":"root","pivot":[-1.9,12,0],"cubes":[{"origin":[-3.9,0,-2],"size":[4,12,4],"uv":[38,10]}]},{"name":"rightLegging","parent":"rightLeg","pivot":[-1.9,12,0],"cubes":[{"origin":[-4.399,2,-1],"size":[5,2,4],"pivot":[-2.4,3,0],"rotation":[15,0,0],"uv":[50,7]}]},{"name":"rightBoot","parent":"rightLeg","pivot":[-1.9,12,0],"cubes":[{"origin":[-2.9,2.75,-2.5],"size":[2,2,1],"pivot":[-1.9,2.75,-2.5],"rotation":[12,0,0],"uv":[0,19],"mirror":true},{"origin":[-3.9,0,-4],"size":[4,3,2],"uv":[21,12]}]},{"name":"waist","parent":"root","pivot":[0,12,0]},{"name":"body","parent":"waist","pivot":[0,24,0],"cubes":[{"origin":[-4,12,-2],"size":[8,12,4],"uv":[0,35]},{"origin":[-3,12,-3],"size":[6,5,2],"pivot":[0,12,-2],"rotation":[5,0,0],"uv":[0,0]}]},{"name":"bodyArmor","parent":"body","pivot":[0,23,0],"cubes":[{"origin":[-5,21,0],"size":[10,4,6],"pivot":[0,22,0],"rotation":[7.5,0,0],"uv":[26,29]},{"origin":[-4,19,6],"size":[8,2,0],"pivot":[0,22,0],"rotation":[7.5,0,0],"uv":[21,10]}]},{"name":"head","parent":"body","pivot":[0,24,0],"cubes":[{"origin":[-4,24,-4],"size":[8,8,8],"uv":[0,19]},{"origin":[-5,27.75,-4.25],"size":[6,3,0],"pivot":[-1.5,28.75,-4.25],"rotation":[0,0,-7.5],"uv":[0,52]}]},{"name":"helmet","parent":"head","pivot":[0,25,0]},{"name":"leftEyebrow","parent":"helmet","pivot":[1,26.5,-4.2],"rotation":[0,0,-5],"cubes":[{"origin":[0.5,26.5,-4.2],"size":[3,1,0],"uv":[0,7],"mirror":true}]},{"name":"rightEyebrow","parent":"helmet","pivot":[-1,26.5,-4.2],"rotation":[0,0,5],"cubes":[{"origin":[-3.5,26.5,-4.2],"size":[3,1,0],"uv":[0,7]}]},{"name":"crown","parent":"head","pivot":[0,31.5,0],"rotation":[0,0,5],"cubes":[{"origin":[-4.5,30,-4.5],"size":[9,3,9],"inflate":0.2,"uv":[0,55]}]},{"name":"leftArm","parent":"body","pivot":[4,21.5,0],"cubes":[{"origin":[3.95689,16.73125,-3.1102],"size":[4,3,6],"uv":[38,39]},{"origin":[3.95689,11.73125,-2.1102],"size":[3,12,4],"uv":[24,39],"mirror":true}]},{"name":"rightArm","parent":"body","pivot":[-4,21.5,0],"cubes":[{"origin":[-7,12,-2],"size":[3,12,4],"uv":[24,39]},{"origin":[-8,17,-3],"size":[4,3,6],"uv":[38,39],"mirror":true}]},{"name":"flag","parent":"rightArm","pivot":[0,11,0],"cubes":[{"origin":[-6,11,-11],"size":[2,2,17],"uv":[0,0]},{"origin":[-5,2,-10],"size":[0,9,8],"uv":[0,0]}]}]}],"format_version":"1.12.0"}