{"format_version":"1.8.0","minecraft:client_entity":{"description":{"identifier":"hivehub:elevator_door","materials":{"default":"entity_alphatest"},"textures":{"default":"textures/entity/hive/hub/arcade/elevator/door","vip":"textures/entity/hive/hub/arcade/elevator/door_vip"},"geometry":{"default":"geometry.hive.hub.arcade.elevatordoor"},"animations":{"open":"animation.hive.hub.arcade.elevatordoors.open","hold":"animation.hive.hub.arcade.elevatordoors.open.hold","close":"animation.hive.hub.arcade.elevatordoors.close","call":"animation.hive.hub.arcade.elevatordoors.call"},"animation_controllers":[{"default":"controller.animation.hive.hub.elevatordoor"}],"render_controllers":["controller.render.hive.hub.arcade.elevator"]}}}