{"format_version":"1.8.0","minecraft:client_entity":{"description":{"identifier":"hivehub:elevator","materials":{"default":"entity_alphatest"},"textures":{"default":"textures/entity/hive/hub/arcade/elevator/elevator","vip":"textures/entity/hive/hub/arcade/elevator/elevator_vip"},"geometry":{"default":"geometry.hive.hub.arcade.elevator"},"animations":{"open":"animation.hive.hub.arcade.elevator.doors.open","hold":"animation.hive.hub.arcade.elevator.doors.hold","close":"animation.hive.hub.arcade.elevator.doors.close","start":"animation.hive.hub.arcade.elevator.doors.start"},"animation_controllers":[{"default":"controller.animation.hive.hub.elevator"}],"render_controllers":["controller.render.hive.hub.arcade.elevator"]}}}