{"format_version":"1.12.0","minecraft:geometry":[{"description":{"identifier":"geometry.hive.hub.arcade.table.large","texture_width":64,"texture_height":64,"visible_bounds_width":4,"visible_bounds_height":2.5,"visible_bounds_offset":[0,0.75,0]},"bones":[{"name":"root","pivot":[8,0,-8]},{"name":"table","parent":"root","pivot":[8,0,-8],"cubes":[{"origin":[-8,3,-6],"size":[0,6,6],"uv":{"north":{"uv":[6,19],"uv_size":[0,6]},"east":{"uv":[6,19],"uv_size":[6,6]},"south":{"uv":[12,19],"uv_size":[0,6]},"west":{"uv":[6,19],"uv_size":[-6,6]},"up":{"uv":[6,13],"uv_size":[0,6]},"down":{"uv":[6,19],"uv_size":[0,-6]}}},{"origin":[-8,3,0],"size":[0,6,6],"uv":{"north":{"uv":[6,19],"uv_size":[0,6]},"east":{"uv":[12,19],"uv_size":[-6,6]},"south":{"uv":[12,19],"uv_size":[0,6]},"west":{"uv":[6,19],"uv_size":[-6,6]},"up":{"uv":[6,13],"uv_size":[0,6]},"down":{"uv":[6,19],"uv_size":[0,-6]}}},{"origin":[8,3,0],"size":[0,6,6],"uv":{"north":{"uv":[6,19],"uv_size":[0,6]},"east":{"uv":[0,19],"uv_size":[6,6]},"south":{"uv":[12,19],"uv_size":[0,6]},"west":{"uv":[6,19],"uv_size":[6,6]},"up":{"uv":[6,13],"uv_size":[0,6]},"down":{"uv":[6,19],"uv_size":[0,-6]}}},{"origin":[8,3,-6],"size":[0,6,6],"uv":{"north":{"uv":[6,19],"uv_size":[0,6]},"east":{"uv":[0,19],"uv_size":[6,6]},"south":{"uv":[12,19],"uv_size":[0,6]},"west":{"uv":[12,19],"uv_size":[-6,6]},"up":{"uv":[6,13],"uv_size":[0,6]},"down":{"uv":[6,19],"uv_size":[0,-6]}}},{"origin":[-16,13,-16],"size":[16,3,16],"uv":{"north":{"uv":[32,16],"uv_size":[-16,3]},"east":{"uv":[48,16],"uv_size":[-16,3]},"south":{"uv":[64,16],"uv_size":[-16,3]},"west":{"uv":[16,16],"uv_size":[-16,3]},"up":{"uv":[32,0],"uv_size":[-16,16]},"down":{"uv":[48,16],"uv_size":[-16,-16]}}},{"origin":[-9,0,-9],"size":[3,10,3],"uv":{"north":{"uv":[6,3],"uv_size":[-3,10]},"east":{"uv":[9,3],"uv_size":[-3,10]},"south":{"uv":[12,3],"uv_size":[-3,10]},"west":{"uv":[3,3],"uv_size":[-3,10]},"up":{"uv":[6,0],"uv_size":[-3,3]},"down":{"uv":[9,3],"uv_size":[-3,-3]}}},{"origin":[-12,10,-12],"size":[12,3,12],"uv":{"north":{"uv":[24,31],"uv_size":[-12,3]},"east":{"uv":[12,31],"uv_size":[12,3]},"south":{"uv":[48,31],"uv_size":[-12,3]},"west":{"uv":[12,31],"uv_size":[-12,3]},"up":{"uv":[24,19],"uv_size":[-12,12]},"down":{"uv":[36,31],"uv_size":[-12,-12]}}},{"origin":[0,13,-16],"size":[16,3,16],"uv":{"north":{"uv":[16,16],"uv_size":[16,3]},"east":{"uv":[0,16],"uv_size":[16,3]},"south":{"uv":[48,16],"uv_size":[16,3]},"west":{"uv":[32,16],"uv_size":[16,3]},"up":{"uv":[16,0],"uv_size":[16,16]},"down":{"uv":[32,16],"uv_size":[16,-16]}}},{"origin":[6,0,-9],"size":[3,10,3],"uv":{"north":{"uv":[3,3],"uv_size":[3,10]},"east":{"uv":[0,3],"uv_size":[3,10]},"south":{"uv":[9,3],"uv_size":[3,10]},"west":{"uv":[6,3],"uv_size":[3,10]},"up":{"uv":[3,0],"uv_size":[3,3]},"down":{"uv":[6,3],"uv_size":[3,-3]}}},{"origin":[0,10,-12],"size":[12,3,12],"uv":{"north":{"uv":[12,31],"uv_size":[12,3]},"east":{"uv":[0,31],"uv_size":[12,3]},"south":{"uv":[36,31],"uv_size":[12,3]},"west":{"uv":[24,31],"uv_size":[-12,3]},"up":{"uv":[12,19],"uv_size":[12,12]},"down":{"uv":[24,31],"uv_size":[12,-12]}}},{"origin":[-6,3,-8],"size":[6,6,0],"uv":{"north":{"uv":[12,19],"uv_size":[-6,6]},"east":{"uv":[6,25],"uv_size":[0,6]},"south":{"uv":[12,25],"uv_size":[-6,6]},"west":{"uv":[0,25],"uv_size":[0,6]},"up":{"uv":[6,25],"uv_size":[-6,0]},"down":{"uv":[12,25],"uv_size":[-6,0]}}},{"origin":[0,3,-8],"size":[6,6,0],"uv":{"north":{"uv":[6,19],"uv_size":[6,6]},"east":{"uv":[0,25],"uv_size":[0,6]},"south":{"uv":[6,25],"uv_size":[6,6]},"west":{"uv":[6,25],"uv_size":[0,6]},"up":{"uv":[0,25],"uv_size":[6,0]},"down":{"uv":[6,25],"uv_size":[6,0]}}},{"origin":[0,3,8],"size":[6,6,0],"uv":{"north":{"uv":[6,19],"uv_size":[6,6]},"east":{"uv":[0,25],"uv_size":[0,6]},"south":{"uv":[6,25],"uv_size":[6,6]},"west":{"uv":[6,25],"uv_size":[0,6]},"up":{"uv":[0,25],"uv_size":[6,0]},"down":{"uv":[6,25],"uv_size":[6,0]}}},{"origin":[-6,3,8],"size":[6,6,0],"uv":{"north":{"uv":[12,19],"uv_size":[-6,6]},"east":{"uv":[6,25],"uv_size":[0,6]},"south":{"uv":[12,25],"uv_size":[-6,6]},"west":{"uv":[0,25],"uv_size":[0,6]},"up":{"uv":[6,25],"uv_size":[-6,0]},"down":{"uv":[12,25],"uv_size":[-6,0]}}},{"origin":[-16,13,0],"size":[16,3,16],"uv":{"north":{"uv":[32,50],"uv_size":[-16,3]},"east":{"uv":[48,50],"uv_size":[-16,3]},"south":{"uv":[64,50],"uv_size":[-16,3]},"west":{"uv":[16,50],"uv_size":[-16,3]},"up":{"uv":[32,34],"uv_size":[-16,16]},"down":{"uv":[48,50],"uv_size":[-16,-16]}}},{"origin":[-9,0,6],"size":[3,10,3],"uv":{"north":{"uv":[6,3],"uv_size":[-3,10]},"east":{"uv":[9,3],"uv_size":[-3,10]},"south":{"uv":[12,3],"uv_size":[-3,10]},"west":{"uv":[3,3],"uv_size":[-3,10]},"up":{"uv":[6,0],"uv_size":[-3,3]},"down":{"uv":[9,3],"uv_size":[-3,-3]}}},{"origin":[-12,10,0],"size":[12,3,12],"uv":{"north":{"uv":[24,31],"uv_size":[-12,3]},"east":{"uv":[24,31],"uv_size":[-12,3]},"south":{"uv":[12,31],"uv_size":[12,3]},"west":{"uv":[12,31],"uv_size":[-12,3]},"up":{"uv":[24,19],"uv_size":[-12,12]},"down":{"uv":[36,19],"uv_size":[-12,12]}}},{"origin":[0,13,0],"size":[16,3,16],"uv":{"north":{"uv":[16,50],"uv_size":[16,3]},"east":{"uv":[0,50],"uv_size":[16,3]},"south":{"uv":[48,50],"uv_size":[16,3]},"west":{"uv":[32,50],"uv_size":[16,3]},"up":{"uv":[16,34],"uv_size":[16,16]},"down":{"uv":[32,50],"uv_size":[16,-16]}}},{"origin":[6,0,6],"size":[3,10,3],"uv":{"north":{"uv":[3,3],"uv_size":[3,10]},"east":{"uv":[0,3],"uv_size":[3,10]},"south":{"uv":[9,3],"uv_size":[3,10]},"west":{"uv":[6,3],"uv_size":[3,10]},"up":{"uv":[3,0],"uv_size":[3,3]},"down":{"uv":[6,3],"uv_size":[3,-3]}}},{"origin":[0,10,0],"size":[12,3,12],"uv":{"north":{"uv":[12,31],"uv_size":[12,3]},"east":{"uv":[0,31],"uv_size":[12,3]},"south":{"uv":[24,31],"uv_size":[-12,3]},"west":{"uv":[12,31],"uv_size":[12,3]},"up":{"uv":[12,19],"uv_size":[12,12]},"down":{"uv":[24,19],"uv_size":[12,12]}}}]}]}]}