{"format_version":"1.12.0","minecraft:geometry":[{"description":{"identifier":"geometry.hive.hub.arcade.table.small","texture_width":64,"texture_height":64,"visible_bounds_width":2,"visible_bounds_height":2.5,"visible_bounds_offset":[0,0.75,0]},"bones":[{"name":"root","pivot":[2,0,2]},{"name":"table","parent":"root","pivot":[2,0,2],"cubes":[{"origin":[-8,13,-8],"size":[16,3,16],"uv":[0,0]},{"origin":[-2,3,-2],"size":[4,7,4],"uv":[0,0]},{"origin":[-4,10,-4],"size":[8,3,8],"uv":[0,19]},{"origin":[2,0,-2],"size":[7,6,0],"pivot":[2,0,-2],"rotation":[0,45,0],"uv":[28,30]},{"origin":[-9,0,-2],"size":[7,6,0],"pivot":[-2,0,-2],"rotation":[0,-45,0],"uv":[14,30]},{"origin":[-9,0,2],"size":[7,6,0],"pivot":[-2,0,2],"rotation":[0,45,0],"uv":[14,30]},{"origin":[2,0,2],"size":[7,6,0],"pivot":[2,0,2],"rotation":[0,-45,0],"uv":[14,30],"mirror":true}]}]}]}