{"minecraft:geometry":[{"description":{"identifier":"geometry.hive.hub.game.wars.female","texture_width":64,"texture_height":64,"visible_bounds_width":3,"visible_bounds_height":3,"visible_bounds_offset":[0,1.5,0]},"bones":[{"name":"root","pivot":[0,0,0]},{"name":"leftLeg","parent":"root","pivot":[1.9,12,0],"cubes":[{"origin":[-0.1,0,-2],"size":[4,12,4],"uv":[48,16],"mirror":true},{"origin":[-0.6,4,-2.5],"size":[5,3,5],"uv":[44,34],"mirror":true},{"origin":[-0.1,0,-3],"size":[4,3,1],"uv":[48,43],"mirror":true},{"origin":[0.9647,8.23325,-2.0625],"size":[3,4,0],"pivot":[2.4,12,-2],"rotation":[-15,0,-10],"uv":[25,16]}]},{"name":"rightLeg","parent":"root","pivot":[-1.9,12,0],"cubes":[{"origin":[-3.9,0,-2],"size":[4,12,4],"uv":[48,16]},{"origin":[-3.9,0,-3],"size":[4,3,1],"uv":[48,43]},{"origin":[-4.4,4,-2.5],"size":[5,3,5],"uv":[44,34]},{"origin":[-3.97297,7.9487,-1.41155],"size":[0,4,3],"pivot":[-3.9,12,-0.5],"rotation":[0,-5,20],"uv":[25,17]}]},{"name":"waist","parent":"root","pivot":[0,12,0]},{"name":"body","parent":"waist","pivot":[0,24,0],"cubes":[{"origin":[-4,12,-2],"size":[8,12,4],"uv":[0,0]},{"origin":[-1.5,12,-3],"size":[3,3,1],"uv":[24,9]},{"origin":[-4.73643,20.05507,-3],"size":[3,4,1],"pivot":[-3.25,20.5,-2.5],"rotation":[0,0,-10],"uv":[24,0]},{"origin":[1.73643,20.05507,-3],"size":[3,4,1],"pivot":[3.25,20.5,-2.5],"rotation":[0,0,10],"uv":[24,0],"mirror":true},{"origin":[-3.73643,18.05507,-3],"size":[2,2,1],"pivot":[-3.25,20.5,-2.5],"rotation":[0,0,-10],"uv":[24,5]},{"origin":[1.73643,18.05507,-3],"size":[2,2,1],"pivot":[3.25,20.5,-2.5],"rotation":[0,0,10],"uv":[24,5],"mirror":true},{"origin":[-3.5,8,2],"size":[7,5,0],"pivot":[0,13,2],"rotation":[25,0,0],"uv":[33,0]}]},{"name":"head","parent":"body","pivot":[0,24,0],"cubes":[{"origin":[-4,24,-4],"size":[8,6,8],"uv":[0,16]},{"origin":[-5,30,-5],"size":[10,2,10],"uv":[0,52]},{"origin":[-3.5,30.95659,-5.7538],"size":[7,3,1],"pivot":[0,31,-5],"rotation":[10,0,0],"uv":[0,48]},{"origin":[-3.5,30.95659,4.7538],"size":[7,3,1],"pivot":[0,31,5],"rotation":[-10,0,0],"uv":[0,38]},{"origin":[-3.5,33.95659,-5.7538],"size":[7,2,0],"pivot":[0,31,-5],"rotation":[10,0,0],"uv":[0,46]},{"origin":[-2.5,33.95659,5.7538],"size":[5,1,0],"pivot":[0,31,5],"rotation":[-10,0,0],"uv":[0,36]},{"origin":[-5.34,30.07,-4],"size":[1,3,8],"pivot":[-5,31,0],"rotation":[0,0,-20],"uv":[18,41]},{"origin":[4.34,30.07,-4],"size":[1,3,8],"pivot":[5,31,0],"rotation":[0,0,20],"uv":[18,41],"mirror":true},{"origin":[-5.34,33.07,-3],"size":[0,2,6],"pivot":[-5,31,0],"rotation":[0,0,-20],"uv":[0,37]},{"origin":[5.34,33.07,-3],"size":[0,2,6],"pivot":[5,31,0],"rotation":[0,0,20],"uv":[0,37],"mirror":true},{"origin":[-4,31,-4],"size":[8,3,8],"pivot":[0,33,0],"rotation":[-10,0,0],"uv":[31,50]},{"origin":[-3,18,4],"size":[6,6,0],"pivot":[0,24,4],"rotation":[10,0,0],"uv":[0,30]}]},{"name":"leftArm","parent":"body","pivot":[5,21.5,0],"cubes":[{"origin":[4,21.5,-2],"size":[5,3,4],"uv":[28,32],"mirror":true},{"origin":[4,12,-1.5],"size":[3,12,3],"uv":[34,17],"mirror":true},{"origin":[4,15,-2],"size":[4,3,4],"uv":[31,39],"mirror":true}]},{"name":"leftItem","parent":"leftArm","pivot":[6,15,0]},{"name":"rightArm","parent":"body","pivot":[-5,21.5,0],"cubes":[{"origin":[-7,12,-1.5],"size":[3,12,3],"uv":[34,17]},{"origin":[-8,15,-2],"size":[4,3,4],"uv":[31,39]},{"origin":[-9,21.5,-2],"size":[5,3,4],"uv":[28,32]}]},{"name":"telescope","parent":"rightArm","pivot":[0,0,0],"cubes":[{"origin":[-6.5,12.5,-9.5],"size":[3,3,5],"uv":[48,49]},{"origin":[-6,13,-4.5],"size":[2,2,3],"uv":[15,42]}]}]}],"format_version":"1.12.0"}