{"format_version":"1.12.0","minecraft:geometry":[{"description":{"identifier":"geometry.hive.sky.death.crate.cat.chest","texture_width":128,"texture_height":128,"visible_bounds_width":3,"visible_bounds_height":3,"visible_bounds_offset":[0,0.5,0]},"bones":[{"name":"root","pivot":[0,0,0]},{"name":"chest","parent":"root","pivot":[0,0,0],"cubes":[{"origin":[-8,0,-6],"size":[16,9,12],"uv":[0,18]},{"origin":[-1.5,2,6],"size":[3,3,9],"pivot":[0,2,6],"rotation":[20,0,0],"uv":[48,31]},{"origin":[-1.5,5,12],"size":[3,4,3],"pivot":[0,2,6],"rotation":[20,0,0],"uv":[0,0]},{"origin":[-9,6,-7],"size":[3,3,3],"uv":[41,53]},{"origin":[-9.01,6,4],"size":[3,3,3],"uv":[28,53]},{"origin":[6,6,-7],"size":[3,3,3],"uv":[41,53],"mirror":true},{"origin":[6.01,6,4],"size":[3,3,3],"uv":[28,53],"mirror":true},{"origin":[-9.4,0,-7],"size":[5,3,4],"pivot":[-7.4,3,-6],"rotation":[0,30,0],"uv":[51,0]},{"origin":[4.4,0,-7],"size":[5,3,4],"pivot":[7.4,3,-6],"rotation":[0,-30,0],"uv":[51,0]},{"origin":[-9,0,4],"size":[3,3,3],"uv":[15,53]},{"origin":[6,0,4],"size":[3,3,3],"uv":[15,53],"mirror":true}]},{"name":"lid","parent":"chest","pivot":[0,9,5],"cubes":[{"origin":[-9,9,-7],"size":[18,3,14],"uv":[0,0]},{"origin":[-9,12,-5],"size":[18,2,10],"uv":[0,40]},{"origin":[-9.5,18.4,0],"size":[6,2,0],"pivot":[-3.5,13.4,0],"rotation":[0,0,-25],"uv":[0,8]},{"origin":[-9.5,12.4,0],"size":[6,6,1],"pivot":[-3.5,13.4,0],"rotation":[0,0,-25],"uv":[0,53]},{"origin":[3.5,18.4,0],"size":[6,2,0],"pivot":[3.5,13.4,0],"rotation":[0,0,25],"uv":[0,8],"mirror":true},{"origin":[3.5,12.4,0],"size":[6,6,1],"pivot":[3.5,13.4,0],"rotation":[0,0,25],"uv":[0,53],"mirror":true}]},{"name":"nose","parent":"lid","pivot":[0,8,-8],"rotation":[-15,0,0],"cubes":[{"origin":[-4,8,-9],"size":[8,5,3],"uv":[45,18]}]},{"name":"whiskerLeft","parent":"nose","pivot":[4,8,-9],"rotation":[0,15,0],"cubes":[{"origin":[4,10,-9],"size":[5,3,0],"uv":[0,18]}]},{"name":"whiskerRight","parent":"nose","pivot":[-4,8,-9],"rotation":[0,-15,0],"cubes":[{"origin":[-9,10,-9],"size":[5,3,0],"uv":[0,22]}]}]}]}