{"format_version":"1.12.0","minecraft:geometry":[{"description":{"identifier":"geometry.hive.sky.death.crate.grand.ender.chest","texture_width":128,"texture_height":128,"visible_bounds_width":3,"visible_bounds_height":4,"visible_bounds_offset":[0,1,0]},"bones":[{"name":"root","pivot":[0,0,0]},{"name":"chest","parent":"root","pivot":[0,0,6],"cubes":[{"origin":[-8,0,-6],"size":[16,8,12],"uv":[0,20]},{"origin":[-2,3,-6],"size":[4,4,2],"pivot":[0,7,-6],"rotation":[-26.5,0,0],"uv":[0,41]},{"origin":[-9,0,-7],"size":[4,3,4],"uv":[57,28],"mirror":true},{"origin":[5,0,-7],"size":[4,3,4],"uv":[57,28]},{"origin":[5,0,3],"size":[4,3,4],"uv":[49,55]},{"origin":[-9,0,3],"size":[4,3,4],"uv":[49,55],"mirror":true}]},{"name":"handleRight","parent":"chest","pivot":[-8,7,0],"rotation":[0,0,37.5],"cubes":[{"origin":[-8,3,-3],"size":[4,4,6],"uv":[51,0]}]},{"name":"handleLeft","parent":"chest","pivot":[8,7,0],"rotation":[0,0,-37.5],"cubes":[{"origin":[4,3,-3],"size":[4,4,6],"uv":[51,0],"mirror":true}]},{"name":"lid","parent":"chest","pivot":[0,9,5],"cubes":[{"origin":[-9,7,-7],"size":[18,4,14],"uv":[0,0]},{"origin":[-10,8.5,-2],"size":[1,4,4],"pivot":[-10,10.5,0],"rotation":[45,0,0],"uv":[0,0]},{"origin":[9,8.5,-2],"size":[1,4,4],"pivot":[10,10.5,0],"rotation":[45,0,0],"uv":[0,0],"mirror":true},{"origin":[-9,11,-5],"size":[18,3,10],"uv":[33,41]},{"origin":[-9,14,-2],"size":[8,4,4],"pivot":[-9,14,0],"rotation":[0,0,28],"uv":[45,19]},{"origin":[1,14,-2],"size":[8,4,4],"pivot":[9,14,0],"rotation":[0,0,-28],"uv":[45,19],"mirror":true},{"origin":[-4,7,-8],"size":[8,8,16],"pivot":[0,11,-7],"rotation":[0,0,45],"uv":[0,41]}]},{"name":"pupilFront","parent":"lid","pivot":[0,11,-7],"cubes":[{"origin":[-2,9,-8.009],"size":[4,4,0],"pivot":[0,11,-7],"rotation":[0,0,45],"uv":[1,67]}]},{"name":"pupilBack","parent":"lid","pivot":[0,11,9],"cubes":[{"origin":[-2,9,8.009],"size":[4,4,0],"pivot":[0,11,9],"rotation":[0,0,45],"uv":[1,67]}]}]}]}