{"minecraft:geometry":[{"description":{"identifier":"geometry.hive.sky.death.crate.present","texture_width":64,"texture_height":64,"visible_bounds_width":2,"visible_bounds_height":4,"visible_bounds_offset":[0,1,0]},"bones":[{"name":"root","pivot":[0,0,0]},{"name":"present","parent":"root","pivot":[0,0,0],"cubes":[{"origin":[-6,0,-6],"size":[12,10,12],"uv":[0,20]}]},{"name":"lid","parent":"present","pivot":[0,9,0],"cubes":[{"origin":[-8,9,-8],"size":[16,4,16],"uv":[0,0]},{"origin":[-8,13,0],"size":[16,6,0],"pivot":[0,13,0],"rotation":[0,45,0],"uv":[16,42]},{"origin":[0,13,-8],"size":[0,6,16],"pivot":[0,13,0],"rotation":[0,45,0],"uv":[0,26]}]}]}],"format_version":"1.12.0"}