{"minecraft:geometry":[{"description":{"identifier":"geometry.hive.sky.death.crate.trash.can","texture_width":64,"texture_height":64,"visible_bounds_width":3,"visible_bounds_height":3,"visible_bounds_offset":[0,0.5,0]},"bones":[{"name":"root","pivot":[0,0,0]},{"name":"trashcan","parent":"root","pivot":[0,0,0],"cubes":[{"origin":[-6,0,-6],"size":[12,12,12],"uv":[0,24]},{"origin":[0,7,-6],"size":[6,5,0],"pivot":[0,12,-6],"rotation":[-7.5,0,0],"uv":[0,7]}]},{"name":"lid","parent":"trashcan","pivot":[0,11,0],"rotation":[0,0,-5],"cubes":[{"origin":[-5,15,0],"size":[10,4,0],"uv":[0,0]},{"origin":[-8,11,-8],"size":[16,4,16],"uv":[0,4]}]}]}],"format_version":"1.12.0"}