{"content":[{"path":"textures/entity/hive/sky/spawnvehicles/ufo.png","key":"CZP4UKTQGGCYF2M6U3QPUVKRIJSY25XI"},{"path":"models/entity/hive/sky/spawnvehicles/carpet.json","key":"G3W7GG3JPLAHNOHTSPYRACJXBFDOAAOB"},{"path":"particles/hive/sky/killeffects/banishing_3.particle.json","key":"JGF5A5NPP36HKHH4UWF2F6FWDQLHQGZL"},{"path":"textures/particle/hive/sky/killeffects/explosion.png","key":"ZZIYY7WKKQ3DBN2RFZJFBWMVM4SVPRFM"},{"path":"textures/entity/hive/sky/islandflags/mailbot_winter.png","key":"FZDEPBNMKJHY2AQIOUO7GDX72B3QEGEZ"},{"path":"textures/entity/hive/sky/deathcrates/grand_ender_chest.png","key":"SIVKXPZHBJ4BRHK26ZXFBLG4CURHUALG"},{"path":"models/entity/hive/sky/islandflags/junkyard.json","key":"CIJMFFKBAQ43IWLIOBLZMFSPRIEREVUD"},{"path":"textures/entity/hive/sky/deathcrates/sunken_chest.png","key":"7OOR4YUZQYKFJ65PY5GOXIYLJM7LAIEH"},{"path":"textures/particle/hive/sky/projectiletrails/skulls.png","key":"YPNKC3LJ7PKCIZFWPBJEAA4Y2335QNYV"},{"path":"sounds/sound_definitions.json","key":"LTJU4E2BHLWEOGXQFOOMEOPTM55DPEQ5"},{"path":"textures/entity/hive/sky/islandflags/nether.png","key":"PZHJGGHD7HNMQW3MWXDGCCLWBE2LU6DM"},{"path":"models/entity/hive/sky/deathcrates/package.json","key":"6D7Y3TLUWNHKVY4PU5M4MWATZXY3S3UF"},{"path":"textures/entity/hive/sky/islandflags/royal.png","key":"26G5PSUQYHQCLIU7UZEYUZFFCT4QRJEI"},{"path":"textures/entity/hive/sky/islandflags/heart_of_gold.png","key":"YNIFHNZGARTE4NK4LG73EKAVOK5BAQPN"},{"path":"models/entity/hive/sky/world_border.json","key":"LY7MIYM6AO7GI7RNV4PXCWPX4Y7XGQNI"},{"path":"models/entity/hive/sky/spawnvehicles/winter_magic.json","key":"MHVGABYS37HILAN42HGU7XZGK5T7V5RJ"},{"path":"models/entity/hive/sky/spawnvehicles/balloon.json","key":"IQ2BMDNRMZDKTLUIOXHLWHMP54VM6GFC"},{"path":"models/entity/hive/sky/spawnvehicles/big_cat.json","key":"6OUG3UA55QI64ZWBN2WOU2PW44TRCJB4"},{"path":"textures/entity/hive/sky/deathcrates/dark_magma.png","key":"XE5WDFYPM46G2ZUF37N7LSRN5AUJQARP"},{"path":"textures/particle/hive/sky/killeffects/hearts.png","key":"UCCVRUOW777DGQ3OMPECS5MVNBNC4B6L"},{"path":"textures/particle/hive/sky/projectiletrails/donuts.png","key":"WL7IVNK4G4X2TZ425JO4UYP7NYWSLYYH"},{"path":"textures/entity/hive/sky/islandflags/grumpus.png","key":"5E74LXQPKI36HTSMQPHZJBN7K66PFZQ3"},{"path":"particles/hive/sky/killeffects/butterflies.particle.json","key":"BMOPTMC6AAIH22ZAUWGOPQA6APOTNKJP"},{"path":"textures/entity/hive/sky/islandflags/default.png","key":"RC2KLIGBP5CVDTPW6LLHJBGNZZD4IMG5"},{"path":"entity/hive/sky/world_border.json","key":"IEWQMXC272RYLO3GLZJEAAGBEPARUSO2"},{"path":"textures/entity/hive/sky/islandflags/junkyard.png","key":"IURY4JWXGR7LBLDGJAL6NGYUCF6IP2OA"},{"path":"models/entity/hive/sky/spawnvehicles/drone.json","key":"VEOUV36ZZ3CLEBGGACITRGRUXJDXUBXK"},{"path":"particles/hive/sky/killeffects/snow_flurry_2.particle.json","key":"QDBSMJV6CLWDO4KUKJCWUHAZW6OE46S2"},{"path":"textures/entity/hive/sky/spawnvehicles/ghastly.png","key":"OY54WDFWNSARIPX6GKZRFV2AZLHFOYTJ"},{"path":"textures/entity/hive/sky/spawnvehicles/pegasus.png","key":"BOEQBGRA3JF6UTTDJBFG5SFC3O7I5SBW"},{"path":"particles/hive/sky/projectiletrails/gg.particle.json","key":"3YCDUEU4MHMWQIAGRGG7MNKLFUYX2VWM"},{"path":"textures/particle/hive/sky/deathcrates/golden_pegasus.png","key":"EABFLZQPSJIVVGGITYSGWBZO37XX7OZF"},{"path":"animations/hive/sky/spawnvehicles/solar_orbit.json","key":"MHSMFMFMEZI3NB3IP7HEDSYELGYLCZXM"},{"path":"textures/entity/hive/sky/islandflags/unicorn.png","key":"3CCUXYJ4HWQMQILHY457E2BPQ27APNDS"},{"path":"particles/hive/sky/kits/void_warp.particle.json","key":"RA2GUR26IT6B2QEEPBVFVUFO2KCH5MCK"},{"path":"models/entity/hive/sky/deathcrates/trash_can.json","key":"2GYE3NZVVXADXLOGRHQIXUVRAPPKC2F7"},{"path":"models/entity/hive/sky/islandflags/heart_of_gold.json","key":"XTMDBO77ZNCUUZRNBGJWZEHUAEKBJLR3"},{"path":"sounds/hive/sky/killeffects/confetti.ogg","key":"WLGQJJNKSW65U2IG4UBJI5HTUQPCSFN4"},{"path":"particles/hive/sky/projectiletrails/golden_nuggets.particle.json","key":"OGBGN7D4IXBXMSKWFHVDEZS2JWZCWVZR"},{"path":"models/entity/hive/sky/spawnvehicles/hoverbike.json","key":"B2R4SXKBCMGGSSZELCQT32LUY7I26KYZ"},{"path":"textures/entity/hive/sky/islandflags/tree.png","key":"5AFGMM24O2GXQPDSLLZZDVDURBVZHAV3"},{"path":"models/entity/hive/sky/deathcrates/adventurers_backpack.json","key":"MGF5E6DPXW22UZKLXH7D2EQUYOKJUZEL"},{"path":"textures/particle/hive/sky/killeffects/banishing.png","key":"MA56AM2GTAE4SEEK5ZA4ELPA3VP3QMD5"},{"path":"textures/entity/hive/sky/islandflags/pirate_tavern.png","key":"E4AL7M5H35EMLWFOP4OWFD6FT5UPN4VT"},{"path":"textures/particle/hive/sky/killeffects/bubble_burst.png","key":"OK2OMXQYM42LXKQ46IRGIWVUG4AEF2SS"},{"path":"models/entity/hive/sky/spawnvehicles/ufo.json","key":"K7BV4U64FEK5TRJB62MITCTMXMSD4I6U"},{"path":"render_controllers/hive/sky/kits/shield_cocoon.json","key":"D7R45MNEWRF5YNENNZV6WWEXINKU2SII"},{"path":"textures/entity/hive/sky/islandflags/earth.png","key":"4RGPSDOIJV3HWIM5F5RFKYQOCQOTEQBW"},{"path":"animation_controllers/hive/sky/bundle_collectors.json","key":"OCSGSURB3I462TOMJEFPLLP3PU735QWA"},{"path":"models/entity/hive/sky/kits/bridge_builder.json","key":"CMITHJIBWGQRUYIMW37WNCSC4OGOGKDG"},{"path":"textures/entity/hive/sky/deathcrates/default.png","key":"46IRXDXPQT3ONWWUHDQVXU7VQJHYUHR6"},{"path":"animations/hive/sky/spawnvehicles/hoverbike.json","key":"NXX5FM2WWJZS76FH3H3FODAQNM3GHCNE"},{"path":"models/entity/hive/sky/spawnvehicles/money.json","key":"7UFMSXLTCTO6DC5R2XP7FJHM22TTVRUW"},{"path":"textures/entity/hive/sky/deathcrates/trash_can.png","key":"JLU3KK4LVC5YBXKZUU4XIA2HOIQZ7VCP"},{"path":"textures/entity/hive/sky/islandflags/slime_monster.png","key":"E5KNG2JJLYAJMNG2LOYZPEQ6B6ZDJHIV"},{"path":"sounds/hive/sky/killeffects/bubble_burst.ogg","key":"FQKIPU3HUKPQJDZDYQOQPEQ2ZHVOUJU2"},{"path":"textures/entity/hive/sky/spawnvehicles/umbrella.png","key":"6WFB2EWWVQDPULCLI5L6AQJ2AKGD3LSL"},{"path":"models/entity/hive/sky/kits/shield_cocoon.json","key":"NF5CRXPAOXHCUR5VHCTFW5BZEBSHP4S4"},{"path":"animations/hive/sky/kits/bridge_builder.json","key":"BTTNML6HW5PMO4DJQ35KVATQWYI5D5UA"},{"path":"models/entity/hive/sky/spawnvehicles/pegasus.json","key":"T7NJNFLCL6O4VK5LE63UZZMM2RMMF6E2"},{"path":"entity/hive/sky/death_crate.json","key":"7K7EGPM4PQWLJJDOOHR4F7DRTGO5UBFM"},{"path":"textures/particle/hive/sky/killeffects/confetti.png","key":"2JVRNIXWJJ5JGWIGD65PENCZ2252XAEL"},{"path":"textures/entity/hive/sky/spawnvehicles/sleigh.png","key":"KIDSZVB3Z6SBDYZFBHQHQ5UJP34K4L3H"},{"path":"models/entity/hive/sky/deathcrates/dark_magma.json","key":"4NBAV6YYKP5GAXS6CV3L4XSA3UDRNYXR"},{"path":"textures/particle/hive/sky/killeffects/kaching.png","key":"WACCX2N3AN5CAKOYQQVFLQCYX54FXACP"},{"path":"textures/entity/hive/sky/spawnvehicles/big_cat.png","key":"QV44MJXAVMEOOGKJL2JPZPQUKP5DTCMO"},{"path":"textures/entity/hive/sky/spawnvehicles/rubber_ducky.png","key":"74YBZWSCLHV6XFDEFRDLFG76UMYASXL6"},{"path":"models/entity/hive/sky/spawnvehicles/island.json","key":"SHIAINF54CJ7CH5VMAXF66UA22ROBRQI"},{"path":"models/entity/hive/sky/islandflags/donut.json","key":"RASHZO2NDLWX3X2GTAO6LYFZHF5LEZHA"},{"path":"animations/hive/sky/spawnvehicles/ghastly.json","key":"K4V7EKJ5ACVS2K6Y3MRDCLWCAVAMENJS"},{"path":"animations/hive/sky/deathcrates/dark_magma.json","key":"3IVNHBJUMZRMRYPSGRHY3R23WVSIYNVF"},{"path":"models/entity/hive/sky/deathcrates/royal_chest.json","key":"4ZEIO7534EOBKTJ2AFXQXIM3KMA3ZKKD"},{"path":"textures/entity/hive/sky/islandflags/penguin.png","key":"KCV5N2KMYZAVZN6NVHEHXFRUP44CXKH4"},{"path":"textures/entity/hive/sky/spawnvehicles/parachute.png","key":"M2MOOACE6VDFWA44NAW7Y23SP2UIRM6N"},{"path":"particles/hive/sky/killeffects/snow_flurry_1.particle.json","key":"ANOTTEFPODX75476ZJYNQE2BOXCO6WNU"},{"path":"render_controllers/hive/sky/world_border.json","key":"E7VKNK247WDLY646YDW2TJOJUQCGM5A4"},{"path":"models/entity/hive/sky/deathcrates/toolbox.json","key":"FMKK4FBTYAFVMRBA3CJ2Q4UROFWQ3OPI"},{"path":"textures/entity/hive/sky/spawnvehicles/pig.png","key":"FPHLZIPX6FBVFV4S3HJTACEW7RT55TZD"},{"path":"textures/particle/hive/sky/projectiletrails/diamonds.png","key":"WRUHBM47G2CXHWV5EW5L5LT5AYULO2VD"},{"path":"particles/hive/sky/killeffects/bubble_burst.particle.json","key":"U3HV5QZM5GC42JHVXWZMECYHYUGCBZVE"},{"path":"render_controllers/hive/sky/bundle_collectors.json","key":"QNKOIQWHOSOMED6L23KGRDO3SAN4LYDQ"},{"path":"textures/entity/hive/sky/islandflags/donut.png","key":"3RXGASPDHMOAKWAN6DULDSJFXG7644NN"},{"path":"entity/hive/sky/spawn_vehicle.json","key":"WOXB5QLE5NTUVLF7DYR5LBNGWAMRS4NI"},{"path":"particles/hive/sky/spawnvehicles/sorcery_magic.particle.json","key":"6S2OV3JJI62NFSCFBJFQSHPT6URFGAVM"},{"path":"models/entity/hive/sky/deathcrates/golden_pegasus.json","key":"WRFSTLDCMP2LZXQ225OGH23RSPYASJ7M"},{"path":"textures/entity/hive/sky/islandflags/sunflower.png","key":"XYCEUR56ZX3ICQ7N2YDOYHQWKHBTVYAA"},{"path":"textures/entity/hive/sky/islandflags/eggman.png","key":"Q7V5JU6OKD3EFUFK5OVW4OTAYGXKDJ73"},{"path":"sounds/hive/sky/killeffects/rainbow_burst.ogg","key":"X7IHFIFHM5RKOVWRMPHUQIROZFE4CMKU"},{"path":"particles/hive/sky/projectiletrails/skulls.particle.json","key":"QCDVACV4DNIUNXFEAROHJUY7WH4WVG3D"},{"path":"textures/entity/hive/sky/mystery_chest.png","key":"3VDP2WNT2QOEMRHKQQK3JEVSTYTS7RNF"},{"path":"models/entity/hive/sky/epic_chest.json","key":"6K3X2AK2NRQ6UKX7AONMNYTRYR6KPOQ3"},{"path":"particles/hive/sky/projectiletrails/diamonds.particle.json","key":"L44FPZBXRNGQDDFRETRCN3PINNW5SBG4"},{"path":"models/entity/hive/sky/spawnvehicles/flamingo_floaty.json","key":"34MTHIS6OCVVB2H3KACDESXXC7X6S27B"},{"path":"animation_controllers/hive/sky/spawn_vehicle.json","key":"C7LOGHWRMHUVQKWPBIFZUF5T2TMIPWGC"},{"path":"models/entity/hive/sky/deathcrates/present.json","key":"GXMNKVWUCGRNJLU24DQUYXQAB6CQSDHI"},{"path":"sounds/hive/sky/killeffects/chicken_pop.ogg","key":"KCI7TW5VC4HWXY4A54ILTF5K6UJO5RLG"},{"path":"textures/entity/hive/sky/islandflags/dealt_hand.png","key":"Q7WYOJTYHQ27XOPYSV5RWBUTG7LCNO2A"},{"path":"textures/entity/hive/sky/islandflags/marooned.png","key":"JYL734LRC43OLK3NH4CRCPAUV33WGEG5"},{"path":"models/entity/hive/sky/spawnvehicles/parachute.json","key":"27M6Q7NDWDEVCXUUY4LYMRSCEB2IDAYK"},{"path":"particles/hive/sky/deathcrates/sunken_chest_bubble_burst.particle.json","key":"ZKIJBOMNMKATJEXWJ3FZWMPZCUQDYTQL"},{"path":"textures/entity/hive/sky/deathcrates/present.png","key":"NYZVYTVWNNPGB63L4BTJLPR3U6EZWN7S"},{"path":"textures/entity/hive/sky/spawnvehicles/hoverboard.png","key":"ZQA7IBXHAPUSIGRNMHKATGTJ3EPQLBLS"},{"path":"models/entity/hive/sky/deathcrates/default.json","key":"J656OMYM2RIEIYBK4GN6X3AW3IFIQG6V"},{"path":"textures/particle/hive/sky/projectiletrails/ender.png","key":"HX5QIFU5VK2WQKM6RKYKFL4OKVTQLARB"},{"path":"particles/hive/sky/projectiletrails/flower_power.particle.json","key":"EM3EDBRP7JML6LDYJESTR3MGONZJ75HH"},{"path":"models/entity/hive/sky/spawnvehicles/sleigh.json","key":"KIZG2IHSCAUSG73SV6RU22ZOJZSUMJ3I"},{"path":"models/entity/hive/sky/spawnvehicles/star_speeder.json","key":"TA2WGCWEY4O4IFBYBFSALPKH2ZX4IUIK"},{"path":"particles/hive/sky/projectiletrails/donuts.particle.json","key":"BFE4SBZMBABBJ5P45YDPUYFN444VFLK4"},{"path":"particles/hive/sky/killeffects/chicken_pop.particle.json","key":"LRF3RWVP27RILMRD5XJBHRPHGSSNOFZB"},{"path":"textures/entity/hive/sky/spawnvehicles/winter_magic.png","key":"LFPLEPT5XFEQYASOJSWJUSU22NERKZCD"},{"path":"textures/particle/hive/sky/projectiletrails/golden_nuggets.png","key":"OMZER43UREGUQ7RWM54YIPCEKGRVRAI7"},{"path":"textures/entity/hive/sky/islandflags/daisy.png","key":"FJ4AXFPP6VX2H2KAX32X6CRTQXKVJET2"},{"path":"textures/particle/hive/sky/killeffects/rainbow_burst.png","key":"JVCEECCKENDDC5BZTAKMIL33RZPKQQ2A"},{"path":"textures/entity/hive/sky/islandflags/cosy_home.png","key":"WZRETF75X46D7FDWCUD7MQ54XYWFTWAF"},{"path":"models/entity/hive/sky/deathcrates/barrel.json","key":"5ZNJIK7KX5HK7KODW3Z3FKAG4HSQOA2W"},{"path":"textures/entity/hive/sky/islandflags/creeper.png","key":"M4TBSZTJ5NJN2NNZPTFOGGN6QSMGDXPD"},{"path":"textures/entity/hive/sky/deathcrates/toolbox.png","key":"HGSIMMIZ4J5ZZK73RAAAQCV6NUI5WFWK"},{"path":"textures/entity/hive/sky/spawnvehicles/balloon.png","key":"LTOCE5O7DO4JAIDH3JGTCZ55JY74YPFW"},{"path":"textures/entity/hive/sky/spawnvehicles/carpet.png","key":"6A4X6A6Q6W2TV2IV32VIRRXLRP3INEYN"},{"path":"textures/entity/hive/sky/spawnvehicles/cloud.png","key":"O3IE7ZPZMGV3NUUI3NLMJVFBDYVFB4NQ"},{"path":"sounds/hive/sky/killeffects/snow_flurry.ogg","key":"5PTMMWZGFDPAJUZCWK22Z6S7ZFIX6P6U"},{"path":"sounds/hive/sky/killeffects/hearts.ogg","key":"BBZYOXR26HJBELFPFKTGYBHUKMYG3DWX"},{"path":"models/entity/hive/sky/deathcrates/sunken_chest.json","key":"F6S45MYX46O4GSZQADTFFRIKBAGT7CY5"},{"path":"models/entity/hive/sky/spawnvehicles/hovercar.json","key":"ZBAT3UYWUQUNHXIC4U4Q3RFT347P6BE2"},{"path":"particles/hive/sky/kits/shield.particle.json","key":"WH5IBRCLVHO3WOOUJKLIENB7DGNJR7UJ"},{"path":"particles/hive/sky/spawnvehicles/pegasus.particle.json","key":"J67R53YYWRKSGERG42D55ISAKNPP3LHQ"},{"path":"textures/entity/hive/sky/deathcrates/cat_chest.png","key":"ZTEHVIJWETJHCW4UCGCBLTPUIFYD6KV2"},{"path":"textures/entity/hive/sky/spawnvehicles/flamingo_floaty.png","key":"OBDQK7DFBCGHPNPTIB6BI57JVF3KXEMS"},{"path":"particles/hive/sky/spawnvehicles/sorcery_enchantment.particle.json","key":"RZBXMRTHQAB6I7HKI2ONHXS4CMVTOQPZ"},{"path":"textures/entity/hive/sky/islandflags/sonic.png","key":"TCF74ZUSDDE2OQOTPRPPR7AOOY42EX73"},{"path":"models/entity/hive/sky/islandflags/pirate_tavern.json","key":"XEW2CVHS262276SOILLJY2BFRDQTFS3T"},{"path":"models/entity/hive/sky/spawnvehicles/broomstick.json","key":"6MQHB52DRT7CRGHHFSFW35Q5VP4KAZUL"},{"path":"textures/entity/hive/sky/spawnvehicles/broomstick.png","key":"PP4UL3ABSDULBSDPUGVKOCKW5V6CQJC5"},{"path":"animation_controllers/hive/sky/death_crate.json","key":"NA5TR6CPC22UB5BA3CWSD3G2T5F53QL6"},{"path":"textures/entity/hive/sky/islandflags/pirate.png","key":"UGYAOTUYUHKOJH6CEV5PQ37UYK5F5JIJ"},{"path":"particles/hive/sky/killeffects/confetti.particle.json","key":"6DQMGIFSWBT4GFWC5U2FM2KZLJBHENX2"},{"path":"textures/entity/hive/sky/islandflags/jack_o_lantern.png","key":"LCBI5ZQT4A6DICBXBK2HDT5MSEMLNCYS"},{"path":"textures/entity/hive/sky/spawnvehicles/island.png","key":"XKI44G6JY35HI5KWRTFH46RXOYDQMQPC"},{"path":"textures/particle/hive/sky/killeffects/butterflies.png","key":"CO5RS56FGK7R7RTZN4OR6U7V3GWABA6Z"},{"path":"textures/entity/hive/sky/islandflags/star.png","key":"6CBTPQANGRPNP7CRZNZU7TMARFPHIR4S"},{"path":"particles/hive/sky/killeffects/hearts.particle.json","key":"PYNHPIJOG7RANJXWVMIBRLWVTWSHME5C"},{"path":"particles/hive/sky/projectiletrails/ender.particle.json","key":"AV7JP52ZDR4W2TLNYKJQIAZ3HBYJL72P"},{"path":"render_controllers/hive/sky/island_flag.json","key":"BT6EIMIIU4AQZUJO2HDLYUSMKIX5XOPV"},{"path":"textures/entity/hive/sky/islandflags/money.png","key":"QF7DKXAKPM65MHPKQ5ELKPOAAGMLUU2N"},{"path":"textures/entity/hive/sky/deathcrates/package.png","key":"Z5FD3AE2KCA2OD5Z6T5QCDRN536DOK4D"},{"path":"textures/entity/hive/sky/spawnvehicles/hearse.png","key":"27FLMBW3CXZPNCJQ6PBXBBH2YEKFR5FT"},{"path":"textures/particle/hive/sky/spawnvehicles/sorcery_magic.png","key":"BEL6L3T67MPCQEOJSGZPVRR3AECSQDE2"},{"path":"models/entity/hive/sky/deathcrates/cat_chest.json","key":"AD5OQQDEZ5UX4Q2HVY4ST3KOZR2ND7Y2"},{"path":"animations/hive/sky/deathcrates/sunken_chest.json","key":"42AVM4JXNEFFKNCF7GVI7WFB4US7FGBK"},{"path":"sounds/hive/sky/killeffects/kaching.ogg","key":"X3BWEJITVNWF2DMOGZREQRLZCCI6RANY"},{"path":"animation_controllers/hive/sky/shield_cocoon.json","key":"66A3A7OKJML2DTWHIEWZAGEEKQBZI3IT"},{"path":"textures/entity/hive/sky/spawnvehicles/star_speeder.png","key":"ZADYUAXG2MNMMOXN4AXS32BRZUEQBPKO"},{"path":"entity/hive/sky/mystery_chest.json","key":"N4WJNDRFLDZ2JS6ZC227USQYFEMOP2RZ"},{"path":"textures/entity/hive/sky/spawnvehicles/eggman.png","key":"LWELVGQAWECRXFDWHHGS63SYEGLSNEQ5"},{"path":"particles/hive/sky/killeffects/rainbow_burst.particle.json","key":"EBMNMTCKYABFM4CBARVJYVJ3G6BT5BCW"},{"path":"animations/hive/sky/spawnvehicles/sorcery.json","key":"IXDCWOQK6KWA24L2ICMAYNWKTM2JQ3BR"},{"path":"sounds/hive/sky/killeffects/banishing.ogg","key":"GEBPSYW6QRQ3HBS3YYQIOGSG26JTH2P4"},{"path":"entity/hive/sky/island_flag.json","key":"HUG3WRYQMRPDQZVWVZW335GN2GDJJBNQ"},{"path":"particles/hive/sky/killeffects/banishing_1.particle.json","key":"4URCHGYB5D2M6PSGX4IFTR4PUG4DZFHJ"},{"path":"particles/hive/sky/killeffects/kaching.particle.json","key":"2QNIIIJLAHVYHR3WNJ4E3C4QE47QXKNQ"},{"path":"sounds/hive/sky/kits/void_warp.ogg","key":"J7LR6OL6QZ4BXAMPR2WN3ATTIHVEBI5D"},{"path":"entity/hive/sky/bridge_builder.json","key":"4PQIOM2JOVIRUEZPH75II33XMLZC2QPF"},{"path":"textures/particle/hive/sky/projectiletrails/flower_power.png","key":"TYIX36O4TQZJZ42ESSEMQLD5D3BGMAMQ"},{"path":"models/entity/hive/sky/spawnvehicles/rubber_ducky.json","key":"PBNHG43IIXD6VIAVDLRKERXDDTQB3SES"},{"path":"textures/entity/hive/sky/islandflags/solar_system.png","key":"R7MVGFZETJIF54E5PJTHAR5XKWRBDX7Y"},{"path":"textures/entity/hive/sky/spawnvehicles/money.png","key":"WZA4V4FNUNE3GDABXCU3EWH3VEKRYMYK"},{"path":"textures/entity/hive/sky/islandflags/bee.png","key":"LPJGVO3UZGKEHH7XK6BNAVLFB4L5Z5A3"},{"path":"models/entity/hive/sky/spawnvehicles/eggman.json","key":"VGHZ5M3E7R4Z4OPIDE7NJXNFIX7KWO3I"},{"path":"textures/entity/hive/sky/spawnvehicles/drone.png","key":"BPYG3O2OESJVG5EMYJWHLQLMWNWZD27D"},{"path":"textures/particle/hive/sky/spawnvehicles/ghastly_fire.png","key":"AD5BTR76DH3QLXAFYUBWWCVO2EXBTRWS"},{"path":"models/entity/hive/sky/mystery_chest.json","key":"BAVOYBM3CPHHMWGHTJ4CKH3GDTQRLTRJ"},{"path":"textures/entity/hive/sky/deathcrates/royal_chest.png","key":"DQH5LIFAE3ET2BTVKGTI6SPQ2MRJ7S5G"},{"path":"textures/entity/hive/sky/islandflags/cat.png","key":"3NFVF7666P3ACAL7VK26I4L3KOEN7VDX"},{"path":"models/entity/hive/sky/bundle/collectors.json","key":"2WCXYTWSFYB3JTOWJDIPZXRNC7BSMUNN"},{"path":"models/entity/hive/sky/spawnvehicles/pig.json","key":"MPZRQC6PYT5GP5YGOAPRGKHBBUBAQWIC"},{"path":"models/entity/hive/sky/spawnvehicles/umbrella.json","key":"EH2VTRXLUY7ACSOOUT6QKIFI5JJSQ7SU"},{"path":"animations/hive/sky/deathcrates/golden_pegasus.json","key":"7MYH4ZHTCOYXTT7F6ZV2J6SZAVSPJEMG"},{"path":"particles/hive/sky/deathcrates/dark_magma.particle.json","key":"EYJPSPVRAK7J7OWDK3YXRRZTA4MHQO6G"},{"path":"models/entity/hive/sky/islandflags/dealt_hand.json","key":"EOM6UCY4GTIBJS6V7GKDD54F6SMBDUC5"},{"path":"textures/particle/hive/sky/killeffects/chicken_pop.png","key":"2QSE6J24ST7SMFFVG2QKFZLKGYXV5LSG"},{"path":"animation_controllers/hive/sky/bridge_builder.json","key":"NHSHZA65TFYLPU2SNQSBTOT7MEO45L2J"},{"path":"textures/particle/hive/sky/deathcrates/sunken_chest.png","key":"3UESMMUJWVPGZWTBFIWUSATBBEFLXMHZ"},{"path":"textures/entity/hive/sky/kits/bridge_builder.png","key":"PMPGRGSY5RLVQ4JMJAKQ5TIBTBIB4RTZ"},{"path":"models/entity/hive/sky/deathcrates/grand_ender_chest.json","key":"HX5TXWZL7CQ54HCHAL7ATXNXWWYRXKNE"},{"path":"models/entity/hive/sky/islandflags/solar_system.json","key":"PMAXXSCKH4FPMYUCDZQ5CXMFAHCUY3NS"},{"path":"entity/hive/sky/bundle_collectors.json","key":"R4USW2SNCLUMUY7ESI6LQ2NIQUEWJYW3"},{"path":"textures/entity/hive/sky/spawnvehicles/hoverbike.png","key":"UGYPB4I5BAJ55BYH5H7W3YD2OL5AAP6B"},{"path":"particles/hive/sky/spawnvehicles/solar_orbit.particle.json","key":"BDUZ5H3CMCHV42CRGM5XXVSM66CNGCF3"},{"path":"models/entity/hive/sky/spawnvehicles/cloud.json","key":"ZDMOOONNRF2OJ57IAVPKWEOXYPVYNXNV"},{"path":"textures/particle/hive/sky/projectiletrails/gg.png","key":"KEEN7BE35HPCGBBMJLPEHKBPAMVPIYO2"},{"path":"particles/hive/sky/deathcrates/sunken_chest_bubble_out.particle.json","key":"QTBKWI63U53DM3P7XT36PP5Y535RYPCL"},{"path":"render_controllers/hive/sky/spawn_vehicle.json","key":"NX2WFU7GUKUFBW6Y7TFDKFSBZU2FUFUC"},{"path":"models/entity/hive/sky/spawnvehicles/ghastly.json","key":"LNZU4FUQHF6QW7FMORV4GA5S7UQCZBUI"},{"path":"textures/entity/hive/sky/world_border.png","key":"GILWNDOJUE7YUG2TQKC6RBY6SGSG62AF"},{"path":"particles/hive/sky/spawnvehicles/ghastly_fire.particle.json","key":"LOT5PUDBLAIOV7SBNC7RQ6SG4MFYCF6R"},{"path":"textures/entity/hive/sky/spawnvehicles/hovercar.png","key":"EHAVK5XS3YAKTVZ3GTOZGB3OFEOPAPRY"},{"path":"animations/hive/sky/deathcrates/grand_ender_chest.json","key":"5ASKWFRZ4NZKSOIU7OONOUQSQVKNG3XP"},{"path":"particles/hive/sky/killeffects/banishing_2.particle.json","key":"Z44XD7TKU65FX7LM5ZACBDDPRIXH42YR"},{"path":"models/entity/hive/sky/spawnvehicles/hearse.json","key":"Z55SXRR7E2LX6OAZU2YAFP4S26RZWRF7"},{"path":"textures/entity/hive/sky/islandflags/sealife.png","key":"XFH5KHPBSEFI2BNGJ3PUQ2ZTBIOJEJSB"},{"path":"animations/hive/sky/kits/shield_cocoon.json","key":"37MXSYNCHSRRQ373E24GOCSROL7OTVR7"},{"path":"particles/hive/sky/deathcrates/golden_pegasus.particle.json","key":"3UVTEVCA2Q3E3Q2LSIRUZMRAHIR4SNUY"},{"path":"textures/entity/hive/sky/islandflags/sun.png","key":"4SADC7NMEPWHZDU7XB35KESXIDBO2ZRU"},{"path":"sounds/hive/sky/killeffects/butterflies.ogg","key":"IU4MRT6NIQKFBMUIHX3I5R634CUV2JMI"},{"path":"textures/entity/hive/sky/deathcrates/golden_pegasus.png","key":"T5S5PPWTVIMGGJMOLJH62JHKFWYMNO4X"},{"path":"textures/entity/hive/sky/islandflags/moon.png","key":"W4QMGF7DIBZUQ2RMACX3N52GFLBBLJMS"},{"path":"models/entity/hive/sky/islandflags/cosy_home.json","key":"WBPESZLPHUHZFMYQAGHUM5PWGMJRZ77Q"},{"path":"models/entity/hive/sky/islandflags/default.json","key":"CUS7WDSIYWR7AUJJWYBS67EXCCGPMAL7"},{"path":"sounds/hive/sky/killeffects/explosion.ogg","key":"P5ZUEWZGGNMRIK5QGC2PUZ2BOZTVDB62"},{"path":"textures/entity/hive/sky/deathcrates/adventurers_backpack.png","key":"IE2XWLCIHAH2WEWLWHDSYIY4FV3GNYBX"},{"path":"textures/entity/hive/sky/spawnvehicles/sorcery.png","key":"L2Q3NXVZMMDN5NG6EGPUAGR2HWE4NR3C"},{"path":"models/entity/hive/sky/spawnvehicles/hoverboard.json","key":"KLL3VKHJHCP6US5Y3BDTP3VXLVM5ZTWJ"},{"path":"particles/hive/sky/deathcrates/grand_ender_chest.particle.json","key":"EGQ2OIILDGJFWMBTBNJP6JOUBTW56QGZ"},{"path":"textures/particle/hive/sky/deathcrates/grand_ender_chest.png","key":"YOH6BCGYX7ISPDIZAQXRZEFCELMNB2U2"},{"path":"render_controllers/hive/sky/death_crate.json","key":"BUV4PJXIFKYX4XBMWHGJP2QONBGXOLQO"},{"path":"textures/entity/hive/sky/bundle/collectors.png","key":"LNPVEC5C5QY2UJJSUYBISR3VYN3UHA7C"},{"path":"textures/entity/hive/sky/deathcrates/barrel.png","key":"HKXYRWZFSFQ6BLKOJVDCTWCWZENUDNSD"},{"path":"textures/particle/hive/sky/spawnvehicles/solar_orbit.png","key":"XYNCHUY7ILA3PVFBQTLQLJ2NYOTRUNA5"},{"path":"entity/hive/sky/shield_cocoon.json","key":"SCHUTSOJDX7SJNW6NYI6YWH2JDPELS6Q"},{"path":"textures/entity/hive/sky/epic_chest.png","key":"DUBZXYPEE7ZEZ4D6YZMPZOIO3QDLVC23"},{"path":"animations/hive/sky/spawnvehicles/pegasus.json","key":"GNW3QODVECGPE63AM2LCULHENE2QTZ3C"},{"path":"models/entity/hive/sky/spawnvehicles/solar_orbit.json","key":"7WDRNY6T5NXSSTSJ3TFRFSWSVKJZ3LFW"},{"path":"entity/hive/sky/royale_epic_chest.json","key":"E5LO4JZP4DFNOVDMLPQQRXEVLDHAJKSY"},{"path":"particles/hive/sky/killeffects/explosion.particle.json","key":"IZ33YVYYQTZYQXM6CBMAUAEVMJCKKJGQ"},{"path":"textures/entity/hive/sky/spawnvehicles/solar_orbit.png","key":"TIOTCRBKFFF7GERL2T5RKVLXO75Q7HGY"},{"path":"models/entity/hive/sky/spawnvehicles/sorcery.json","key":"IZJCD5AIPABWVWU22UCCPA4IMRM5UWXM"}]}