{"format_version":"1.10.0","animation_controllers":{"controller.animation.hive.sky.spawn.vehicle":{"states":{"default":{"transitions":[{"sorcery":"query.variant \u003d\u003d 20"},{"ghastly":"query.variant \u003d\u003d 21"},{"solar_orbit":"query.variant \u003d\u003d 23"},{"hoverbike":"query.variant \u003d\u003d 24"},{"pegasus":"query.variant \u003d\u003d 25"}]},"sorcery":{"animations":["sorcery_idle","sorcery_book"],"particle_effects":[{"effect":"sorcery_magic","locator":"root"},{"effect":"sorcery_enchantment","locator":"book"}]},"ghastly":{"animations":["ghastly_idle","ghastly_legs"],"particle_effects":[{"effect":"ghastly_fire","locator":"righteye"},{"effect":"ghastly_fire","locator":"lefteye"}]},"solar_orbit":{"animations":["solar_orbit_idle","solar_orbit_rocket"],"particle_effects":[{"effect":"solar_orbit","locator":"sun"}]},"hoverbike":{"animations":["hoverbike_idle"]},"pegasus":{"animations":["pegasus_idle"],"particle_effects":[{"effect":"pegasus","locator":"leftwing"},{"effect":"pegasus","locator":"rightwing"}]}}}}}