{"format_version":"1.8.0","animations":{"animation.hive.territory.powerup.spin":{"loop":true,"animation_length":6,"bones":{"root":{"rotation":{"0.0":[0,0,0],"6.0":[0,360,0]}}}},"animation.hive.territory.powerup.waiting":{"loop":"hold_on_last_frame","animation_length":1,"bones":{"root":{"scale":0}}},"animation.hive.territory.powerup.spawn":{"animation_length":1,"bones":{"root":{"rotation":{"0.0":[0,180,0],"0.6":[0,360,0]},"position":{"0.0":[0,-7,0],"0.04":[0,-5.25,0],"0.16":[0,6.25,0],"0.28":[0,8,0],"0.44":[0,8.435,0],"0.52":[0,6.25,0],"0.6":[0,-1.25,0],"0.76":[0,-0.175,0],"0.96":[0,0,0]},"scale":{"0.0":[0.1,0.1,0.1],"0.32":[1,1,1]}}}},"animation.hive.territory.powerup.despawn":{"loop":"hold_on_last_frame","animation_length":0.84,"bones":{"root":{"scale":{"0.0":[1,1,1],"0.04":[0.9744,0.9744,0.9744],"0.24":[0.6585,0.6585,0.6585],"0.32":[0.439,0.439,0.439],"0.4":[0,0,0]}}}}}}