{"format_version":"1.8.0","animations":{"animation.hive.territory.powerup.imposter.idle":{"loop":true,"animation_length":5.28,"bones":{"imposter":{"scale":{"1.08":[1,1,1],"1.16":[1,0.9533,1],"1.24":[1,0.93,1],"1.4":[1,1.0075,1],"1.6":[1,1,1],"3.6":[1,1,1],"3.72":[1,0.9533,1],"3.8":[1,0.93,1],"4.04":[1,1.0075,1],"4.32":[1,1,1]}},"eyelid":{"scale":{"1.08":[1,1,1],"1.24":[1,5.8,1],"1.36":[1,1,1],"1.48":[1,1.3,1],"3.56":[1,1.3,1],"3.68":[1,2.2,1],"3.8":[1,5.8,1],"3.88":[1,2.6,1],"3.92":[1,1.4,1],"4.04":[1,1,1]}},"eyes":{"position":{"0.16":[0,0,0],"0.28":[-0.55,0,0],"0.4":[-0.475,0,0],"1.24":[-0.47,0,0],"1.32":[1.03,0.75,0],"1.52":[0.955,0.5,0],"2.52":[0.96,0.5,0],"2.68":[0.635,0.5,0],"2.76":[0.715,0.5,0],"3.68":[0.72,0.5,0],"3.8":[0,0,0]}},"eyebrowRight":{"position":{"0.16":[0,0,0],"0.32":[0,0.5,0],"1.24":[0,0.5,0],"1.36":[0,0,0]},"scale":{"3.68":[1,1,1],"3.76":[1,0.9533,1],"3.84":[1,0.93,1],"4.0":[1,1.0075,1],"4.2":[1,1,1]}},"eyebrows":{"position":{"1.08":[0,0,0],"1.24":[0,-1.675,0],"1.4":[0,0.325,0],"1.52":[0,0,0]}}}},"animation.hive.territory.powerup.imposter.spawn":{"animation_length":0.96,"bones":{"root":{"rotation":{"0.0":[0,180,0],"0.6":[0,360,0]},"position":{"0.0":[0,-7,0],"0.04":[0,-5.25,0],"0.16":[0,6.25,0],"0.28":[0,8,0],"0.44":[0,8.435,0],"0.52":[0,6.25,0],"0.6":[0,-1.25,0],"0.76":[0,-0.175,0],"0.96":[0,0,0]},"scale":{"0.0":[0.1,0.1,0.1],"0.32":[1,1,1]}},"eyebrows":{"position":{"0.0":[0,-3,0],"0.48":[0,5,0],"0.64":[0,-0.325,0],"0.8":[0,0,0]}}}}}}