{"format_version":"1.8.0","animations":{"animation.hive.territory.powerup.refill.ground.idle":{"loop":true,"animation_length":1.04,"bones":{"refill":{"rotation":{"0.0":[0,0,-7.5],"0.4":[0,0,-9],"0.52":[0,0,7.5],"0.92":[0,0,9],"1.04":[0,0,-7.5]}},"eyes":{"scale":{"0.0":[1,0.8,1],"0.12":[1,0.975,1],"0.4":[1,1,1],"0.52":[1,0.8,1],"0.64":[1,0.975,1],"0.92":[1,1,1],"1.04":[1,0.8,1]}},"top":{"rotation":{"0.0":[10,0,0],"0.12":[2.5,0,0],"0.24":[0.63,0,0],"0.4":[0,0,0],"0.52":[10,0,0],"0.64":[2.5,0,0],"0.76":[0.63,0,0],"0.92":[0,0,0],"1.04":[10,0,0]},"position":{"0.0":[0,-0.5,0],"0.12":[0,-0.12,0],"0.24":[0,-0.03,0],"0.4":[0,0,0],"0.52":[0,-0.5,0],"0.64":[0,-0.12,0],"0.76":[0,-0.03,0],"0.92":[0,0,0],"1.04":[0,-0.5,0]}},"bottom":{"rotation":{"0.0":[-22.25,0,0],"0.12":[-5.56,0,0],"0.24":[-1.39,0,0],"0.4":[0,0,0],"0.52":[-22.25,0,0],"0.64":[-5.56,0,0],"0.76":[-1.39,0,0],"0.92":[0,0,0],"1.04":[-22.25,0,0]},"position":{"0.0":[0,0.5,0],"0.52":[0,0.5,0],"1.04":[0,0.5,0]}}}}}}