{"format_version":"1.8.0","minecraft:client_entity":{"description":{"identifier":"hivehub:duck","materials":{"default":"entity_alphatest"},"textures":{"default":"textures/entity/hive/hub/arcade/duck/default","white":"textures/entity/hive/hub/arcade/duck/white","yellow":"textures/entity/hive/hub/arcade/duck/yellow"},"geometry":{"default":"geometry.hive.hub.arcade.duck"},"animations":{"spawn":"animation.hive.hub.arcade.duck.spawn","swim":"animation.hive.hub.arcade.duck.swim","sway":"animation.hive.hub.arcade.duck.sway","look_left":"animation.hive.hub.arcade.duck.lookleft","look_right":"animation.hive.hub.arcade.duck.lookright","quack":"animation.hive.hub.arcade.duck.quack","path1":"animation.hive.hub.arcade.duck.path1","path2":"animation.hive.hub.arcade.duck.path2"},"animation_controllers":[{"random":"controller.animation.hive.hub.arcade.duck.random"},{"default":"controller.animation.hive.hub.arcade.duck.default"},{"path":"controller.animation.hive.hub.arcade.duck.path"}],"render_controllers":["controller.render.hive.hub.arcade.duck"]}}}