{"format_version":"1.8.0","minecraft:client_entity":{"description":{"identifier":"hivehub:mailbox","materials":{"default":"entity_alphatest","translucent":"slime_outer"},"textures":{"default":"textures/entity/hive/hub/arcade/mailbox"},"geometry":{"default":"geometry.hive.hub.arcade.mailbox"},"animations":{"idle":"animation.hive.hub.arcade.mailbox.idle","idle_face":"animation.hive.hub.arcade.mailbox.idle.face","enter":"animation.hive.hub.arcade.mailbox.proximity.enter","exit":"animation.hive.hub.arcade.mailbox.proximity.close"},"animation_controllers":[{"idle":"controller.animation.hive.hub.arcade.mailbox.idle"},{"proximity":"controller.animation.hive.hub.arcade.mailbox.proximity"}],"render_controllers":["controller.render.hive.hub.arcade.translucent"]}}}