{"format_version":"1.8.0","minecraft:client_entity":{"description":{"identifier":"hivehub:search_light","materials":{"default":"entity_alphatest","beam":"slime_outer"},"textures":{"default":"textures/entity/hive/hub/arcade/search_light"},"geometry":{"default":"geometry.hive.hub.arcade.searchlight.light","beam":"geometry.hive.hub.arcade.searchlight.beam"},"animations":{"spawn":"animation.hive.hub.arcade.searchlight.spawn","idle":"animation.hive.hub.arcade.searchlight.idle","idle_spin":"animation.hive.hub.arcade.searchlight.idle.spin","beam_double":"animation.hive.hub.arcade.searchlight.beamDouble"},"animation_controllers":[{"default":"controller.animation.hive.hub.arcade.searchlight"}],"render_controllers":["controller.render.default","controller.render.hive.arcade.searchlight.beam"]}}}