{"format_version":"1.8.0","minecraft:client_entity":{"description":{"identifier":"hivehub:arcade_sign","materials":{"default":"entity_alphatest","uv":"hive_entity_alphatest_uv"},"textures":{"sign":"textures/entity/hive/hub/arcade/sign/sign","text":"textures/entity/hive/hub/arcade/sign/text"},"geometry":{"sign":"geometry.hive.hub.arcade.sign.sign","text":"geometry.hive.hub.arcade.sign.text"},"animations":{"spawn":"animation.hive.hub.arcade.sign.spawn","idle":"animation.hive.hub.arcade.sign.idle"},"animation_controllers":[{"default":"controller.animation.hive.hub.arcade.sign"}],"render_controllers":["controller.render.hive.hub.arcade.station.sign.sign","controller.render.hive.hub.arcade.station.sign.text"]}}}