{"minecraft:geometry":[{"description":{"identifier":"geometry.hive.drop.beacon","texture_width":1,"texture_height":64,"visible_bounds_width":3,"visible_bounds_height":5,"visible_bounds_offset":[0,1.5,0]},"bones":[{"name":"root","pivot":[0,0,0]},{"name":"bottom","parent":"root","pivot":[0,0,0],"cubes":[{"origin":[-8,0,-8],"size":[16,480,16],"uv":{"north":{"uv":[0,0],"uv_size":[1,64]},"east":{"uv":[0,0],"uv_size":[1,64]},"south":{"uv":[0,0],"uv_size":[1,64]},"west":{"uv":[0,0],"uv_size":[1,64]}}}]}]}],"format_version":"1.12.0"}