{"format_version":"1.12.0","minecraft:geometry":[{"description":{"identifier":"geometry.hive.bridge.pit.advanced","texture_width":192,"texture_height":96,"visible_bounds_width":8,"visible_bounds_height":7,"visible_bounds_offset":[0,1.5,0]},"bones":[{"name":"root","pivot":[0,0,0]},{"name":"goal","parent":"root","pivot":[0,0,0],"cubes":[{"origin":[-24,0,-26],"size":[48,46,2],"uv":{"east":{"uv":[182,0],"uv_size":[2,46]},"south":{"uv":[134,0],"uv_size":[48,46]},"west":{"uv":[182,0],"uv_size":[2,46]},"up":{"uv":[83,46],"uv_size":[2,2]}}},{"origin":[-24,0,24],"size":[48,46,2],"uv":{"north":{"uv":[134,0],"uv_size":[48,46]},"east":{"uv":[184,0],"uv_size":[-2,46]},"west":{"uv":[184,0],"uv_size":[-2,46]},"up":{"uv":[81,46],"uv_size":[3,1]}}},{"origin":[-24,46,-40],"size":[48,4,16],"uv":{"north":{"uv":[86,64],"uv_size":[48,4]},"south":{"uv":[16,80],"uv_size":[48,4]},"west":{"uv":[154,51],"uv_size":[-16,4]},"up":{"uv":[86,48],"uv_size":[48,16]}}},{"origin":[-24,46,24],"size":[48,4,16],"uv":{"north":{"uv":[64,80],"uv_size":[-48,4]},"south":{"uv":[134,64],"uv_size":[-48,4]},"west":{"uv":[138,51],"uv_size":[16,4]},"up":{"uv":[86,64],"uv_size":[48,-16]}}},{"origin":[24,46,-40],"size":[16,4,80],"uv":{"north":{"uv":[70,76],"uv_size":[-16,4]},"east":{"uv":[0,80],"uv_size":[80,4]},"south":{"uv":[54,76],"uv_size":[16,4]},"west":{"uv":[0,84],"uv_size":[80,4]},"up":{"uv":[70,0],"uv_size":[16,80]}}},{"origin":[24,0,-24],"size":[2,46,48],"uv":{"north":{"uv":[182,0],"uv_size":[2,46]},"east":{"uv":[134,0],"uv_size":[48,46]},"south":{"uv":[182,0],"uv_size":[2,46]},"up":{"uv":[83,40],"uv_size":[2,5]}}},{"origin":[-26,0,-24],"size":[2,46,48],"uv":{"north":{"uv":[184,0],"uv_size":[-2,46]},"south":{"uv":[184,0],"uv_size":[-2,46]},"west":{"uv":[134,0],"uv_size":[48,46]},"up":{"uv":[85,34],"uv_size":[-2,12]}}},{"origin":[-40,46,-40],"size":[16,4,80],"uv":{"north":{"uv":[54,76],"uv_size":[16,4]},"east":{"uv":[80,84],"uv_size":[-80,4]},"south":{"uv":[70,76],"uv_size":[-16,4]},"west":{"uv":[80,80],"uv_size":[-80,4]},"up":{"uv":[86,0],"uv_size":[-16,80]}}},{"origin":[-24,11,-24],"size":[48,0,48],"uv":{"up":{"uv":[86,0],"uv_size":[48,48]}}},{"origin":[-10,48,-42],"size":[20,4,15],"pivot":[0,51,-35],"rotation":[10,0,0],"uv":{"north":{"uv":[0,19],"uv_size":[20,4]},"east":{"uv":[0,15],"uv_size":[15,4]},"south":{"uv":[0,23],"uv_size":[20,4]},"west":{"uv":[15,15],"uv_size":[-15,4]},"up":{"uv":[0,0],"uv_size":[20,15]},"down":{"uv":[40,15],"uv_size":[-20,-15]}}},{"origin":[-10,48,27],"size":[20,4,15],"pivot":[0,51,35],"rotation":[-10,0,0],"uv":{"north":{"uv":[20,23],"uv_size":[-20,4]},"east":{"uv":[15,15],"uv_size":[-15,4]},"south":{"uv":[20,19],"uv_size":[-20,4]},"west":{"uv":[0,15],"uv_size":[15,4]},"up":{"uv":[20,15],"uv_size":[-20,-15]},"down":{"uv":[40,0],"uv_size":[-20,15]}}},{"origin":[-14,16,-14],"size":[28,0,28],"uv":{"north":{"uv":[0,0],"uv_size":[36,0]},"east":{"uv":[0,0],"uv_size":[36,0]},"south":{"uv":[0,0],"uv_size":[36,0]},"west":{"uv":[0,0],"uv_size":[36,0]},"up":{"uv":[28,56],"uv_size":[-28,-28]}}},{"origin":[-8,26,23],"size":[16,4,0],"pivot":[0,32,24],"rotation":[-22.5,0,0],"uv":{"north":{"uv":[0,58],"uv_size":[16,4]},"east":{"uv":[0,0],"uv_size":[0,4]},"west":{"uv":[0,0],"uv_size":[0,4]},"up":{"uv":[16,0],"uv_size":[-16,0]},"down":{"uv":[16,0],"uv_size":[-16,0]}}},{"origin":[-10,24,24],"size":[20,8,4],"pivot":[0,32,24],"rotation":[-22.5,0,0],"uv":{"north":{"uv":[148,14],"uv_size":[20,8]},"east":{"uv":[41,0],"uv_size":[4,8]},"south":{"uv":[0,0],"uv_size":[20,8]},"west":{"uv":[41,0],"uv_size":[4,8]},"up":{"uv":[20,4],"uv_size":[-20,-4]},"down":{"uv":[66,4],"uv_size":[-20,-4]}}},{"origin":[23,26,-8],"size":[0,4,16],"pivot":[24,32,0],"rotation":[0,0,22.5],"uv":{"north":{"uv":[0,0],"uv_size":[0,4]},"east":{"uv":[0,64],"uv_size":[16,4]},"south":{"uv":[0,0],"uv_size":[0,4]},"up":{"uv":[16,0],"uv_size":[-16,0]},"down":{"uv":[16,0],"uv_size":[-16,0]}}},{"origin":[24,24,-10],"size":[4,8,20],"pivot":[24,32,0],"rotation":[0,0,22.5],"uv":{"north":{"uv":[41,0],"uv_size":[4,8]},"east":{"uv":[148,14],"uv_size":[20,8]},"south":{"uv":[41,0],"uv_size":[4,8]},"west":{"uv":[0,0],"uv_size":[20,8]},"up":{"uv":[20,4],"uv_size":[-20,-4]},"down":{"uv":[66,4],"uv_size":[-20,-4]}}},{"origin":[-8,26,-23],"size":[16,4,0],"pivot":[0,32,-24],"rotation":[22.5,0,0],"uv":{"east":{"uv":[0,0],"uv_size":[0,4]},"south":{"uv":[0,58],"uv_size":[16,4]},"west":{"uv":[0,0],"uv_size":[0,4]},"up":{"uv":[16,0],"uv_size":[-16,0]},"down":{"uv":[16,0],"uv_size":[-16,0]}}},{"origin":[-10,24,-28],"size":[20,8,4],"pivot":[0,32,-24],"rotation":[22.5,0,0],"uv":{"north":{"uv":[0,0],"uv_size":[20,8]},"east":{"uv":[41,0],"uv_size":[4,8]},"south":{"uv":[148,14],"uv_size":[20,8]},"west":{"uv":[41,0],"uv_size":[4,8]},"up":{"uv":[20,4],"uv_size":[-20,-4]},"down":{"uv":[66,4],"uv_size":[-20,-4]}}},{"origin":[-23,26,-8],"size":[0,4,16],"pivot":[-24,32,0],"rotation":[0,0,-22.5],"uv":{"north":{"uv":[0,0],"uv_size":[0,4]},"south":{"uv":[0,0],"uv_size":[0,4]},"west":{"uv":[0,64],"uv_size":[16,4]},"up":{"uv":[16,0],"uv_size":[-16,0]},"down":{"uv":[16,0],"uv_size":[-16,0]}}},{"origin":[-28,24,-10],"size":[4,8,20],"pivot":[-24,32,0],"rotation":[0,0,-22.5],"uv":{"north":{"uv":[41,0],"uv_size":[4,8]},"east":{"uv":[0,0],"uv_size":[20,8]},"south":{"uv":[41,0],"uv_size":[4,8]},"west":{"uv":[148,14],"uv_size":[20,8]},"up":{"uv":[20,4],"uv_size":[-20,-4]},"down":{"uv":[66,4],"uv_size":[-20,-4]}}},{"origin":[-37,49.5,-36],"size":[8,2,8],"pivot":[-33,51,-33],"rotation":[5,45,0],"uv":{"north":{"uv":[8,70],"uv_size":[8,2]},"east":{"uv":[8,70],"uv_size":[8,2]},"south":{"uv":[8,70],"uv_size":[8,2]},"west":{"uv":[8,70],"uv_size":[8,2]},"up":{"uv":[8,78],"uv_size":[-8,-8]}}},{"origin":[29,49.5,-36],"size":[8,2,8],"pivot":[33,51,-33],"rotation":[5,-45,0],"uv":{"north":{"uv":[16,70],"uv_size":[-8,2]},"east":{"uv":[16,70],"uv_size":[-8,2]},"south":{"uv":[16,70],"uv_size":[-8,2]},"west":{"uv":[16,70],"uv_size":[-8,2]},"up":{"uv":[0,78],"uv_size":[8,-8]}}},{"origin":[29,49.5,28],"size":[8,2,8],"pivot":[33,51,33],"rotation":[-5,45,0],"uv":{"north":{"uv":[8,70],"uv_size":[8,2]},"east":{"uv":[8,70],"uv_size":[8,2]},"south":{"uv":[8,70],"uv_size":[8,2]},"west":{"uv":[8,70],"uv_size":[8,2]},"up":{"uv":[0,70],"uv_size":[8,8]}}},{"origin":[-37,49.5,28],"size":[8,2,8],"pivot":[-33,51,33],"rotation":[-5,-45,0],"uv":{"north":{"uv":[16,70],"uv_size":[-8,2]},"east":{"uv":[16,70],"uv_size":[-8,2]},"south":{"uv":[16,70],"uv_size":[-8,2]},"west":{"uv":[16,70],"uv_size":[-8,2]},"up":{"uv":[8,70],"uv_size":[-8,8]}}}]}]}]}