{"format_version":"1.12.0","minecraft:geometry":[{"description":{"identifier":"geometry.hive.bridge.pit.ancient","texture_width":192,"texture_height":112,"visible_bounds_width":7,"visible_bounds_height":7,"visible_bounds_offset":[0,1.5,0]},"bones":[{"name":"root","pivot":[0,0,0]},{"name":"goal","parent":"root","pivot":[0,0,0],"cubes":[{"origin":[-24,8,-26],"size":[48,38,2],"uv":{"east":{"uv":[120,88],"uv_size":[2,3]},"south":{"uv":[130,0],"uv_size":[48,38]},"west":{"uv":[120,88],"uv_size":[2,3]},"up":{"uv":[83,46],"uv_size":[2,2]}}},{"origin":[-18,34,-23.5],"size":[7,9,0],"pivot":[-14.5,37.5,-23.5],"rotation":[0,0,15],"uv":{"east":{"uv":[182,0],"uv_size":[2,46]},"south":{"uv":[48,90],"uv_size":[7,9]},"west":{"uv":[182,0],"uv_size":[2,46]}}},{"origin":[10,35,-23.5],"size":[7,9,0],"pivot":[15.5,41.5,-23.5],"rotation":[0,0,57.5],"uv":{"east":{"uv":[182,0],"uv_size":[2,46]},"south":{"uv":[55,90],"uv_size":[-7,9]},"west":{"uv":[182,0],"uv_size":[2,46]}}},{"origin":[-17,35,19.25],"size":[7,9,0],"pivot":[-13.5,39.5,18.5],"rotation":[-37.5,-5,-37.5],"uv":{"north":{"uv":[48,90],"uv_size":[7,9]},"east":{"uv":[182,0],"uv_size":[2,38]},"west":{"uv":[182,0],"uv_size":[2,38]}}},{"origin":[-21,35,18.85],"size":[7,9,0],"pivot":[-14.5,39.5,19.1],"rotation":[-37.5,-5,-37.5],"uv":{"north":{"uv":[55,99],"uv_size":[-7,-9]},"east":{"uv":[182,0],"uv_size":[2,38]},"west":{"uv":[182,0],"uv_size":[2,37]}}},{"origin":[-24,8,24],"size":[48,38,2],"uv":{"north":{"uv":[130,38],"uv_size":[48,38]},"east":{"uv":[122,88],"uv_size":[-2,3]},"west":{"uv":[122,88],"uv_size":[-2,3]},"up":{"uv":[81,46],"uv_size":[3,1]}}},{"origin":[-26,8,-24],"size":[2,38,48],"uv":{"north":{"uv":[122,88],"uv_size":[-2,3]},"south":{"uv":[122,88],"uv_size":[-2,3]},"west":{"uv":[48,0],"uv_size":[-48,38]},"up":{"uv":[85,34],"uv_size":[-2,12]}}},{"origin":[24,8,-24],"size":[2,38,48],"uv":{"north":{"uv":[120,88],"uv_size":[2,3]},"east":{"uv":[48,0],"uv_size":[-48,38]},"south":{"uv":[120,88],"uv_size":[2,3]},"up":{"uv":[83,34],"uv_size":[2,12]}}},{"origin":[-24,8,-24],"size":[48,0,48],"uv":{"up":{"uv":[82,0],"uv_size":[48,48]}}},{"origin":[-24,12,-24],"size":[48,0,48],"uv":{"up":{"uv":[0,54],"uv_size":[48,48]}}},{"origin":[-16,12.5,6],"size":[5,0,5],"pivot":[-13.5,12.5,8.5],"rotation":[0,27.5,0],"uv":{"up":{"uv":[112,59],"uv_size":[5,-5]}}},{"origin":[4,12.5,-12],"size":[12,0,12],"pivot":[11,12.5,-5],"rotation":[0,-55,0],"uv":{"up":{"uv":[112,54],"uv_size":[12,12]}}},{"origin":[-33,49.5,29],"size":[5,0,5],"pivot":[-30.5,49.5,31.5],"rotation":[0,-20,0],"uv":{"up":{"uv":[112,59],"uv_size":[5,-5]}}},{"origin":[28,49.5,-34],"size":[5,0,5],"pivot":[30.5,49.5,-31.5],"rotation":[0,-20,0],"uv":{"up":{"uv":[117,54],"uv_size":[-5,5]}}},{"origin":[-14,23,-24],"size":[28,8,8],"uv":{"east":{"uv":[62,40],"uv_size":[8,8]},"south":{"uv":[0,38],"uv_size":[28,8]},"west":{"uv":[62,40],"uv_size":[8,8]},"up":{"uv":[76,70],"uv_size":[-28,-8]},"down":{"uv":[76,70],"uv_size":[-28,-8]}}},{"origin":[-3,31,-24],"size":[6,9,4],"inflate":0.01,"uv":{"east":{"uv":[60,31],"uv_size":[4,9]},"south":{"uv":[64,31],"uv_size":[6,9]},"west":{"uv":[64,31],"uv_size":[-4,9]}}},{"origin":[-24,12,3],"size":[4,28,6],"inflate":0.01,"uv":{"north":{"uv":[64,12],"uv_size":[-4,28]},"south":{"uv":[60,12],"uv_size":[4,28]},"west":{"uv":[64,12],"uv_size":[6,28]}}},{"origin":[-25,37,3],"size":[5,3,6],"pivot":[-20,40,6],"rotation":[0,0,33.5],"uv":{"north":{"uv":[70,9],"uv_size":[-5,3]},"south":{"uv":[65,9],"uv_size":[5,3]},"up":{"uv":[60,12],"uv_size":[5,-6]}}},{"origin":[-25,23,-9],"size":[5,3,6],"pivot":[-20,26,-6],"rotation":[0,0,33.5],"uv":{"north":{"uv":[70,9],"uv_size":[-5,3]},"south":{"uv":[65,9],"uv_size":[5,3]},"up":{"uv":[60,12],"uv_size":[5,-6]}}},{"origin":[-24,12,-9],"size":[4,14,6],"inflate":0.01,"uv":{"north":{"uv":[64,26],"uv_size":[-4,14]},"south":{"uv":[60,26],"uv_size":[4,14]},"west":{"uv":[64,26],"uv_size":[6,14]}}},{"origin":[20,12,-9],"size":[4,28,6],"inflate":0.01,"uv":{"north":{"uv":[60,12],"uv_size":[4,28]},"east":{"uv":[64,12],"uv_size":[6,28]},"south":{"uv":[64,12],"uv_size":[-4,28]}}},{"origin":[20,37,-9],"size":[5,3,6],"pivot":[20,40,-6],"rotation":[0,0,-33.5],"uv":{"north":{"uv":[65,9],"uv_size":[5,3]},"south":{"uv":[70,9],"uv_size":[-5,3]},"up":{"uv":[65,12],"uv_size":[-5,-6]}}},{"origin":[20,23,3],"size":[5,3,6],"pivot":[20,26,6],"rotation":[0,0,-33.5],"uv":{"north":{"uv":[65,9],"uv_size":[5,3]},"south":{"uv":[70,9],"uv_size":[-5,3]},"up":{"uv":[65,6],"uv_size":[-5,6]}}},{"origin":[20,12,3],"size":[4,14,6],"inflate":0.01,"uv":{"north":{"uv":[60,26],"uv_size":[4,14]},"east":{"uv":[64,26],"uv_size":[6,14]},"south":{"uv":[64,26],"uv_size":[-4,14]}}},{"origin":[4,12,-17],"size":[6,14,4],"inflate":0.01,"uv":{"east":{"uv":[60,26],"uv_size":[4,14]},"south":{"uv":[64,26],"uv_size":[6,14]},"west":{"uv":[64,26],"uv_size":[-4,14]}}},{"origin":[4,23,-18],"size":[6,3,5],"pivot":[7,26,-13],"rotation":[-33.5,0,0],"uv":{"east":{"uv":[65,9],"uv_size":[5,3]},"west":{"uv":[65,9],"uv_size":[5,3]},"up":{"uv":[64,1],"uv_size":[6,5]}}},{"origin":[-10,23,-18],"size":[6,3,5],"pivot":[-7,26,-13],"rotation":[-33.5,0,0],"uv":{"east":{"uv":[65,9],"uv_size":[5,3]},"west":{"uv":[70,9],"uv_size":[-5,3]},"up":{"uv":[64,1],"uv_size":[6,5]}}},{"origin":[-10,12,-17],"size":[6,14,4],"inflate":0.01,"uv":{"east":{"uv":[60,26],"uv_size":[4,14]},"south":{"uv":[64,26],"uv_size":[6,14]},"west":{"uv":[64,26],"uv_size":[-4,14]}}},{"origin":[-3,37,-25],"size":[6,3,5],"pivot":[0,40,-20],"rotation":[-33.5,0,0],"uv":{"east":{"uv":[65,9],"uv_size":[5,3]},"west":{"uv":[70,9],"uv_size":[-5,3]},"up":{"uv":[64,1],"uv_size":[6,5]}}}]},{"name":"bone","parent":"goal","pivot":[11,4,-3],"cubes":[{"origin":[-24,46,-29],"size":[48,4,5],"uv":{"north":{"uv":[111,84],"uv_size":[48,4]},"south":{"uv":[111,77],"uv_size":[48,4]},"up":{"uv":[82,48],"uv_size":[48,5]}}},{"origin":[-35,46,-42],"size":[70,4,7],"uv":{"north":{"uv":[113,95],"uv_size":[70,4]},"south":{"uv":[70,102],"uv_size":[-70,4]},"up":{"uv":[122,88],"uv_size":[70,7]}}},{"origin":[-29,46,-29],"size":[5,4,58],"uv":{"north":{"uv":[106,84],"uv_size":[5,4]},"east":{"uv":[106,80],"uv_size":[58,4]},"south":{"uv":[159,84],"uv_size":[5,4]},"west":{"uv":[106,76],"uv_size":[58,4]},"up":{"uv":[76,58],"uv_size":[-5,-58]}}},{"origin":[-42,46,-42],"size":[7,4,84],"uv":{"north":{"uv":[35,38],"uv_size":[7,4]},"east":{"uv":[108,99],"uv_size":[84,4]},"south":{"uv":[35,38],"uv_size":[-7,4]},"west":{"uv":[84,106],"uv_size":[-84,4]},"up":{"uv":[192,84],"uv_size":[-7,-84]}}},{"origin":[-35,49,-35],"size":[6,0,70],"uv":{"up":{"uv":[184,0],"uv_size":[-6,70]}}},{"origin":[-35,46,-35],"size":[6,0,70],"uv":{"up":{"uv":[82,0],"uv_size":[-6,70]}}},{"origin":[-29,46,-35],"size":[58,0,6],"uv":{"up":{"uv":[106,83],"uv_size":[-58,6]}}},{"origin":[-29,49,-35],"size":[58,0,6],"uv":{"up":{"uv":[106,77],"uv_size":[-58,6]}}},{"origin":[-42,46,-9],"size":[8,6,6],"uv":{"north":{"uv":[77,89],"uv_size":[8,6]},"east":{"uv":[90,95],"uv_size":[-6,6]},"south":{"uv":[85,89],"uv_size":[-8,6]},"west":{"uv":[83,95],"uv_size":[-6,6]},"up":{"uv":[90,60],"uv_size":[-8,6]}}},{"origin":[-86,46,-43],"size":[8,6,6],"pivot":[-38,49,6],"rotation":[0,-90,0],"uv":{"north":{"uv":[77,89],"uv_size":[8,6]},"east":{"uv":[90,95],"uv_size":[-6,6]},"south":{"uv":[85,89],"uv_size":[-8,6]},"west":{"uv":[83,95],"uv_size":[-6,6]},"up":{"uv":[90,60],"uv_size":[-8,6]}}},{"origin":[-86,46,-23],"size":[8,6,13],"pivot":[-38,49,6],"rotation":[0,-90,0],"uv":{"north":{"uv":[77,89],"uv_size":[8,6]},"east":{"uv":[77,89],"uv_size":[-13,6]},"south":{"uv":[85,89],"uv_size":[-8,6]},"west":{"uv":[77,95],"uv_size":[-13,6]},"up":{"uv":[64,89],"uv_size":[-8,13]}}},{"origin":[-42,46,11],"size":[8,6,13],"uv":{"north":{"uv":[77,89],"uv_size":[8,6]},"east":{"uv":[77,89],"uv_size":[-13,6]},"south":{"uv":[85,89],"uv_size":[-8,6]},"west":{"uv":[77,95],"uv_size":[-13,6]},"up":{"uv":[64,89],"uv_size":[-8,13]}}}]},{"name":"bone2","parent":"goal","pivot":[-11,4,3],"cubes":[{"origin":[-24,46,24],"size":[48,4,5],"uv":{"north":{"uv":[111,76],"uv_size":[48,4]},"south":{"uv":[111,84],"uv_size":[48,4]},"up":{"uv":[130,53],"uv_size":[-48,-5]}}},{"origin":[-35,46,35],"size":[70,4,7],"uv":{"north":{"uv":[70,102],"uv_size":[-70,4]},"south":{"uv":[113,95],"uv_size":[70,4]},"up":{"uv":[192,95],"uv_size":[-70,-7]}}},{"origin":[24,46,-29],"size":[5,4,58],"uv":{"north":{"uv":[159,84],"uv_size":[5,4]},"east":{"uv":[106,76],"uv_size":[58,4]},"south":{"uv":[106,84],"uv_size":[5,4]},"west":{"uv":[106,80],"uv_size":[58,4]},"up":{"uv":[71,0],"uv_size":[5,58]}}},{"origin":[35,46,-42],"size":[7,4,84],"uv":{"north":{"uv":[35,38],"uv_size":[-7,4]},"east":{"uv":[84,106],"uv_size":[-84,4]},"south":{"uv":[35,38],"uv_size":[7,4]},"west":{"uv":[108,99],"uv_size":[84,4]},"up":{"uv":[185,0],"uv_size":[7,84]}}},{"origin":[29,49,-35],"size":[6,0,70],"uv":{"up":{"uv":[178,70],"uv_size":[6,-70]}}},{"origin":[29,46,-35],"size":[6,0,70],"uv":{"up":{"uv":[76,70],"uv_size":[6,-70]}}},{"origin":[-29,46,29],"size":[58,0,6],"uv":{"up":{"uv":[48,89],"uv_size":[58,-6]}}},{"origin":[-29,49,29],"size":[58,0,6],"uv":{"up":{"uv":[48,83],"uv_size":[58,-6]}}},{"origin":[34,46,3],"size":[8,6,6],"uv":{"north":{"uv":[85,89],"uv_size":[-8,6]},"east":{"uv":[83,95],"uv_size":[-6,6]},"south":{"uv":[77,89],"uv_size":[8,6]},"west":{"uv":[90,95],"uv_size":[-6,6]},"up":{"uv":[82,66],"uv_size":[8,-6]}}},{"origin":[78,46,37],"size":[8,6,6],"pivot":[38,49,-6],"rotation":[0,-90,0],"uv":{"north":{"uv":[85,89],"uv_size":[-8,6]},"east":{"uv":[83,95],"uv_size":[-6,6]},"south":{"uv":[77,89],"uv_size":[8,6]},"west":{"uv":[90,95],"uv_size":[-6,6]},"up":{"uv":[82,66],"uv_size":[8,-6]}}},{"origin":[78,46,10],"size":[8,6,13],"pivot":[38,49,-6],"rotation":[0,-90,0],"uv":{"north":{"uv":[85,89],"uv_size":[-8,6]},"east":{"uv":[77,95],"uv_size":[-13,6]},"south":{"uv":[77,89],"uv_size":[8,6]},"west":{"uv":[77,89],"uv_size":[-13,6]},"up":{"uv":[56,102],"uv_size":[8,-13]}}},{"origin":[34,46,-24],"size":[8,6,13],"uv":{"north":{"uv":[85,89],"uv_size":[-8,6]},"east":{"uv":[77,95],"uv_size":[-13,6]},"south":{"uv":[77,89],"uv_size":[8,6]},"west":{"uv":[77,89],"uv_size":[-13,6]},"up":{"uv":[56,102],"uv_size":[8,-13]}}}]},{"name":"flowerlarge2","parent":"goal","pivot":[8.5,45.5,-7],"rotation":[0,0,25],"cubes":[{"origin":[7,44,-24],"size":[3,3,1],"uv":{"north":{"uv":[54,39],"uv_size":[-3,3]},"east":{"uv":[51,39],"uv_size":[-1,3]},"south":{"uv":[50,39],"uv_size":[-3,3]},"west":{"uv":[51,39],"uv_size":[-1,3]},"up":{"uv":[47,39],"uv_size":[3,-1]},"down":{"uv":[47,38],"uv_size":[3,1]}}},{"origin":[11.5,43,-21.72243],"size":[4,5,0],"pivot":[7,45.5,-7],"rotation":[0,30,0],"uv":{"north":{"uv":[66,48],"uv_size":[4,5]},"east":{"uv":[66,48],"uv_size":[0,5]},"south":{"uv":[62,48],"uv_size":[4,5]},"west":{"uv":[62,48],"uv_size":[0,5]},"up":{"uv":[66,48],"uv_size":[-4,0]},"down":{"uv":[70,48],"uv_size":[-4,0]}}},{"origin":[1.5,43,-21.72243],"size":[4,5,0],"pivot":[10,45.5,-7],"rotation":[0,-30,0],"uv":{"north":{"uv":[70,48],"uv_size":[-4,5]},"east":{"uv":[62,48],"uv_size":[0,5]},"south":{"uv":[66,48],"uv_size":[-4,5]},"west":{"uv":[66,48],"uv_size":[0,5]},"up":{"uv":[62,48],"uv_size":[4,0]},"down":{"uv":[66,48],"uv_size":[4,0]}}},{"origin":[6,48.5,-21.72243],"size":[5,4,0],"pivot":[8.5,44,-7],"rotation":[30,0,0],"uv":{"north":{"uv":[70,53],"uv_size":[-5,4]},"south":{"uv":[65,53],"uv_size":[-5,4]}}},{"origin":[6,38.5,-21.72243],"size":[5,4,0],"pivot":[8.5,47,-7],"rotation":[-30,0,0],"uv":{"north":{"uv":[70,57],"uv_size":[-5,4]},"south":{"uv":[65,57],"uv_size":[-5,4]},"west":{"uv":[65,57],"uv_size":[0,4]},"up":{"uv":[42,4],"uv_size":[5,0]},"down":{"uv":[47,4],"uv_size":[5,0]}}}]},{"name":"flowersmall2","parent":"goal","pivot":[-10,36,-23.9],"rotation":[0,0,-22.5],"cubes":[{"origin":[-12,32,-24],"size":[4,3,0],"pivot":[-10,35,-24],"rotation":[22.5,0,0],"uv":{"north":{"uv":[62,43],"uv_size":[-4,3]},"south":{"uv":[58,43],"uv_size":[-4,3]}}},{"origin":[-14,34,-24],"size":[3,4,0],"pivot":[-11,36,-24],"rotation":[0,22.5,0],"uv":{"north":{"uv":[61,46],"uv_size":[-3,4]},"east":{"uv":[55,46],"uv_size":[0,4]},"south":{"uv":[58,46],"uv_size":[-3,4]},"west":{"uv":[58,46],"uv_size":[0,4]},"up":{"uv":[55,46],"uv_size":[3,0]},"down":{"uv":[58,46],"uv_size":[3,0]}}},{"origin":[-9,34,-24],"size":[3,4,0],"pivot":[-9,36,-24],"rotation":[0,-22.5,0],"uv":{"north":{"uv":[61,46],"uv_size":[-3,4]},"east":{"uv":[55,46],"uv_size":[0,4]},"south":{"uv":[55,46],"uv_size":[3,4]},"west":{"uv":[58,46],"uv_size":[0,4]},"up":{"uv":[55,46],"uv_size":[3,0]},"down":{"uv":[58,46],"uv_size":[3,0]}}},{"origin":[-11,35,-24],"size":[2,2,1],"uv":{"north":{"uv":[53,35],"uv_size":[-2,2]},"east":{"uv":[51,35],"uv_size":[-1,2]},"south":{"uv":[50,35],"uv_size":[-2,2]},"west":{"uv":[51,35],"uv_size":[-1,2]},"up":{"uv":[48,35],"uv_size":[2,-1]},"down":{"uv":[48,34],"uv_size":[2,1]}}},{"origin":[-12,37,-24],"size":[4,3,0],"pivot":[-10,37,-24],"rotation":[-22.5,0,0],"uv":{"north":{"uv":[62,43],"uv_size":[-4,3]},"south":{"uv":[58,46],"uv_size":[-4,-3]}}}]},{"name":"bone3","parent":"goal","pivot":[0,15,16],"cubes":[{"origin":[-16,8,16],"size":[32,7,8],"uv":{"north":{"uv":[88,70],"uv_size":[-32,7]},"east":{"uv":[56,70],"uv_size":[-8,7]},"west":{"uv":[56,70],"uv_size":[-8,7]},"up":{"uv":[32,46],"uv_size":[-32,8]}}},{"origin":[-9,9,3],"size":[18,6,13],"pivot":[0,15,16],"rotation":[35,0,0],"uv":{"east":{"uv":[32,47],"uv_size":[13,6]},"west":{"uv":[45,47],"uv_size":[-13,6]},"up":{"uv":[112,66],"uv_size":[-18,-13]}}}]},{"name":"bone4","parent":"bone3","pivot":[-8,15,18],"rotation":[-7.5,0,0],"cubes":[{"origin":[-14,15,18],"size":[6,19,6],"uv":{"north":{"uv":[48,0],"uv_size":[6,19]},"east":{"uv":[60,0],"uv_size":[-6,19]},"south":{"uv":[54,0],"uv_size":[-6,19]},"west":{"uv":[54,0],"uv_size":[6,19]}}},{"origin":[8,15,18],"size":[6,19,6],"uv":{"north":{"uv":[54,0],"uv_size":[-6,19]},"east":{"uv":[60,0],"uv_size":[-6,19]},"south":{"uv":[48,0],"uv_size":[6,19]},"west":{"uv":[54,0],"uv_size":[6,19]}}},{"origin":[-6,34,15],"size":[12,9,6],"uv":{"north":{"uv":[48,25],"uv_size":[12,9]},"east":{"uv":[54,34],"uv_size":[6,9]},"west":{"uv":[48,52],"uv_size":[6,9]},"up":{"uv":[60,25],"uv_size":[-12,-6]},"down":{"uv":[60,25],"uv_size":[-12,-6]}}},{"origin":[-18,34,16],"size":[12,7,5],"pivot":[-6,41,21],"rotation":[0,0,-15],"uv":{"north":{"uv":[82,53],"uv_size":[12,7]},"east":{"uv":[107,66],"uv_size":[5,7]},"up":{"uv":[44,47],"uv_size":[-12,-5]},"down":{"uv":[44,47],"uv_size":[-12,-5]}}},{"origin":[6,34,16],"size":[12,7,5],"pivot":[6,41,21],"rotation":[0,0,15],"uv":{"north":{"uv":[94,53],"uv_size":[-12,7]},"west":{"uv":[112,66],"uv_size":[-5,7]},"up":{"uv":[32,47],"uv_size":[12,-5]},"down":{"uv":[32,47],"uv_size":[12,-5]}}},{"origin":[-5.25,36,14.5],"size":[7,9,0],"pivot":[-2.5,40.5,14.5],"rotation":[0,0,-17.5],"uv":{"north":{"uv":[55,90],"uv_size":[-7,9]},"east":{"uv":[184,0],"uv_size":[-2,46]},"west":{"uv":[184,0],"uv_size":[-2,46]}}},{"origin":[13,32.25,16],"size":[7,9,0],"pivot":[16.5,37.5,16.2],"rotation":[0,5,-5],"uv":{"north":{"uv":[48,90],"uv_size":[7,9]},"east":{"uv":[184,0],"uv_size":[-2,46]},"west":{"uv":[184,0],"uv_size":[-2,46]}}}]},{"name":"flowersmall","parent":"bone4","pivot":[14,36,15.9],"rotation":[0,0,-22.5],"cubes":[{"origin":[12,32,16],"size":[4,3,0],"pivot":[14,35,16],"rotation":[-22.5,0,0],"uv":{"north":{"uv":[54,43],"uv_size":[4,3]},"south":{"uv":[58,43],"uv_size":[4,3]}}},{"origin":[10,34,16],"size":[3,4,0],"pivot":[13,36,16],"rotation":[0,-22.5,0],"uv":{"north":{"uv":[55,46],"uv_size":[3,4]},"east":{"uv":[55,46],"uv_size":[0,4]},"south":{"uv":[58,46],"uv_size":[3,4]},"west":{"uv":[58,46],"uv_size":[0,4]},"up":{"uv":[55,46],"uv_size":[3,0]},"down":{"uv":[58,46],"uv_size":[3,0]}}},{"origin":[15,34,16],"size":[3,4,0],"pivot":[15,36,16],"rotation":[0,22.5,0],"uv":{"north":{"uv":[58,46],"uv_size":[-3,4]},"east":{"uv":[55,46],"uv_size":[0,4]},"south":{"uv":[58,46],"uv_size":[3,4]},"west":{"uv":[58,46],"uv_size":[0,4]},"up":{"uv":[55,46],"uv_size":[3,0]},"down":{"uv":[58,46],"uv_size":[3,0]}}},{"origin":[13,35,15],"size":[2,2,1],"uv":{"north":{"uv":[48,35],"uv_size":[2,2]},"east":{"uv":[50,35],"uv_size":[1,2]},"south":{"uv":[51,35],"uv_size":[2,2]},"west":{"uv":[50,35],"uv_size":[1,2]},"up":{"uv":[48,34],"uv_size":[2,1]},"down":{"uv":[48,35],"uv_size":[2,-1]}}},{"origin":[12,37,16],"size":[4,3,0],"pivot":[14,37,16],"rotation":[22.5,0,0],"uv":{"north":{"uv":[54,46],"uv_size":[4,-3]},"south":{"uv":[58,43],"uv_size":[4,3]}}}]},{"name":"flowerlarge3","parent":"bone4","pivot":[3.5,40.5,-2],"rotation":[0,0,25],"cubes":[{"origin":[2,39,14],"size":[3,3,1],"uv":{"north":{"uv":[47,39],"uv_size":[3,3]},"east":{"uv":[50,39],"uv_size":[1,3]},"south":{"uv":[51,39],"uv_size":[3,3]},"west":{"uv":[50,39],"uv_size":[1,3]},"up":{"uv":[47,38],"uv_size":[3,1]},"down":{"uv":[47,39],"uv_size":[3,-1]}}},{"origin":[6.5,38,12.72243],"size":[4,5,0],"pivot":[2,40.5,-2],"rotation":[0,-30,0],"uv":{"north":{"uv":[66,48],"uv_size":[-4,5]},"east":{"uv":[66,48],"uv_size":[0,5]},"south":{"uv":[70,48],"uv_size":[-4,5]},"west":{"uv":[62,48],"uv_size":[0,5]},"up":{"uv":[66,48],"uv_size":[-4,0]},"down":{"uv":[70,48],"uv_size":[-4,0]}}},{"origin":[-3.5,38,12.72243],"size":[4,5,0],"pivot":[5,40.5,-2],"rotation":[0,30,0],"uv":{"north":{"uv":[62,48],"uv_size":[4,5]},"east":{"uv":[62,48],"uv_size":[0,5]},"south":{"uv":[66,48],"uv_size":[4,5]},"west":{"uv":[66,48],"uv_size":[0,5]},"up":{"uv":[62,48],"uv_size":[4,0]},"down":{"uv":[66,48],"uv_size":[4,0]}}},{"origin":[1,43.5,12.72243],"size":[5,4,0],"pivot":[3.5,39,-2],"rotation":[-30,0,0],"uv":{"north":{"uv":[60,53],"uv_size":[5,4]},"south":{"uv":[65,53],"uv_size":[5,4]}}},{"origin":[1,33.5,12.72243],"size":[5,4,0],"pivot":[3.5,42,-2],"rotation":[30,0,0],"uv":{"north":{"uv":[60,57],"uv_size":[5,4]},"south":{"uv":[65,57],"uv_size":[5,4]},"west":{"uv":[65,57],"uv_size":[0,4]},"up":{"uv":[42,4],"uv_size":[5,0]},"down":{"uv":[47,4],"uv_size":[5,0]}}}]}]}]}