{"format_version":"1.12.0","minecraft:geometry":[{"description":{"identifier":"geometry.hive.bridge.pit.castle","texture_width":192,"texture_height":96,"visible_bounds_width":8,"visible_bounds_height":7,"visible_bounds_offset":[0,1.5,0]},"bones":[{"name":"root","pivot":[0,0,0]},{"name":"goal","parent":"root","pivot":[0,0,0],"cubes":[{"origin":[-24,0,-26],"size":[48,46,2],"uv":{"east":{"uv":[182,0],"uv_size":[2,46]},"south":{"uv":[0,0],"uv_size":[48,46]},"west":{"uv":[182,0],"uv_size":[2,46]},"up":{"uv":[83,46],"uv_size":[2,2]}}},{"origin":[-24,0,24],"size":[48,46,2],"uv":{"north":{"uv":[0,0],"uv_size":[48,46]},"east":{"uv":[184,0],"uv_size":[-2,46]},"west":{"uv":[184,0],"uv_size":[-2,46]},"up":{"uv":[81,46],"uv_size":[3,1]}}},{"origin":[-24,46,-40],"size":[48,4,16],"uv":{"north":{"uv":[86,64],"uv_size":[48,4]},"south":{"uv":[16,80],"uv_size":[48,4]},"west":{"uv":[154,51],"uv_size":[-16,4]},"up":{"uv":[86,48],"uv_size":[48,16]}}},{"origin":[-24,46,24],"size":[48,4,16],"uv":{"north":{"uv":[64,80],"uv_size":[-48,4]},"south":{"uv":[134,64],"uv_size":[-48,4]},"west":{"uv":[138,51],"uv_size":[16,4]},"up":{"uv":[86,64],"uv_size":[48,-16]}}},{"origin":[24,46,-40],"size":[16,4,80],"uv":{"north":{"uv":[54,76],"uv_size":[16,4]},"east":{"uv":[0,80],"uv_size":[80,4]},"south":{"uv":[54,76],"uv_size":[16,4]},"west":{"uv":[0,84],"uv_size":[80,4]},"up":{"uv":[70,0],"uv_size":[16,80]}}},{"origin":[24,0,-24],"size":[2,46,48],"uv":{"north":{"uv":[182,0],"uv_size":[2,46]},"east":{"uv":[134,0],"uv_size":[48,46]},"south":{"uv":[182,0],"uv_size":[2,46]},"up":{"uv":[83,40],"uv_size":[2,5]}}},{"origin":[-26,0,-24],"size":[2,46,48],"uv":{"north":{"uv":[184,0],"uv_size":[-2,46]},"south":{"uv":[184,0],"uv_size":[-2,46]},"west":{"uv":[134,0],"uv_size":[48,46]},"up":{"uv":[85,34],"uv_size":[-2,12]}}},{"origin":[-40,46,-40],"size":[16,4,80],"uv":{"north":{"uv":[70,76],"uv_size":[-16,4]},"east":{"uv":[80,84],"uv_size":[-80,4]},"south":{"uv":[70,76],"uv_size":[-16,4]},"west":{"uv":[80,80],"uv_size":[-80,4]},"up":{"uv":[86,0],"uv_size":[-16,80]}}},{"origin":[-24,10,-24],"size":[48,0,48],"uv":{"up":{"uv":[86,0],"uv_size":[48,48]}}},{"origin":[-22,31,22],"size":[9,2,2],"uv":{"north":{"uv":[0,49],"uv_size":[9,2]},"east":{"uv":[0,51],"uv_size":[2,2]},"west":{"uv":[0,51],"uv_size":[2,2]},"up":{"uv":[9,48],"uv_size":[-9,-2]},"down":{"uv":[9,46],"uv_size":[-9,2]}}},{"origin":[-22,18,23],"size":[9,13,0],"pivot":[-17.5,31,23],"rotation":[-5,0,0],"uv":{"north":{"uv":[0,53],"uv_size":[9,13]},"east":{"uv":[0,0],"uv_size":[0,11]},"west":{"uv":[0,0],"uv_size":[0,11]},"up":{"uv":[9,0],"uv_size":[-9,0]},"down":{"uv":[9,0],"uv_size":[-9,0]}}},{"origin":[13,18,23],"size":[9,13,0],"pivot":[17.5,31,23],"rotation":[-5,0,0],"uv":{"north":{"uv":[9,53],"uv_size":[-9,13]},"east":{"uv":[0,0],"uv_size":[0,11]},"west":{"uv":[0,0],"uv_size":[0,11]},"up":{"uv":[0,0],"uv_size":[9,0]},"down":{"uv":[0,0],"uv_size":[9,0]}}},{"origin":[13,31,22],"size":[9,2,2],"uv":{"north":{"uv":[9,49],"uv_size":[-9,2]},"east":{"uv":[2,51],"uv_size":[-2,2]},"west":{"uv":[2,51],"uv_size":[-2,2]},"up":{"uv":[0,48],"uv_size":[9,-2]},"down":{"uv":[0,46],"uv_size":[9,2]}}},{"origin":[-22,31,-24],"size":[9,2,2],"uv":{"east":{"uv":[2,51],"uv_size":[-2,2]},"south":{"uv":[9,49],"uv_size":[-9,2]},"west":{"uv":[2,51],"uv_size":[-2,2]},"up":{"uv":[9,46],"uv_size":[-9,2]},"down":{"uv":[9,48],"uv_size":[-9,-2]}}},{"origin":[-22,18,-23],"size":[9,13,0],"pivot":[-17.5,31,-23],"rotation":[5,0,0],"uv":{"east":{"uv":[0,0],"uv_size":[0,11]},"south":{"uv":[9,53],"uv_size":[-9,13]},"west":{"uv":[0,0],"uv_size":[0,11]},"up":{"uv":[9,0],"uv_size":[-9,0]},"down":{"uv":[9,0],"uv_size":[-9,0]}}},{"origin":[13,31,-24],"size":[9,2,2],"uv":{"east":{"uv":[0,51],"uv_size":[2,2]},"south":{"uv":[0,49],"uv_size":[9,2]},"west":{"uv":[0,51],"uv_size":[2,2]},"up":{"uv":[0,46],"uv_size":[9,2]},"down":{"uv":[0,48],"uv_size":[9,-2]}}},{"origin":[13,18,-23],"size":[9,13,0],"pivot":[17.5,31,-23],"rotation":[5,0,0],"uv":{"east":{"uv":[0,0],"uv_size":[0,11]},"south":{"uv":[0,53],"uv_size":[9,13]},"west":{"uv":[0,0],"uv_size":[0,11]},"up":{"uv":[0,0],"uv_size":[9,0]},"down":{"uv":[0,0],"uv_size":[9,0]}}},{"origin":[-5,15,24],"size":[3,3,0],"pivot":[-3.5,18,24],"rotation":[-37.5,0,0],"uv":{"north":{"uv":[11,46],"uv_size":[3,3]},"east":{"uv":[0,0],"uv_size":[0,3]},"west":{"uv":[0,0],"uv_size":[0,3]},"up":{"uv":[3,0],"uv_size":[-3,0]},"down":{"uv":[3,0],"uv_size":[-3,0]}}},{"origin":[2,15,24],"size":[3,3,0],"pivot":[3.5,18,24],"rotation":[-37.5,0,0],"uv":{"north":{"uv":[14,46],"uv_size":[-3,3]},"east":{"uv":[0,0],"uv_size":[0,3]},"west":{"uv":[0,0],"uv_size":[0,3]},"up":{"uv":[0,0],"uv_size":[3,0]},"down":{"uv":[0,0],"uv_size":[3,0]}}},{"origin":[2,15,-24],"size":[3,3,0],"pivot":[3.5,18,-24],"rotation":[37.5,0,0],"uv":{"east":{"uv":[0,0],"uv_size":[0,3]},"south":{"uv":[11,46],"uv_size":[3,3]},"west":{"uv":[0,0],"uv_size":[0,3]},"up":{"uv":[0,0],"uv_size":[3,0]},"down":{"uv":[0,0],"uv_size":[3,0]}}},{"origin":[-5,15,-24],"size":[3,3,0],"pivot":[-3.5,18,-24],"rotation":[37.5,0,0],"uv":{"east":{"uv":[0,0],"uv_size":[0,3]},"south":{"uv":[14,46],"uv_size":[-3,3]},"west":{"uv":[0,0],"uv_size":[0,3]},"up":{"uv":[3,0],"uv_size":[-3,0]},"down":{"uv":[3,0],"uv_size":[-3,0]}}}]}]}]}