{"format_version":"1.12.0","minecraft:geometry":[{"description":{"identifier":"geometry.hive.bridge.pit.dark.sorcery","texture_width":192,"texture_height":96,"visible_bounds_width":6,"visible_bounds_height":7,"visible_bounds_offset":[0,1.5,0]},"bones":[{"name":"root","pivot":[0,0,0]},{"name":"goal","parent":"root","pivot":[0,0,0],"cubes":[{"origin":[-24,0,-26],"size":[48,46,2],"uv":{"east":{"uv":[182,0],"uv_size":[2,46]},"south":{"uv":[134,0],"uv_size":[48,46]},"west":{"uv":[182,0],"uv_size":[2,46]},"up":{"uv":[83,46],"uv_size":[2,2]}}},{"origin":[-24,0,24],"size":[48,46,2],"uv":{"north":{"uv":[134,0],"uv_size":[48,46]},"east":{"uv":[184,0],"uv_size":[-2,46]},"west":{"uv":[184,0],"uv_size":[-2,46]},"up":{"uv":[81,46],"uv_size":[3,1]}}},{"origin":[-24,46,-40],"size":[48,4,16],"uv":{"north":{"uv":[16,84],"uv_size":[48,4]},"south":{"uv":[16,80],"uv_size":[48,4]},"up":{"uv":[86,48],"uv_size":[48,16]}}},{"origin":[-24,46,24],"size":[48,4,16],"uv":{"north":{"uv":[64,80],"uv_size":[-48,4]},"south":{"uv":[64,84],"uv_size":[-48,4]},"up":{"uv":[86,64],"uv_size":[48,-16]}}},{"origin":[24,46,-40],"size":[16,4,80],"uv":{"north":{"uv":[0,84],"uv_size":[16,4]},"east":{"uv":[0,80],"uv_size":[80,4]},"south":{"uv":[0,84],"uv_size":[16,4]},"west":{"uv":[0,84],"uv_size":[80,4]},"up":{"uv":[70,0],"uv_size":[16,80]}}},{"origin":[24,0,-24],"size":[2,46,48],"uv":{"north":{"uv":[182,0],"uv_size":[2,46]},"east":{"uv":[134,0],"uv_size":[48,46]},"south":{"uv":[182,0],"uv_size":[2,46]},"up":{"uv":[83,40],"uv_size":[2,5]}}},{"origin":[-26,0,-24],"size":[2,46,48],"uv":{"north":{"uv":[184,0],"uv_size":[-2,46]},"south":{"uv":[184,0],"uv_size":[-2,46]},"west":{"uv":[134,0],"uv_size":[48,46]},"up":{"uv":[85,34],"uv_size":[-2,12]}}},{"origin":[-40,46,-40],"size":[16,4,80],"uv":{"north":{"uv":[80,84],"uv_size":[-16,4]},"east":{"uv":[80,84],"uv_size":[-80,4]},"south":{"uv":[80,84],"uv_size":[-16,4]},"west":{"uv":[80,80],"uv_size":[-80,4]},"up":{"uv":[86,0],"uv_size":[-16,80]}}},{"origin":[-24,3,-24],"size":[48,0,48],"uv":{"up":{"uv":[86,0],"uv_size":[48,48]}}}]},{"name":"bone9","parent":"goal","pivot":[0,18,0],"cubes":[{"origin":[-16,25,-16],"size":[32,0,32],"pivot":[0,16,0],"rotation":[0,45,0],"uv":{"up":{"uv":[70,54],"uv_size":[-32,-32]}}},{"origin":[-16,23,-16],"size":[32,0,32],"uv":{"up":{"uv":[32,32],"uv_size":[-32,-32]}}},{"origin":[-22,30,-22],"size":[44,0,44],"uv":{"up":{"uv":[179,91],"uv_size":[-44,-44]}}},{"origin":[-11,19,-11],"size":[22,0,22],"uv":{"up":{"uv":[70,22],"uv_size":[-22,-22]}}},{"origin":[-5,14,-5],"size":[10,0,10],"uv":{"up":{"uv":[42,10],"uv_size":[-10,-10]}}}]},{"name":"bone5","parent":"goal","pivot":[-32,50,-24],"cubes":[{"origin":[-36.75,50,-5],"size":[9,2,9],"pivot":[-32.75,51,0],"rotation":[0,-45,0],"uv":{"north":{"uv":[19,78],"uv_size":[-9,2]},"east":{"uv":[10,76],"uv_size":[9,2]},"south":{"uv":[19,76],"uv_size":[-9,2]},"west":{"uv":[10,78],"uv_size":[9,2]},"up":{"uv":[19,80],"uv_size":[9,-9]}}},{"origin":[-36,50,-24],"size":[8,3,17],"pivot":[-32,50,-24],"rotation":[-3.5,0,0],"uv":{"north":{"uv":[25,67],"uv_size":[-8,3]},"east":{"uv":[0,67],"uv_size":[17,3]},"south":{"uv":[25,67],"uv_size":[-8,3]},"west":{"uv":[17,67],"uv_size":[-17,3]},"up":{"uv":[0,50],"uv_size":[8,17]}}},{"origin":[-36,50,7],"size":[8,3,17],"pivot":[-32,50,24],"rotation":[3.5,0,0],"uv":{"north":{"uv":[17,67],"uv_size":[8,3]},"east":{"uv":[17,67],"uv_size":[-17,3]},"south":{"uv":[17,67],"uv_size":[8,3]},"west":{"uv":[0,67],"uv_size":[17,3]},"up":{"uv":[0,67],"uv_size":[8,-17]}}}]},{"name":"bone8","parent":"goal","pivot":[32,50,-24],"cubes":[{"origin":[27.75,50,-5],"size":[9,2,9],"pivot":[32.75,51,0],"rotation":[0,45,0],"uv":{"north":{"uv":[10,78],"uv_size":[9,2]},"east":{"uv":[19,78],"uv_size":[-9,2]},"south":{"uv":[10,76],"uv_size":[9,2]},"west":{"uv":[19,76],"uv_size":[-9,2]},"up":{"uv":[28,80],"uv_size":[-9,-9]}}},{"origin":[28,50,-24],"size":[8,3,17],"pivot":[32,50,-24],"rotation":[-3.5,0,0],"uv":{"north":{"uv":[17,67],"uv_size":[8,3]},"east":{"uv":[0,67],"uv_size":[17,3]},"south":{"uv":[17,67],"uv_size":[8,3]},"west":{"uv":[17,67],"uv_size":[-17,3]},"up":{"uv":[8,50],"uv_size":[-8,17]}}},{"origin":[28,50,7],"size":[8,3,17],"pivot":[32,50,24],"rotation":[3.5,0,0],"uv":{"north":{"uv":[25,67],"uv_size":[-8,3]},"east":{"uv":[17,67],"uv_size":[-17,3]},"south":{"uv":[25,67],"uv_size":[-8,3]},"west":{"uv":[0,67],"uv_size":[17,3]},"up":{"uv":[8,67],"uv_size":[-8,-17]}}}]},{"name":"bone6","parent":"goal","pivot":[0,52,32.75],"cubes":[{"origin":[7,50,28],"size":[17,3,8],"pivot":[24,50,32],"rotation":[0,0,-3.5],"uv":{"north":{"uv":[0,67],"uv_size":[17,3]},"east":{"uv":[17,67],"uv_size":[8,3]},"south":{"uv":[17,67],"uv_size":[-17,3]},"west":{"uv":[17,67],"uv_size":[8,3]},"up":{"uv":[70,68],"uv_size":[-17,8]}}},{"origin":[-24,50,28],"size":[17,3,8],"pivot":[-24,50,32],"rotation":[0,0,3.5],"uv":{"north":{"uv":[17,67],"uv_size":[-17,3]},"east":{"uv":[25,67],"uv_size":[-8,3]},"south":{"uv":[0,67],"uv_size":[17,3]},"west":{"uv":[25,67],"uv_size":[-8,3]},"up":{"uv":[70,76],"uv_size":[-17,-8]}}},{"origin":[-4,50,27.75],"size":[9,2,9],"pivot":[0,51,32.75],"rotation":[0,45,0],"uv":{"north":{"uv":[19,78],"uv_size":[-9,2]},"east":{"uv":[10,76],"uv_size":[9,2]},"south":{"uv":[19,76],"uv_size":[-9,2]},"west":{"uv":[10,78],"uv_size":[9,2]},"up":{"uv":[19,80],"uv_size":[9,-9]}}}]},{"name":"bone7","parent":"goal","pivot":[0,52,-32.75],"cubes":[{"origin":[7,50,-36],"size":[17,3,8],"pivot":[24,50,-32],"rotation":[0,0,-3.5],"uv":{"north":{"uv":[0,67],"uv_size":[17,3]},"east":{"uv":[25,67],"uv_size":[-8,3]},"south":{"uv":[17,67],"uv_size":[-17,3]},"west":{"uv":[25,67],"uv_size":[-8,3]},"up":{"uv":[53,68],"uv_size":[17,8]}}},{"origin":[-24,50,-36],"size":[17,3,8],"pivot":[-24,50,-32],"rotation":[0,0,3.5],"uv":{"north":{"uv":[17,67],"uv_size":[-17,3]},"east":{"uv":[17,67],"uv_size":[8,3]},"south":{"uv":[0,67],"uv_size":[17,3]},"west":{"uv":[17,67],"uv_size":[8,3]},"up":{"uv":[53,76],"uv_size":[17,-8]}}},{"origin":[-4,50,-36.75],"size":[9,2,9],"pivot":[0,51,-32.75],"rotation":[0,-45,0],"uv":{"north":{"uv":[10,76],"uv_size":[9,2]},"east":{"uv":[19,76],"uv_size":[-9,2]},"south":{"uv":[10,78],"uv_size":[9,2]},"west":{"uv":[19,78],"uv_size":[-9,2]},"up":{"uv":[19,71],"uv_size":[9,9]}}}]}]}]}