{"format_version":"1.12.0","minecraft:geometry":[{"description":{"identifier":"geometry.hive.bridge.pit.default","texture_width":192,"texture_height":96,"visible_bounds_width":6,"visible_bounds_height":7,"visible_bounds_offset":[0,1.5,0]},"bones":[{"name":"root","pivot":[0,0,0]},{"name":"goal","parent":"root","pivot":[0,0,0],"cubes":[{"origin":[-24,0,-26],"size":[48,46,2],"uv":{"east":{"uv":[182,0],"uv_size":[2,46]},"south":{"uv":[192,50],"uv_size":[-48,46]},"west":{"uv":[182,0],"uv_size":[2,46]},"up":{"uv":[85,49],"uv_size":[48,2]}}},{"origin":[-24,0,24],"size":[48,46,2],"uv":{"north":{"uv":[144,50],"uv_size":[48,46]},"east":{"uv":[184,0],"uv_size":[-2,46]},"west":{"uv":[184,0],"uv_size":[-2,46]},"up":{"uv":[81,46],"uv_size":[3,1]}}},{"origin":[-24,46,-40],"size":[48,4,16],"uv":{"north":{"uv":[16,84],"uv_size":[48,4]},"south":{"uv":[16,80],"uv_size":[48,4]},"up":{"uv":[134,48],"uv_size":[-48,16]}}},{"origin":[-24,46,24],"size":[48,4,16],"uv":{"north":{"uv":[64,80],"uv_size":[-48,4]},"south":{"uv":[16,84],"uv_size":[48,4]},"up":{"uv":[134,64],"uv_size":[-48,-16]}}},{"origin":[24,0,-24],"size":[2,46,48],"uv":{"north":{"uv":[182,0],"uv_size":[2,46]},"east":{"uv":[144,50],"uv_size":[48,46]},"south":{"uv":[182,0],"uv_size":[2,46]},"up":{"uv":[83,40],"uv_size":[2,5]}}},{"origin":[-26,0,-24],"size":[2,46,48],"uv":{"north":{"uv":[184,0],"uv_size":[-2,46]},"south":{"uv":[184,0],"uv_size":[-2,46]},"west":{"uv":[144,50],"uv_size":[48,46]},"up":{"uv":[85,34],"uv_size":[-2,12]}}},{"origin":[-40,46,-40],"size":[16,4,40],"uv":{"north":{"uv":[0,84],"uv_size":[16,4]},"east":{"uv":[40,84],"uv_size":[-40,4]},"west":{"uv":[0,80],"uv_size":[40,4]},"up":{"uv":[86,40],"uv_size":[-16,40]}}},{"origin":[-40,46,0],"size":[16,4,40],"uv":{"east":{"uv":[0,84],"uv_size":[40,4]},"south":{"uv":[16,84],"uv_size":[-16,4]},"west":{"uv":[40,80],"uv_size":[40,4]},"up":{"uv":[86,80],"uv_size":[-16,-40]}}},{"origin":[24,46,0],"size":[16,4,40],"uv":{"east":{"uv":[80,80],"uv_size":[-40,4]},"south":{"uv":[0,84],"uv_size":[16,4]},"west":{"uv":[40,84],"uv_size":[-40,4]},"up":{"uv":[70,80],"uv_size":[16,-40]}}},{"origin":[24,46,-40],"size":[16,4,40],"uv":{"north":{"uv":[16,84],"uv_size":[-16,4]},"east":{"uv":[40,80],"uv_size":[-40,4]},"west":{"uv":[0,84],"uv_size":[40,4]},"up":{"uv":[70,40],"uv_size":[16,40]}}},{"origin":[-36,49,-24],"size":[8,2,48],"pivot":[-28,50,0],"rotation":[0,0,-4],"uv":{"north":{"uv":[183,46],"uv_size":[-8,2]},"east":{"uv":[62,38],"uv_size":[-48,1]},"south":{"uv":[175,46],"uv_size":[8,2]},"west":{"uv":[5,47],"uv_size":[-2,1]},"up":{"uv":[142,94],"uv_size":[-8,-48]}}},{"origin":[28,49,-24],"size":[8,2,48],"pivot":[28,50,0],"rotation":[0,0,4],"uv":{"north":{"uv":[175,46],"uv_size":[8,2]},"east":{"uv":[3,47],"uv_size":[2,1]},"south":{"uv":[183,46],"uv_size":[-8,2]},"west":{"uv":[14,38],"uv_size":[48,1]},"up":{"uv":[184,0],"uv_size":[8,48]}}},{"origin":[-24,15,-24],"size":[48,0,48],"uv":{"up":{"uv":[86,0],"uv_size":[48,48]}}},{"origin":[-24,9,-24],"size":[48,0,48],"uv":{"up":{"uv":[138,0],"uv_size":[44,44]}}},{"origin":[-24,1,-24],"size":[48,0,48],"uv":{"up":{"uv":[33,39],"uv_size":[37,37]}}}]},{"name":"Doors","parent":"goal","pivot":[0,48,0]},{"name":"leftDoor","parent":"Doors","pivot":[-24,50,0],"rotation":[0,0,75],"cubes":[{"origin":[-7,48,-24],"size":[7,2,48],"uv":{"north":{"uv":[31,10],"uv_size":[-7,2]},"east":{"uv":[14,36],"uv_size":[48,2]},"south":{"uv":[24,10],"uv_size":[7,2]},"west":{"uv":[14,34],"uv_size":[48,2]},"up":{"uv":[0,0],"uv_size":[7,48]},"down":{"uv":[0,48],"uv_size":[7,-48]}}},{"origin":[-24,48,-24],"size":[7,2,48],"uv":{"north":{"uv":[7,0],"uv_size":[1,4]},"east":{"uv":[7,0],"uv_size":[1,5]},"south":{"uv":[7,0],"uv_size":[1,3]},"west":{"uv":[14,36],"uv_size":[48,2]},"up":{"uv":[7,0],"uv_size":[7,48]},"down":{"uv":[7,48],"uv_size":[7,-48]}}},{"origin":[-17,48,8],"size":[10,2,16],"uv":{"north":{"uv":[24,8],"uv_size":[10,2]},"south":{"uv":[7,0],"uv_size":[1,2]},"up":{"uv":[14,16],"uv_size":[10,16]},"down":{"uv":[14,32],"uv_size":[10,-16]}}},{"origin":[-17,49,-8],"size":[10,0,16],"uv":{"north":{"uv":[0,0],"uv_size":[10,0]},"east":{"uv":[0,0],"uv_size":[16,0]},"south":{"uv":[0,0],"uv_size":[10,0]},"west":{"uv":[0,0],"uv_size":[16,0]},"up":{"uv":[14,0],"uv_size":[10,16]}}},{"origin":[-19,50,11],"size":[14,1,8],"pivot":[-12,50,11],"rotation":[-4,0,0],"uv":{"north":{"uv":[24,12],"uv_size":[14,1]},"east":{"uv":[24,14],"uv_size":[8,1]},"south":{"uv":[24,13],"uv_size":[14,1]},"west":{"uv":[24,15],"uv_size":[8,1]},"up":{"uv":[24,0],"uv_size":[14,8]}}},{"origin":[-19,50,-19],"size":[14,1,8],"pivot":[-12,50,-11],"rotation":[4,0,0],"uv":{"north":{"uv":[38,13],"uv_size":[-14,1]},"east":{"uv":[32,14],"uv_size":[-8,1]},"south":{"uv":[38,12],"uv_size":[-14,1]},"west":{"uv":[32,15],"uv_size":[-8,1]},"up":{"uv":[24,8],"uv_size":[14,-8]}}},{"origin":[-17,48,-24],"size":[10,2,16],"uv":{"north":{"uv":[8,0],"uv_size":[-1,2]},"south":{"uv":[34,8],"uv_size":[-10,2]},"up":{"uv":[14,32],"uv_size":[10,-16]},"down":{"uv":[14,16],"uv_size":[10,16]}}}]},{"name":"rightDoor","parent":"Doors","pivot":[24,50,0],"rotation":[0,0,-75],"cubes":[{"origin":[0,48,-24],"size":[7,2,48],"uv":{"north":{"uv":[24,10],"uv_size":[7,2]},"east":{"uv":[62,34],"uv_size":[-48,2]},"south":{"uv":[31,10],"uv_size":[-7,2]},"west":{"uv":[62,36],"uv_size":[-48,2]},"up":{"uv":[7,0],"uv_size":[-7,48]},"down":{"uv":[7,48],"uv_size":[-7,-48]}}},{"origin":[17,48,-24],"size":[7,2,48],"uv":{"north":{"uv":[8,0],"uv_size":[-1,4]},"east":{"uv":[62,36],"uv_size":[-48,2]},"south":{"uv":[8,0],"uv_size":[-1,3]},"west":{"uv":[8,0],"uv_size":[-1,5]},"up":{"uv":[14,0],"uv_size":[-7,48]},"down":{"uv":[14,48],"uv_size":[-7,-48]}}},{"origin":[7,48,8],"size":[10,2,16],"uv":{"north":{"uv":[34,8],"uv_size":[-10,2]},"south":{"uv":[8,0],"uv_size":[-1,2]},"up":{"uv":[24,16],"uv_size":[-10,16]},"down":{"uv":[24,32],"uv_size":[-10,-16]}}},{"origin":[7,49,-8],"size":[10,0,16],"uv":{"north":{"uv":[10,0],"uv_size":[-10,0]},"east":{"uv":[16,0],"uv_size":[-16,0]},"south":{"uv":[10,0],"uv_size":[-10,0]},"west":{"uv":[16,0],"uv_size":[-16,0]},"up":{"uv":[24,0],"uv_size":[-10,16]}}},{"origin":[5,50,11],"size":[14,1,8],"pivot":[12,50,11],"rotation":[-4,0,0],"uv":{"north":{"uv":[38,12],"uv_size":[-14,1]},"east":{"uv":[32,15],"uv_size":[-8,1]},"south":{"uv":[38,13],"uv_size":[-14,1]},"west":{"uv":[32,14],"uv_size":[-8,1]},"up":{"uv":[51,0],"uv_size":[-14,8]}}},{"origin":[5,50,-19],"size":[14,1,8],"pivot":[12,50,-11],"rotation":[4,0,0],"uv":{"north":{"uv":[24,13],"uv_size":[14,1]},"east":{"uv":[24,15],"uv_size":[8,1]},"south":{"uv":[24,12],"uv_size":[14,1]},"west":{"uv":[24,14],"uv_size":[8,1]},"up":{"uv":[52,8],"uv_size":[-14,-8]}}},{"origin":[7,48,-24],"size":[10,2,16],"uv":{"north":{"uv":[7,0],"uv_size":[1,2]},"south":{"uv":[24,8],"uv_size":[10,2]},"up":{"uv":[24,32],"uv_size":[-10,-16]},"down":{"uv":[24,16],"uv_size":[-10,16]}}}]}]}]}