{"format_version":"1.12.0","minecraft:geometry":[{"description":{"identifier":"geometry.hive.bridge.pit.end","texture_width":192,"texture_height":96,"visible_bounds_width":8,"visible_bounds_height":7,"visible_bounds_offset":[0,1.5,0]},"bones":[{"name":"root","pivot":[0,0,0]},{"name":"goal","parent":"root","pivot":[0,0,0],"cubes":[{"origin":[-24,0,-26],"size":[48,46,2],"uv":{"east":{"uv":[182,0],"uv_size":[2,46]},"south":{"uv":[134,0],"uv_size":[48,46]},"west":{"uv":[182,0],"uv_size":[2,46]},"up":{"uv":[83,46],"uv_size":[2,2]}}},{"origin":[-24,0,24],"size":[48,46,2],"uv":{"north":{"uv":[134,0],"uv_size":[48,46]},"east":{"uv":[184,0],"uv_size":[-2,46]},"west":{"uv":[184,0],"uv_size":[-2,46]},"up":{"uv":[81,46],"uv_size":[3,1]}}},{"origin":[-24,46,-40],"size":[48,4,16],"uv":{"north":{"uv":[86,64],"uv_size":[48,4]},"south":{"uv":[16,80],"uv_size":[48,4]},"west":{"uv":[154,51],"uv_size":[-16,4]},"up":{"uv":[86,48],"uv_size":[48,16]}}},{"origin":[-24,46,24],"size":[48,4,16],"uv":{"north":{"uv":[64,80],"uv_size":[-48,4]},"south":{"uv":[134,64],"uv_size":[-48,4]},"west":{"uv":[138,51],"uv_size":[16,4]},"up":{"uv":[86,64],"uv_size":[48,-16]}}},{"origin":[24,46,-40],"size":[16,4,80],"uv":{"north":{"uv":[54,76],"uv_size":[16,4]},"east":{"uv":[0,80],"uv_size":[80,4]},"south":{"uv":[70,76],"uv_size":[-16,4]},"west":{"uv":[0,84],"uv_size":[80,4]},"up":{"uv":[86,0],"uv_size":[-16,80]}}},{"origin":[24,0,-24],"size":[2,46,48],"uv":{"north":{"uv":[182,0],"uv_size":[2,46]},"east":{"uv":[134,0],"uv_size":[48,46]},"south":{"uv":[182,0],"uv_size":[2,46]},"up":{"uv":[83,40],"uv_size":[2,5]}}},{"origin":[-26,0,-24],"size":[2,46,48],"uv":{"north":{"uv":[184,0],"uv_size":[-2,46]},"south":{"uv":[184,0],"uv_size":[-2,46]},"west":{"uv":[134,0],"uv_size":[48,46]},"up":{"uv":[85,34],"uv_size":[-2,12]}}},{"origin":[-40,46,-40],"size":[16,4,80],"uv":{"north":{"uv":[70,76],"uv_size":[-16,4]},"east":{"uv":[80,84],"uv_size":[-80,4]},"south":{"uv":[54,76],"uv_size":[16,4]},"west":{"uv":[80,80],"uv_size":[-80,4]},"up":{"uv":[70,0],"uv_size":[16,80]}}},{"origin":[-24,11,-24],"size":[48,0,48],"uv":{"up":{"uv":[86,0],"uv_size":[48,48]}}}]},{"name":"bone","parent":"goal","pivot":[0,11,0],"cubes":[{"origin":[-16,26,14],"size":[2,0,6],"pivot":[-14.5,26,18.5],"rotation":[0,25,0],"uv":{"north":{"uv":[0,0],"uv_size":[1,0]},"east":{"uv":[0,0],"uv_size":[3,0]},"south":{"uv":[0,0],"uv_size":[1,0]},"west":{"uv":[0,0],"uv_size":[3,0]},"up":{"uv":[7,14],"uv_size":[-1,-3]}}},{"origin":[-2,17,-1],"size":[1,0,3],"pivot":[-0.5,17,4.5],"rotation":[0,-60,0],"uv":{"north":{"uv":[0,0],"uv_size":[1,0]},"east":{"uv":[0,0],"uv_size":[3,0]},"south":{"uv":[0,0],"uv_size":[1,0]},"west":{"uv":[0,0],"uv_size":[3,0]},"up":{"uv":[7,14],"uv_size":[-1,-3]}}},{"origin":[10,23,7],"size":[2,0,6],"pivot":[14.5,23,10.5],"rotation":[-180,5,180],"uv":{"north":{"uv":[0,0],"uv_size":[1,0]},"east":{"uv":[0,0],"uv_size":[3,0]},"south":{"uv":[0,0],"uv_size":[1,0]},"west":{"uv":[0,0],"uv_size":[3,0]},"up":{"uv":[7,14],"uv_size":[-1,-3]}}},{"origin":[-8,12,-18],"size":[1,0,3],"pivot":[-13.5,12,-16.5],"rotation":[-180,22.5,180],"uv":{"north":{"uv":[0,0],"uv_size":[1,0]},"east":{"uv":[0,0],"uv_size":[3,0]},"south":{"uv":[0,0],"uv_size":[1,0]},"west":{"uv":[0,0],"uv_size":[3,0]},"up":{"uv":[7,14],"uv_size":[-1,-3]}}},{"origin":[13,24,-15],"size":[2,0,6],"pivot":[14.5,24,-11.5],"rotation":[0,52.5,0],"uv":{"north":{"uv":[0,0],"uv_size":[1,0]},"east":{"uv":[0,0],"uv_size":[3,0]},"south":{"uv":[0,0],"uv_size":[1,0]},"west":{"uv":[0,0],"uv_size":[3,0]},"up":{"uv":[7,14],"uv_size":[-1,-3]}}},{"origin":[11,19,-3],"size":[1,0,3],"pivot":[11.5,19,-1.5],"rotation":[0,25,0],"uv":{"north":{"uv":[0,0],"uv_size":[1,0]},"east":{"uv":[0,0],"uv_size":[3,0]},"south":{"uv":[0,0],"uv_size":[1,0]},"west":{"uv":[0,0],"uv_size":[3,0]},"up":{"uv":[6,14],"uv_size":[-1,-3]}}},{"origin":[-16,23,7],"size":[1,0,3],"pivot":[-11.5,23,9.5],"rotation":[-180,27.5,180],"uv":{"north":{"uv":[0,0],"uv_size":[1,0]},"east":{"uv":[0,0],"uv_size":[3,0]},"south":{"uv":[0,0],"uv_size":[1,0]},"west":{"uv":[0,0],"uv_size":[3,0]},"up":{"uv":[6,14],"uv_size":[-1,-3]}}},{"origin":[-12,19,-11],"size":[1,0,3],"pivot":[-4.5,19,-9.5],"rotation":[0,-27.5,0],"uv":{"north":{"uv":[0,0],"uv_size":[1,0]},"east":{"uv":[0,0],"uv_size":[3,0]},"south":{"uv":[0,0],"uv_size":[1,0]},"west":{"uv":[0,0],"uv_size":[3,0]},"up":{"uv":[6,14],"uv_size":[-1,-3]}}},{"origin":[-15,14,-4],"size":[2,0,6],"pivot":[-19.5,14,-0.5],"rotation":[0,62.5,0],"uv":{"north":{"uv":[0,0],"uv_size":[1,0]},"east":{"uv":[0,0],"uv_size":[3,0]},"south":{"uv":[0,0],"uv_size":[1,0]},"west":{"uv":[0,0],"uv_size":[3,0]},"up":{"uv":[5,14],"uv_size":[-1,-3]}}},{"origin":[6,20,-15],"size":[1,0,3],"pivot":[5.5,20,-13.5],"rotation":[-180,12.5,180],"uv":{"north":{"uv":[0,0],"uv_size":[1,0]},"east":{"uv":[0,0],"uv_size":[3,0]},"south":{"uv":[0,0],"uv_size":[1,0]},"west":{"uv":[0,0],"uv_size":[3,0]},"up":{"uv":[5,14],"uv_size":[-1,-3]}}},{"origin":[2,22,17],"size":[1,0,3],"pivot":[5.5,22,16.5],"rotation":[-180,30,180],"uv":{"north":{"uv":[0,0],"uv_size":[1,0]},"east":{"uv":[0,0],"uv_size":[3,0]},"south":{"uv":[0,0],"uv_size":[1,0]},"west":{"uv":[0,0],"uv_size":[3,0]},"up":{"uv":[5,14],"uv_size":[-1,-3]}}}]},{"name":"bone2","parent":"goal","pivot":[0,13,0],"rotation":[-180,40,180],"cubes":[{"origin":[-14,28,17],"size":[1,0,3],"pivot":[-14.5,28,18.5],"rotation":[0,25,0],"uv":{"north":{"uv":[0,0],"uv_size":[1,0]},"east":{"uv":[0,0],"uv_size":[3,0]},"south":{"uv":[0,0],"uv_size":[1,0]},"west":{"uv":[0,0],"uv_size":[3,0]},"up":{"uv":[7,14],"uv_size":[-1,-3]}}},{"origin":[0,19,7],"size":[2,0,6],"pivot":[-0.5,19,4.5],"rotation":[0,77.5,0],"uv":{"north":{"uv":[0,0],"uv_size":[1,0]},"east":{"uv":[0,0],"uv_size":[3,0]},"south":{"uv":[0,0],"uv_size":[1,0]},"west":{"uv":[0,0],"uv_size":[3,0]},"up":{"uv":[7,14],"uv_size":[-1,-3]}}},{"origin":[13,25,10],"size":[1,0,3],"pivot":[14.5,25,10.5],"rotation":[-180,5,180],"uv":{"north":{"uv":[0,0],"uv_size":[1,0]},"east":{"uv":[0,0],"uv_size":[3,0]},"south":{"uv":[0,0],"uv_size":[1,0]},"west":{"uv":[0,0],"uv_size":[3,0]},"up":{"uv":[7,14],"uv_size":[-1,-3]}}},{"origin":[-14,14,-18],"size":[1,0,3],"pivot":[-13.5,14,-16.5],"rotation":[-180,22.5,180],"uv":{"north":{"uv":[0,0],"uv_size":[1,0]},"east":{"uv":[0,0],"uv_size":[3,0]},"south":{"uv":[0,0],"uv_size":[1,0]},"west":{"uv":[0,0],"uv_size":[3,0]},"up":{"uv":[7,14],"uv_size":[-1,-3]}}},{"origin":[14,26,-13],"size":[1,0,3],"pivot":[14.5,26,-11.5],"rotation":[0,52.5,0],"uv":{"north":{"uv":[0,0],"uv_size":[1,0]},"east":{"uv":[0,0],"uv_size":[3,0]},"south":{"uv":[0,0],"uv_size":[1,0]},"west":{"uv":[0,0],"uv_size":[3,0]},"up":{"uv":[7,14],"uv_size":[-1,-3]}}},{"origin":[11,21,-7],"size":[1,0,3],"pivot":[11.5,21,-1.5],"rotation":[0,52.5,0],"uv":{"north":{"uv":[0,0],"uv_size":[1,0]},"east":{"uv":[0,0],"uv_size":[3,0]},"south":{"uv":[0,0],"uv_size":[1,0]},"west":{"uv":[0,0],"uv_size":[3,0]},"up":{"uv":[6,14],"uv_size":[-1,-3]}}},{"origin":[-12,25,6],"size":[1,0,3],"pivot":[-11.5,25,9.5],"rotation":[-180,47.5,180],"uv":{"north":{"uv":[0,0],"uv_size":[1,0]},"east":{"uv":[0,0],"uv_size":[3,0]},"south":{"uv":[0,0],"uv_size":[1,0]},"west":{"uv":[0,0],"uv_size":[3,0]},"up":{"uv":[6,14],"uv_size":[-1,-3]}}},{"origin":[-6,21,-8],"size":[2,0,6],"pivot":[-4.5,21,-9.5],"rotation":[0,-27.5,0],"uv":{"north":{"uv":[0,0],"uv_size":[1,0]},"east":{"uv":[0,0],"uv_size":[3,0]},"south":{"uv":[0,0],"uv_size":[1,0]},"west":{"uv":[0,0],"uv_size":[3,0]},"up":{"uv":[6,14],"uv_size":[-1,-3]}}},{"origin":[-20,16,2],"size":[1,0,3],"pivot":[-19.5,16,-0.5],"rotation":[0,62.5,0],"uv":{"north":{"uv":[0,0],"uv_size":[1,0]},"east":{"uv":[0,0],"uv_size":[3,0]},"south":{"uv":[0,0],"uv_size":[1,0]},"west":{"uv":[0,0],"uv_size":[3,0]},"up":{"uv":[5,14],"uv_size":[-1,-3]}}},{"origin":[5,22,-15],"size":[1,0,3],"pivot":[5.5,22,-13.5],"rotation":[-180,12.5,180],"uv":{"north":{"uv":[0,0],"uv_size":[1,0]},"east":{"uv":[0,0],"uv_size":[3,0]},"south":{"uv":[0,0],"uv_size":[1,0]},"west":{"uv":[0,0],"uv_size":[3,0]},"up":{"uv":[5,14],"uv_size":[-1,-3]}}},{"origin":[5,24,11],"size":[1,0,3],"pivot":[5.5,24,16.5],"rotation":[-180,30,180],"uv":{"north":{"uv":[0,0],"uv_size":[1,0]},"east":{"uv":[0,0],"uv_size":[3,0]},"south":{"uv":[0,0],"uv_size":[1,0]},"west":{"uv":[0,0],"uv_size":[3,0]},"up":{"uv":[5,14],"uv_size":[-1,-3]}}}]},{"name":"eyes1","parent":"goal","pivot":[0,51.5,-32],"cubes":[{"origin":[-4,50,-36],"size":[8,3,8],"pivot":[0,51.5,-32],"rotation":[0,-45,0],"uv":{"north":{"uv":[0,8],"uv_size":[8,3]},"east":{"uv":[0,8],"uv_size":[8,3]},"south":{"uv":[0,8],"uv_size":[8,3]},"west":{"uv":[0,8],"uv_size":[8,3]},"up":{"uv":[8,8],"uv_size":[-8,-8]},"down":{"uv":[8,8],"uv_size":[-8,-8]}}},{"origin":[-21,50,-36],"size":[8,3,8],"pivot":[-17,51.5,-32],"rotation":[0,-45,0],"uv":{"north":{"uv":[0,8],"uv_size":[8,3]},"east":{"uv":[0,8],"uv_size":[8,3]},"south":{"uv":[0,8],"uv_size":[8,3]},"west":{"uv":[0,8],"uv_size":[8,3]},"up":{"uv":[8,8],"uv_size":[-8,-8]},"down":{"uv":[8,8],"uv_size":[-8,-8]}}},{"origin":[13,50,-36],"size":[8,3,8],"pivot":[17,51.5,-32],"rotation":[0,-45,0],"uv":{"north":{"uv":[0,8],"uv_size":[8,3]},"east":{"uv":[0,8],"uv_size":[8,3]},"south":{"uv":[0,8],"uv_size":[8,3]},"west":{"uv":[0,8],"uv_size":[8,3]},"up":{"uv":[8,8],"uv_size":[-8,-8]},"down":{"uv":[8,8],"uv_size":[-8,-8]}}}]},{"name":"eyes2","parent":"goal","pivot":[0,51.5,0],"cubes":[{"origin":[-36,50,-4],"size":[8,3,8],"pivot":[-32,51.5,0],"rotation":[0,-45,0],"uv":{"north":{"uv":[0,8],"uv_size":[8,3]},"east":{"uv":[0,8],"uv_size":[8,3]},"south":{"uv":[0,8],"uv_size":[8,3]},"west":{"uv":[0,8],"uv_size":[8,3]},"up":{"uv":[8,0],"uv_size":[-8,8]},"down":{"uv":[8,8],"uv_size":[-8,-8]}}},{"origin":[-36,50,13],"size":[8,3,8],"pivot":[-32,51.5,17],"rotation":[0,-45,0],"uv":{"north":{"uv":[0,8],"uv_size":[8,3]},"east":{"uv":[0,8],"uv_size":[8,3]},"south":{"uv":[0,8],"uv_size":[8,3]},"west":{"uv":[0,8],"uv_size":[8,3]},"up":{"uv":[8,0],"uv_size":[-8,8]},"down":{"uv":[8,8],"uv_size":[-8,-8]}}},{"origin":[-36,50,-21],"size":[8,3,8],"pivot":[-32,51.5,-17],"rotation":[0,-45,0],"uv":{"north":{"uv":[0,8],"uv_size":[8,3]},"east":{"uv":[0,8],"uv_size":[8,3]},"south":{"uv":[0,8],"uv_size":[8,3]},"west":{"uv":[0,8],"uv_size":[8,3]},"up":{"uv":[8,0],"uv_size":[-8,8]},"down":{"uv":[8,8],"uv_size":[-8,-8]}}}]},{"name":"eyes3","parent":"goal","pivot":[0,51.5,0],"cubes":[{"origin":[-4,50,28],"size":[8,3,8],"pivot":[0,51.5,32],"rotation":[0,-45,0],"uv":{"north":{"uv":[0,8],"uv_size":[8,3]},"east":{"uv":[0,8],"uv_size":[8,3]},"south":{"uv":[0,8],"uv_size":[8,3]},"west":{"uv":[0,8],"uv_size":[8,3]},"up":{"uv":[0,0],"uv_size":[8,8]},"down":{"uv":[8,8],"uv_size":[-8,-8]}}},{"origin":[13,50,28],"size":[8,3,8],"pivot":[17,51.5,32],"rotation":[0,-45,0],"uv":{"north":{"uv":[0,8],"uv_size":[8,3]},"east":{"uv":[0,8],"uv_size":[8,3]},"south":{"uv":[0,8],"uv_size":[8,3]},"west":{"uv":[0,8],"uv_size":[8,3]},"up":{"uv":[0,0],"uv_size":[8,8]},"down":{"uv":[8,8],"uv_size":[-8,-8]}}},{"origin":[-21,50,28],"size":[8,3,8],"pivot":[-17,51.5,32],"rotation":[0,-45,0],"uv":{"north":{"uv":[0,8],"uv_size":[8,3]},"east":{"uv":[0,8],"uv_size":[8,3]},"south":{"uv":[0,8],"uv_size":[8,3]},"west":{"uv":[0,8],"uv_size":[8,3]},"up":{"uv":[0,0],"uv_size":[8,8]},"down":{"uv":[8,8],"uv_size":[-8,-8]}}}]},{"name":"eyes4","parent":"goal","pivot":[0,51.5,0],"cubes":[{"origin":[28,50,-4],"size":[8,3,8],"pivot":[32,51.5,0],"rotation":[0,-45,0],"uv":{"north":{"uv":[0,8],"uv_size":[8,3]},"east":{"uv":[0,8],"uv_size":[8,3]},"south":{"uv":[0,8],"uv_size":[8,3]},"west":{"uv":[0,8],"uv_size":[8,3]},"up":{"uv":[0,8],"uv_size":[8,-8]},"down":{"uv":[8,8],"uv_size":[-8,-8]}}},{"origin":[28,50,-21],"size":[8,3,8],"pivot":[32,51.5,-17],"rotation":[0,-45,0],"uv":{"north":{"uv":[0,8],"uv_size":[8,3]},"east":{"uv":[0,8],"uv_size":[8,3]},"south":{"uv":[0,8],"uv_size":[8,3]},"west":{"uv":[0,8],"uv_size":[8,3]},"up":{"uv":[0,8],"uv_size":[8,-8]},"down":{"uv":[8,8],"uv_size":[-8,-8]}}},{"origin":[28,50,13],"size":[8,3,8],"pivot":[32,51.5,17],"rotation":[0,-45,0],"uv":{"north":{"uv":[0,8],"uv_size":[8,3]},"east":{"uv":[0,8],"uv_size":[8,3]},"south":{"uv":[0,8],"uv_size":[8,3]},"west":{"uv":[0,8],"uv_size":[8,3]},"up":{"uv":[0,8],"uv_size":[8,-8]},"down":{"uv":[8,8],"uv_size":[-8,-8]}}}]}]}]}