{"format_version":"1.12.0","minecraft:geometry":[{"description":{"identifier":"geometry.hive.bridge.pit.golden","texture_width":192,"texture_height":96,"visible_bounds_width":6,"visible_bounds_height":6,"visible_bounds_offset":[0,1,0]},"bones":[{"name":"root","pivot":[0,0,0]},{"name":"goal","parent":"root","pivot":[0,0,0],"cubes":[{"origin":[-24,0,-26],"size":[48,46,2],"uv":{"east":{"uv":[182,0],"uv_size":[2,46]},"south":{"uv":[134,0],"uv_size":[48,46]},"west":{"uv":[182,0],"uv_size":[2,46]},"up":{"uv":[83,46],"uv_size":[2,2]}}},{"origin":[-24,0,24],"size":[48,46,2],"uv":{"north":{"uv":[134,0],"uv_size":[48,46]},"east":{"uv":[184,0],"uv_size":[-2,46]},"west":{"uv":[184,0],"uv_size":[-2,46]},"up":{"uv":[81,46],"uv_size":[3,1]}}},{"origin":[-24,46,-40],"size":[48,4,16],"uv":{"north":{"uv":[86,64],"uv_size":[48,4]},"east":{"uv":[52,64],"uv_size":[16,4]},"south":{"uv":[16,80],"uv_size":[48,4]},"west":{"uv":[154,51],"uv_size":[-16,4]},"up":{"uv":[86,48],"uv_size":[48,16]}}},{"origin":[-24,46,24],"size":[48,4,16],"uv":{"north":{"uv":[64,80],"uv_size":[-48,4]},"east":{"uv":[68,64],"uv_size":[-16,4]},"south":{"uv":[134,64],"uv_size":[-48,4]},"west":{"uv":[138,51],"uv_size":[16,4]},"up":{"uv":[86,64],"uv_size":[48,-16]}}},{"origin":[24,46,-40],"size":[16,4,80],"uv":{"north":{"uv":[36,64],"uv_size":[16,4]},"east":{"uv":[0,80],"uv_size":[80,4]},"south":{"uv":[36,64],"uv_size":[16,4]},"west":{"uv":[0,84],"uv_size":[80,4]},"up":{"uv":[70,0],"uv_size":[16,80]}}},{"origin":[24,0,-24],"size":[2,46,48],"uv":{"north":{"uv":[182,0],"uv_size":[2,46]},"east":{"uv":[134,0],"uv_size":[48,46]},"south":{"uv":[182,0],"uv_size":[2,46]},"up":{"uv":[83,40],"uv_size":[2,5]}}},{"origin":[-26,0,-24],"size":[2,46,48],"uv":{"north":{"uv":[184,0],"uv_size":[-2,46]},"south":{"uv":[184,0],"uv_size":[-2,46]},"west":{"uv":[134,0],"uv_size":[48,46]},"up":{"uv":[85,34],"uv_size":[-2,12]}}},{"origin":[-40,46,-40],"size":[16,4,80],"uv":{"north":{"uv":[52,64],"uv_size":[-16,4]},"east":{"uv":[80,84],"uv_size":[-80,4]},"south":{"uv":[52,64],"uv_size":[-16,4]},"west":{"uv":[80,80],"uv_size":[-80,4]},"up":{"uv":[86,0],"uv_size":[-16,80]}}},{"origin":[-38,50,-7],"size":[7,2,14],"uv":{"north":{"uv":[25,61],"uv_size":[-1,2]},"east":{"uv":[25,61],"uv_size":[-1,2]},"south":{"uv":[24,61],"uv_size":[1,2]},"west":{"uv":[25,61],"uv_size":[-1,2]},"up":{"uv":[70,14],"uv_size":[-7,-14]}}},{"origin":[-7,50,-38],"size":[14,2,7],"uv":{"north":{"uv":[26,61],"uv_size":[-1,2]},"east":{"uv":[25,61],"uv_size":[1,2]},"south":{"uv":[26,61],"uv_size":[-1,2]},"west":{"uv":[26,61],"uv_size":[-1,2]},"up":{"uv":[61,19],"uv_size":[-14,7]}}},{"origin":[31,50,-7],"size":[7,2,14],"uv":{"north":{"uv":[26,61],"uv_size":[1,2]},"east":{"uv":[27,61],"uv_size":[-1,2]},"south":{"uv":[27,61],"uv_size":[-1,2]},"west":{"uv":[27,61],"uv_size":[-1,2]},"up":{"uv":[49,14],"uv_size":[7,-14]}}},{"origin":[-7,50,31],"size":[14,2,7],"uv":{"north":{"uv":[28,61],"uv_size":[-1,2]},"east":{"uv":[28,61],"uv_size":[-1,2]},"south":{"uv":[28,61],"uv_size":[-1,2]},"west":{"uv":[27,61],"uv_size":[1,2]},"up":{"uv":[47,33],"uv_size":[14,-7]}}},{"origin":[-38,50,-15],"size":[7,2,5],"pivot":[-34.5,50,-10],"rotation":[12.5,0,0],"uv":{"north":{"uv":[25,61],"uv_size":[-1,2]},"east":{"uv":[25,61],"uv_size":[-1,2]},"south":{"uv":[24,61],"uv_size":[1,2]},"west":{"uv":[25,61],"uv_size":[-1,2]},"up":{"uv":[70,14],"uv_size":[-7,5]}}},{"origin":[-38,50,10],"size":[7,2,5],"pivot":[-34.5,50,10],"rotation":[-12.5,0,0],"uv":{"north":{"uv":[25,61],"uv_size":[-1,2]},"east":{"uv":[24,61],"uv_size":[1,2]},"south":{"uv":[24,61],"uv_size":[1,2]},"west":{"uv":[24,61],"uv_size":[1,2]},"up":{"uv":[70,19],"uv_size":[-7,-5]}}},{"origin":[-15,50,-38],"size":[5,2,7],"pivot":[-10,50,-34.5],"rotation":[0,0,-12.5],"uv":{"north":{"uv":[25,61],"uv_size":[1,2]},"east":{"uv":[25,61],"uv_size":[1,2]},"south":{"uv":[25,61],"uv_size":[1,2]},"west":{"uv":[26,61],"uv_size":[-1,2]},"up":{"uv":[42,19],"uv_size":[5,7]}}},{"origin":[10,50,-38],"size":[5,2,7],"pivot":[10,50,-34.5],"rotation":[0,0,12.5],"uv":{"north":{"uv":[26,61],"uv_size":[-1,2]},"east":{"uv":[25,61],"uv_size":[1,2]},"south":{"uv":[26,61],"uv_size":[-1,2]},"west":{"uv":[26,61],"uv_size":[-1,2]},"up":{"uv":[47,19],"uv_size":[-5,7]}}},{"origin":[31,50,10],"size":[7,2,5],"pivot":[34.5,50,10],"rotation":[-12.5,0,0],"uv":{"north":{"uv":[26,61],"uv_size":[1,2]},"east":{"uv":[27,61],"uv_size":[-1,2]},"south":{"uv":[27,61],"uv_size":[-1,2]},"west":{"uv":[27,61],"uv_size":[-1,2]},"up":{"uv":[49,19],"uv_size":[7,-5]}}},{"origin":[-15,50,31],"size":[5,2,7],"pivot":[-10,50,34.5],"rotation":[0,0,-12.5],"uv":{"north":{"uv":[28,61],"uv_size":[-1,2]},"east":{"uv":[28,61],"uv_size":[-1,2]},"south":{"uv":[28,61],"uv_size":[-1,2]},"west":{"uv":[27,61],"uv_size":[1,2]},"up":{"uv":[42,33],"uv_size":[5,-7]}}},{"origin":[10,50,31],"size":[5,2,7],"pivot":[10,50,34.5],"rotation":[0,0,12.5],"uv":{"north":{"uv":[27,61],"uv_size":[1,2]},"east":{"uv":[28,61],"uv_size":[-1,2]},"south":{"uv":[27,61],"uv_size":[1,2]},"west":{"uv":[27,61],"uv_size":[1,2]},"up":{"uv":[47,33],"uv_size":[-5,-7]}}},{"origin":[31,50,-15],"size":[7,2,5],"pivot":[34.5,50,-10],"rotation":[12.5,0,0],"uv":{"north":{"uv":[26,61],"uv_size":[1,2]},"east":{"uv":[26,61],"uv_size":[1,2]},"south":{"uv":[27,61],"uv_size":[-1,2]},"west":{"uv":[26,61],"uv_size":[1,2]},"up":{"uv":[49,14],"uv_size":[7,5]}}}]},{"name":"bone3","parent":"goal","pivot":[15.25,45,-23],"cubes":[{"origin":[-6,35,-24],"size":[12,12,2],"pivot":[0,41,-23],"rotation":[0,0,45],"uv":{"east":{"uv":[48,68],"uv_size":[2,12]},"south":{"uv":[36,68],"uv_size":[12,12]},"west":{"uv":[50,68],"uv_size":[2,12]},"up":{"uv":[24,64],"uv_size":[12,2]},"down":{"uv":[36,68],"uv_size":[-12,-2]}}},{"origin":[-15.25,45,-24],"size":[6,6,2],"pivot":[-15.25,45,-23],"rotation":[0,0,45],"uv":{"east":{"uv":[48,74],"uv_size":[2,6]},"south":{"uv":[52,74],"uv_size":[6,6]},"west":{"uv":[48,74],"uv_size":[2,6]},"up":{"uv":[28,64],"uv_size":[6,2]},"down":{"uv":[34,66],"uv_size":[-6,-2]}}},{"origin":[9.25,45,-24],"size":[6,6,2],"pivot":[15.25,45,-23],"rotation":[0,0,-45],"uv":{"east":{"uv":[50,74],"uv_size":[-2,6]},"south":{"uv":[58,74],"uv_size":[-6,6]},"west":{"uv":[50,74],"uv_size":[-2,6]},"up":{"uv":[34,64],"uv_size":[-6,2]},"down":{"uv":[28,66],"uv_size":[6,-2]}}}]},{"name":"bone4","parent":"goal","pivot":[15.25,45,23],"cubes":[{"origin":[-6,35,22],"size":[12,12,2],"pivot":[0,41,23],"rotation":[0,0,45],"uv":{"north":{"uv":[12,68],"uv_size":[-12,12]},"east":{"uv":[50,68],"uv_size":[-2,12]},"west":{"uv":[52,68],"uv_size":[-2,12]},"up":{"uv":[24,66],"uv_size":[12,-2]},"down":{"uv":[36,66],"uv_size":[-12,2]}}},{"origin":[-15.25,45,22],"size":[6,6,2],"pivot":[-15.25,45,23],"rotation":[0,0,45],"uv":{"north":{"uv":[64,68],"uv_size":[-6,6]},"east":{"uv":[50,74],"uv_size":[-2,6]},"west":{"uv":[50,74],"uv_size":[-2,6]},"up":{"uv":[28,66],"uv_size":[6,-2]},"down":{"uv":[34,64],"uv_size":[-6,2]}}},{"origin":[9.25,45,22],"size":[6,6,2],"pivot":[15.25,45,23],"rotation":[0,0,-45],"uv":{"north":{"uv":[58,68],"uv_size":[6,6]},"east":{"uv":[48,74],"uv_size":[2,6]},"west":{"uv":[48,74],"uv_size":[2,6]},"up":{"uv":[34,66],"uv_size":[-6,-2]},"down":{"uv":[28,64],"uv_size":[6,2]}}}]},{"name":"bone2","parent":"goal","pivot":[-23,45,-15.25],"rotation":[0,90,0],"cubes":[{"origin":[-44.25,35,-16.25],"size":[12,12,2],"pivot":[-38.25,41,-15.25],"rotation":[0,0,45],"uv":{"east":{"uv":[48,68],"uv_size":[2,12]},"south":{"uv":[24,68],"uv_size":[12,12]},"west":{"uv":[50,68],"uv_size":[2,12]},"up":{"uv":[24,64],"uv_size":[12,2]},"down":{"uv":[36,68],"uv_size":[-12,-2]}}},{"origin":[-53.5,45,-16.25],"size":[6,6,2],"pivot":[-53.5,45,-15.25],"rotation":[0,0,45],"uv":{"east":{"uv":[48,74],"uv_size":[2,6]},"south":{"uv":[52,68],"uv_size":[6,6]},"west":{"uv":[48,74],"uv_size":[2,6]},"up":{"uv":[28,64],"uv_size":[6,2]},"down":{"uv":[34,66],"uv_size":[-6,-2]}}},{"origin":[-29,45,-16.25],"size":[6,6,2],"pivot":[-23,45,-15.25],"rotation":[0,0,-45],"uv":{"east":{"uv":[50,74],"uv_size":[-2,6]},"south":{"uv":[58,68],"uv_size":[-6,6]},"west":{"uv":[50,74],"uv_size":[-2,6]},"up":{"uv":[34,64],"uv_size":[-6,2]},"down":{"uv":[28,66],"uv_size":[6,-2]}}}]},{"name":"bone5","parent":"goal","pivot":[23,45,-15.25],"rotation":[0,-90,0],"cubes":[{"origin":[32.25,35,-16.25],"size":[12,12,2],"pivot":[38.25,41,-15.25],"rotation":[0,0,-45],"uv":{"east":{"uv":[52,68],"uv_size":[-2,12]},"south":{"uv":[24,68],"uv_size":[-12,12]},"west":{"uv":[50,68],"uv_size":[-2,12]},"up":{"uv":[36,64],"uv_size":[-12,2]},"down":{"uv":[24,68],"uv_size":[12,-2]}}},{"origin":[47.5,45,-16.25],"size":[6,6,2],"pivot":[53.5,45,-15.25],"rotation":[0,0,-45],"uv":{"east":{"uv":[50,74],"uv_size":[-2,6]},"south":{"uv":[64,74],"uv_size":[-6,6]},"west":{"uv":[50,74],"uv_size":[-2,6]},"up":{"uv":[34,64],"uv_size":[-6,2]},"down":{"uv":[28,66],"uv_size":[6,-2]}}},{"origin":[23,45,-16.25],"size":[6,6,2],"pivot":[23,45,-15.25],"rotation":[0,0,45],"uv":{"east":{"uv":[48,74],"uv_size":[2,6]},"south":{"uv":[58,74],"uv_size":[6,6]},"west":{"uv":[48,74],"uv_size":[2,6]},"up":{"uv":[28,64],"uv_size":[6,2]},"down":{"uv":[34,66],"uv_size":[-6,-2]}}}]},{"name":"bone","parent":"goal","pivot":[0,-5,0],"cubes":[{"origin":[-24,11,-24],"size":[48,0,48],"uv":{"up":{"uv":[86,0],"uv_size":[48,48]}}},{"origin":[-18,11,-6],"size":[24,11,24],"uv":{"north":{"uv":[0,35],"uv_size":[24,11]},"east":{"uv":[0,24],"uv_size":[24,11]},"south":{"uv":[0,57],"uv_size":[24,11]},"west":{"uv":[0,46],"uv_size":[24,11]},"up":{"uv":[0,0],"uv_size":[24,24]}}},{"origin":[-11,22,-2],"size":[6,3,6],"pivot":[-8,23.5,1],"rotation":[0,20,0],"uv":{"north":{"uv":[24,50],"uv_size":[6,3]},"east":{"uv":[24,50],"uv_size":[6,3]},"south":{"uv":[24,50],"uv_size":[6,3]},"west":{"uv":[24,50],"uv_size":[6,3]},"up":{"uv":[24,55],"uv_size":[6,6]}}},{"origin":[8,18,-13],"size":[6,7,6],"pivot":[11,19.5,-10],"rotation":[0,-25,0],"uv":{"north":{"uv":[24,48],"uv_size":[6,7]},"east":{"uv":[24,48],"uv_size":[6,7]},"south":{"uv":[24,48],"uv_size":[6,7]},"west":{"uv":[24,48],"uv_size":[6,7]},"up":{"uv":[24,61],"uv_size":[6,-6]}}},{"origin":[-9,22,7],"size":[6,5,6],"pivot":[-9,22,13],"rotation":[0,-25,0],"uv":{"north":{"uv":[24,48],"uv_size":[6,5]},"east":{"uv":[24,48],"uv_size":[6,5]},"south":{"uv":[24,48],"uv_size":[6,5]},"west":{"uv":[24,48],"uv_size":[6,5]},"up":{"uv":[24,55],"uv_size":[6,6]}}},{"origin":[-15,22,10],"size":[6,9,6],"pivot":[-9,22,13],"rotation":[0,-25,0],"uv":{"north":{"uv":[24,46],"uv_size":[6,9]},"east":{"uv":[24,46],"uv_size":[6,9]},"south":{"uv":[24,46],"uv_size":[6,9]},"west":{"uv":[24,46],"uv_size":[6,9]},"up":{"uv":[24,55],"uv_size":[6,6]}}},{"origin":[-16,11,-16],"size":[6,11,6],"pivot":[-16,11,-16],"rotation":[0,60,0],"uv":{"north":{"uv":[6,46],"uv_size":[6,11]},"east":{"uv":[6,46],"uv_size":[6,11]},"south":{"uv":[6,46],"uv_size":[6,11]},"west":{"uv":[6,46],"uv_size":[6,11]},"up":{"uv":[24,12],"uv_size":[-6,6]}}},{"origin":[-22,11,-19],"size":[6,7,6],"pivot":[-16,11,-16],"rotation":[0,60,0],"uv":{"north":{"uv":[24,48],"uv_size":[6,7]},"east":{"uv":[24,48],"uv_size":[6,7]},"south":{"uv":[24,48],"uv_size":[6,7]},"west":{"uv":[24,48],"uv_size":[6,7]},"up":{"uv":[24,61],"uv_size":[6,-6]}}},{"origin":[16,11,13],"size":[6,11,6],"pivot":[16,11,16],"rotation":[0,60,0],"uv":{"north":{"uv":[18,57],"uv_size":[6,11]},"east":{"uv":[18,57],"uv_size":[6,11]},"south":{"uv":[18,57],"uv_size":[6,11]},"west":{"uv":[18,57],"uv_size":[6,11]},"up":{"uv":[30,6],"uv_size":[6,-6]}}},{"origin":[10,11,10],"size":[6,7,6],"pivot":[16,11,16],"rotation":[0,60,0],"uv":{"north":{"uv":[24,48],"uv_size":[6,7]},"east":{"uv":[24,48],"uv_size":[6,7]},"south":{"uv":[24,48],"uv_size":[6,7]},"west":{"uv":[24,48],"uv_size":[6,7]},"up":{"uv":[24,55],"uv_size":[6,6]}}},{"origin":[0,11,-18],"size":[18,7,18],"uv":{"north":{"uv":[24,39],"uv_size":[18,7]},"east":{"uv":[24,18],"uv_size":[18,7]},"south":{"uv":[24,32],"uv_size":[18,7]},"west":{"uv":[24,25],"uv_size":[18,7]},"up":{"uv":[24,0],"uv_size":[18,18]}}}]}]}]}