{"format_version":"1.12.0","minecraft:geometry":[{"description":{"identifier":"geometry.hive.bridge.pit.mineshaft","texture_width":192,"texture_height":96,"visible_bounds_width":6,"visible_bounds_height":6,"visible_bounds_offset":[0,1,0]},"bones":[{"name":"root","pivot":[0,0,0]},{"name":"goal","parent":"root","pivot":[0,0,0],"cubes":[{"origin":[-24,50,-40],"size":[26,1,9],"uv":{"north":{"uv":[134,79],"uv_size":[26,1]},"east":{"uv":[0,0],"uv_size":[9,1]},"south":{"uv":[134,79],"uv_size":[26,1]},"west":{"uv":[134,71],"uv_size":[9,1]},"up":{"uv":[160,80],"uv_size":[-26,-9]},"down":{"uv":[26,9],"uv_size":[-26,-9]}}},{"origin":[-31,50,-40],"size":[7,1,9],"uv":{"north":{"uv":[134,79],"uv_size":[26,1]},"east":{"uv":[135,79],"uv_size":[9,1]},"south":{"uv":[134,79],"uv_size":[26,1]},"west":{"uv":[134,71],"uv_size":[9,1]},"up":{"uv":[105,80],"uv_size":[7,-9]},"down":{"uv":[26,9],"uv_size":[-26,-9]}}},{"origin":[-23,50,-31],"size":[9,1,8],"uv":{"north":{"uv":[134,79],"uv_size":[26,1]},"east":{"uv":[135,79],"uv_size":[9,1]},"south":{"uv":[134,79],"uv_size":[26,1]},"west":{"uv":[134,71],"uv_size":[9,1]},"up":{"uv":[150,72],"uv_size":[9,-8]},"down":{"uv":[26,9],"uv_size":[-26,-9]}}},{"origin":[-2,50,31],"size":[26,1,9],"uv":{"north":{"uv":[134,79],"uv_size":[26,1]},"east":{"uv":[134,71],"uv_size":[9,1]},"south":{"uv":[134,79],"uv_size":[26,1]},"west":{"uv":[0,0],"uv_size":[9,1]},"up":{"uv":[134,71],"uv_size":[26,9]},"down":{"uv":[0,0],"uv_size":[26,9]}}},{"origin":[24,50,31],"size":[7,1,9],"uv":{"north":{"uv":[134,79],"uv_size":[26,1]},"east":{"uv":[134,71],"uv_size":[9,1]},"south":{"uv":[134,79],"uv_size":[26,1]},"west":{"uv":[135,79],"uv_size":[9,1]},"up":{"uv":[112,71],"uv_size":[-7,9]},"down":{"uv":[0,0],"uv_size":[26,9]}}},{"origin":[14,50,23],"size":[9,1,8],"uv":{"north":{"uv":[134,79],"uv_size":[26,1]},"east":{"uv":[134,71],"uv_size":[9,1]},"south":{"uv":[134,79],"uv_size":[26,1]},"west":{"uv":[135,79],"uv_size":[9,1]},"up":{"uv":[159,64],"uv_size":[-9,8]},"down":{"uv":[0,0],"uv_size":[26,9]}}},{"origin":[-24,0,24],"size":[48,46,2],"uv":{"north":{"uv":[48,46],"uv_size":[-48,46]},"east":{"uv":[175,18],"uv_size":[2,46]},"west":{"uv":[175,18],"uv_size":[2,46]},"up":{"uv":[99,82],"uv_size":[-3,-2]}}},{"origin":[-24,0,-26],"size":[48,46,2],"uv":{"east":{"uv":[177,18],"uv_size":[-2,46]},"south":{"uv":[48,46],"uv_size":[-48,46]},"west":{"uv":[177,18],"uv_size":[-2,46]},"up":{"uv":[96,80],"uv_size":[4,2]}}},{"origin":[-24,46,24],"size":[48,4,16],"uv":{"north":{"uv":[112,91],"uv_size":[48,4]},"south":{"uv":[142,87],"uv_size":[48,4]},"up":{"uv":[112,80],"uv_size":[48,-16]}}},{"origin":[-24,46,-40],"size":[48,4,16],"uv":{"north":{"uv":[142,87],"uv_size":[48,4]},"south":{"uv":[160,91],"uv_size":[-48,4]},"up":{"uv":[160,64],"uv_size":[-48,16]}}},{"origin":[-24,45,23],"size":[48,5,1],"uv":{"north":{"uv":[148,81],"uv_size":[-48,5]},"up":{"uv":[148,80],"uv_size":[-48,1]}}},{"origin":[-24,45,-24],"size":[48,5,1],"uv":{"south":{"uv":[148,81],"uv_size":[-48,5]},"up":{"uv":[100,80],"uv_size":[48,1]}}},{"origin":[23,45,-23],"size":[1,5,46],"uv":{"east":{"uv":[96,86],"uv_size":[46,5]},"up":{"uv":[175,27],"uv_size":[-1,37]}}},{"origin":[-24,45,-23],"size":[1,5,46],"uv":{"west":{"uv":[142,86],"uv_size":[-46,5]},"up":{"uv":[174,64],"uv_size":[1,-37]}}},{"origin":[24,0,-24],"size":[2,46,48],"uv":{"north":{"uv":[175,18],"uv_size":[2,46]},"east":{"uv":[0,0],"uv_size":[48,46]},"south":{"uv":[175,18],"uv_size":[2,46]},"up":{"uv":[98,82],"uv_size":[-2,-2]}}},{"origin":[-26,0,-24],"size":[2,46,48],"uv":{"north":{"uv":[177,18],"uv_size":[-2,46]},"south":{"uv":[177,18],"uv_size":[-2,46]},"west":{"uv":[96,0],"uv_size":[-48,46]},"up":{"uv":[96,82],"uv_size":[2,-2]}}},{"origin":[24,46,-40],"size":[16,4,80],"uv":{"north":{"uv":[148,83],"uv_size":[10,4]},"east":{"uv":[96,91],"uv_size":[80,4]},"south":{"uv":[174,83],"uv_size":[-16,4]},"west":{"uv":[148,83],"uv_size":[4,4]},"up":{"uv":[112,80],"uv_size":[-16,-80]}}},{"origin":[30,50,-26],"size":[2,0,57],"pivot":[30,50,2.5],"rotation":[0,0,-25],"uv":{"north":{"uv":[148,83],"uv_size":[10,4]},"east":{"uv":[96,91],"uv_size":[80,4]},"south":{"uv":[174,83],"uv_size":[-16,4]},"west":{"uv":[148,83],"uv_size":[4,4]},"up":{"uv":[192,57],"uv_size":[-2,-57]}}},{"origin":[2,50,-32],"size":[25,0,2],"pivot":[2.5,50,-30],"rotation":[-25,0,0],"uv":{"north":{"uv":[148,83],"uv_size":[4,4]},"east":{"uv":[148,83],"uv_size":[10,4]},"south":{"uv":[96,91],"uv_size":[80,4]},"west":{"uv":[174,83],"uv_size":[-16,4]},"up":{"uv":[152,10],"uv_size":[25,2]}}},{"origin":[-27,50,30],"size":[25,0,2],"pivot":[-2.5,50,30],"rotation":[25,0,0],"uv":{"north":{"uv":[96,91],"uv_size":[80,4]},"east":{"uv":[174,83],"uv_size":[-16,4]},"south":{"uv":[148,83],"uv_size":[4,4]},"west":{"uv":[148,83],"uv_size":[10,4]},"up":{"uv":[177,12],"uv_size":[-25,-2]}}},{"origin":[-32,50,-31],"size":[2,0,57],"pivot":[-30,50,2.5],"rotation":[0,0,25],"uv":{"north":{"uv":[158,83],"uv_size":[-10,4]},"east":{"uv":[152,83],"uv_size":[-4,4]},"south":{"uv":[158,83],"uv_size":[16,4]},"west":{"uv":[176,91],"uv_size":[-80,4]},"up":{"uv":[190,0],"uv_size":[2,57]}}},{"origin":[-40,46,-40],"size":[16,4,80],"uv":{"north":{"uv":[174,83],"uv_size":[-16,4]},"east":{"uv":[153,83],"uv_size":[-5,4]},"south":{"uv":[148,83],"uv_size":[10,4]},"west":{"uv":[96,91],"uv_size":[80,4]},"up":{"uv":[96,0],"uv_size":[16,80]}}},{"origin":[-24,1,-24],"size":[48,0,48],"uv":{"up":{"uv":[96,94],"uv_size":[-48,-48]}}},{"origin":[-19,1,-9],"size":[4,4,4],"uv":{"north":{"uv":[156,4],"uv_size":[4,4]},"east":{"uv":[152,4],"uv_size":[4,4]},"south":{"uv":[148,4],"uv_size":[4,4]},"west":{"uv":[144,4],"uv_size":[4,4]},"up":{"uv":[152,4],"uv_size":[-4,-4]}}},{"origin":[-19,1,-17],"size":[12,4,8],"uv":{"north":{"uv":[162,28],"uv_size":[12,4]},"east":{"uv":[154,28],"uv_size":[8,4]},"south":{"uv":[142,28],"uv_size":[12,4]},"west":{"uv":[134,28],"uv_size":[8,4]},"up":{"uv":[154,28],"uv_size":[-12,-8]}}},{"origin":[-19,5,-17],"size":[8,4,4],"uv":{"north":{"uv":[156,12],"uv_size":[8,4]},"east":{"uv":[152,12],"uv_size":[4,4]},"south":{"uv":[144,12],"uv_size":[8,4]},"west":{"uv":[140,12],"uv_size":[4,4]},"up":{"uv":[152,12],"uv_size":[-8,-4]}}},{"origin":[11,5,13],"size":[8,4,4],"uv":{"north":{"uv":[144,12],"uv_size":[8,4]},"east":{"uv":[140,12],"uv_size":[4,4]},"south":{"uv":[156,12],"uv_size":[8,4]},"west":{"uv":[152,12],"uv_size":[4,4]},"up":{"uv":[144,8],"uv_size":[8,4]}}},{"origin":[15,1,5],"size":[4,4,4],"uv":{"north":{"uv":[148,4],"uv_size":[4,4]},"east":{"uv":[144,4],"uv_size":[4,4]},"south":{"uv":[156,4],"uv_size":[4,4]},"west":{"uv":[152,4],"uv_size":[4,4]},"up":{"uv":[148,0],"uv_size":[4,4]}}},{"origin":[21,1,1],"size":[4,12,4],"inflate":0.01,"uv":{"north":{"uv":[135,16],"uv_size":[4,12]},"east":{"uv":[131,16],"uv_size":[4,12]},"south":{"uv":[138,16],"uv_size":[4,12]}}},{"origin":[21,11,1],"size":[4,2,4],"pivot":[21,13,3],"rotation":[0,0,-33.5],"uv":{"north":{"uv":[140,10],"uv_size":[4,2]},"south":{"uv":[140,10],"uv_size":[4,2]},"up":{"uv":[140,6],"uv_size":[4,4]}}},{"origin":[-25,1,-5],"size":[4,12,4],"inflate":0.01,"uv":{"north":{"uv":[128,16],"uv_size":[-4,12]},"south":{"uv":[131,16],"uv_size":[-4,12]},"west":{"uv":[124,16],"uv_size":[-4,12]}}},{"origin":[-25,11,-5],"size":[4,2,4],"pivot":[-21,13,-3],"rotation":[0,0,33.5],"uv":{"north":{"uv":[140,10],"uv_size":[-4,2]},"south":{"uv":[140,10],"uv_size":[-4,2]},"up":{"uv":[140,6],"uv_size":[-4,4]}}},{"origin":[7,1,9],"size":[12,4,8],"uv":{"north":{"uv":[142,28],"uv_size":[12,4]},"east":{"uv":[134,28],"uv_size":[8,4]},"south":{"uv":[162,28],"uv_size":[12,4]},"west":{"uv":[154,28],"uv_size":[8,4]},"up":{"uv":[142,20],"uv_size":[12,8]}}}]},{"name":"bone","parent":"goal","pivot":[0,0,0],"cubes":[{"origin":[8,7,-19],"size":[20,4,16],"uv":{"north":{"uv":[128,58],"uv_size":[20,4]},"east":{"uv":[132,54],"uv_size":[16,4]},"south":{"uv":[148,58],"uv_size":[-20,4]},"west":{"uv":[112,58],"uv_size":[16,4]},"up":{"uv":[168,48],"uv_size":[-20,-16]},"down":{"uv":[168,48],"uv_size":[-20,16]}}},{"origin":[20,19,-19],"size":[4,4,16],"uv":{"north":{"uv":[124,42],"uv_size":[4,4]},"east":{"uv":[112,54],"uv_size":[16,4]},"south":{"uv":[124,42],"uv_size":[4,4]},"west":{"uv":[112,54],"uv_size":[16,4]},"up":{"uv":[144,32],"uv_size":[-4,16]},"down":{"uv":[148,32],"uv_size":[-4,16]}}},{"origin":[8,19,-19],"size":[4,4,16],"pivot":[6,19,-18],"rotation":[-20,0,0],"uv":{"north":{"uv":[124,42],"uv_size":[4,4]},"east":{"uv":[128,54],"uv_size":[-16,4]},"south":{"uv":[124,42],"uv_size":[4,4]},"west":{"uv":[128,54],"uv_size":[-16,4]},"up":{"uv":[144,48],"uv_size":[-4,-16]},"down":{"uv":[148,32],"uv_size":[-4,16]}}},{"origin":[21,11,-6],"size":[2,8,2],"uv":{"north":{"uv":[120,22],"uv_size":[-2,8]},"east":{"uv":[114,22],"uv_size":[-2,8]},"south":{"uv":[116,22],"uv_size":[-2,8]},"west":{"uv":[118,22],"uv_size":[-2,8]},"up":{"uv":[114,22],"uv_size":[2,-2]},"down":{"uv":[116,20],"uv_size":[2,2]}}},{"origin":[21,11,-18],"size":[2,8,2],"uv":{"north":{"uv":[120,22],"uv_size":[-2,8]},"east":{"uv":[114,22],"uv_size":[-2,8]},"south":{"uv":[116,22],"uv_size":[-2,8]},"west":{"uv":[118,22],"uv_size":[-2,8]},"up":{"uv":[114,22],"uv_size":[2,-2]},"down":{"uv":[116,20],"uv_size":[2,2]}}},{"origin":[9,11,-18],"size":[2,8,2],"uv":{"north":{"uv":[120,22],"uv_size":[-2,8]},"east":{"uv":[114,22],"uv_size":[-2,8]},"south":{"uv":[116,22],"uv_size":[-2,8]},"west":{"uv":[118,22],"uv_size":[-2,8]},"up":{"uv":[114,22],"uv_size":[2,-2]},"down":{"uv":[116,20],"uv_size":[2,2]}}},{"origin":[9,11,-6],"size":[2,6,2],"uv":{"north":{"uv":[120,24],"uv_size":[-2,6]},"east":{"uv":[114,24],"uv_size":[-2,6]},"south":{"uv":[116,24],"uv_size":[-2,6]},"west":{"uv":[118,24],"uv_size":[-2,6]},"up":{"uv":[114,22],"uv_size":[2,-2]},"down":{"uv":[116,20],"uv_size":[2,2]}}},{"origin":[4,7,-19],"size":[4,4,8],"uv":{"north":{"uv":[124,38],"uv_size":[4,4]},"east":{"uv":[132,48],"uv_size":[8,4]},"south":{"uv":[128,38],"uv_size":[-4,4]},"up":{"uv":[128,38],"uv_size":[-4,-8]},"down":{"uv":[132,48],"uv_size":[-4,8]}}}]},{"name":"bone2","parent":"goal","pivot":[0,6,22],"cubes":[{"origin":[-24,13,3],"size":[12,4,16],"uv":{"north":{"uv":[124,50],"uv_size":[-12,4]},"south":{"uv":[112,50],"uv_size":[12,4]},"west":{"uv":[112,46],"uv_size":[16,4]},"up":{"uv":[140,48],"uv_size":[-12,-16]},"down":{"uv":[124,30],"uv_size":[-12,16]}}},{"origin":[-12,13,11],"size":[4,4,8],"uv":{"north":{"uv":[128,38],"uv_size":[-4,4]},"south":{"uv":[124,38],"uv_size":[4,4]},"west":{"uv":[140,48],"uv_size":[-8,4]},"up":{"uv":[124,30],"uv_size":[4,8]},"down":{"uv":[128,48],"uv_size":[4,8]}}},{"origin":[-24,25,3],"size":[4,4,16],"uv":{"north":{"uv":[124,42],"uv_size":[4,4]},"east":{"uv":[112,54],"uv_size":[16,4]},"south":{"uv":[124,42],"uv_size":[4,4]},"west":{"uv":[112,54],"uv_size":[16,4]},"up":{"uv":[144,48],"uv_size":[-4,-16]},"down":{"uv":[148,32],"uv_size":[-4,16]}}},{"origin":[-23,17,4],"size":[2,8,2],"uv":{"north":{"uv":[118,22],"uv_size":[2,8]},"east":{"uv":[116,22],"uv_size":[2,8]},"south":{"uv":[114,22],"uv_size":[2,8]},"west":{"uv":[112,22],"uv_size":[2,8]},"up":{"uv":[116,22],"uv_size":[-2,-2]},"down":{"uv":[118,20],"uv_size":[-2,2]}}},{"origin":[-23,17,16],"size":[2,8,2],"uv":{"north":{"uv":[118,22],"uv_size":[2,8]},"east":{"uv":[116,22],"uv_size":[2,8]},"south":{"uv":[114,22],"uv_size":[2,8]},"west":{"uv":[112,22],"uv_size":[2,8]},"up":{"uv":[116,22],"uv_size":[-2,-2]},"down":{"uv":[118,20],"uv_size":[-2,2]}}}]},{"name":"head","parent":"goal","pivot":[-15,22.5,12],"rotation":[0,-40,0],"cubes":[{"origin":[-17,21,11],"size":[4,4,2],"uv":{"north":{"uv":[112,16],"uv_size":[4,4]},"east":{"uv":[116,16],"uv_size":[4,4]},"south":{"uv":[116,16],"uv_size":[4,4]},"west":{"uv":[116,16],"uv_size":[4,4]},"up":{"uv":[112,14],"uv_size":[4,2]},"down":{"uv":[116,16],"uv_size":[4,-4]}}},{"origin":[-15,17,11],"size":[2,4,2],"uv":{"north":{"uv":[122,12],"uv_size":[2,4]},"east":{"uv":[120,12],"uv_size":[2,4]},"south":{"uv":[126,12],"uv_size":[2,4]},"west":{"uv":[124,12],"uv_size":[2,4]},"up":{"uv":[126,10],"uv_size":[2,2]},"down":{"uv":[128,12],"uv_size":[2,-2]}}},{"origin":[-17,17,11],"size":[2,4,2],"uv":{"north":{"uv":[122,12],"uv_size":[2,4]},"east":{"uv":[120,12],"uv_size":[2,4]},"south":{"uv":[126,12],"uv_size":[2,4]},"west":{"uv":[124,12],"uv_size":[2,4]},"up":{"uv":[126,10],"uv_size":[2,2]},"down":{"uv":[128,12],"uv_size":[2,-2]}}},{"origin":[-12.75,21,11],"size":[2,4,2],"pivot":[-12,23,12],"rotation":[0,0,-7.5],"uv":{"north":{"uv":[132,2],"uv_size":[2,4]},"east":{"uv":[130,2],"uv_size":[2,4]},"south":{"uv":[136,2],"uv_size":[2,4]},"west":{"uv":[134,2],"uv_size":[2,4]},"up":{"uv":[132,0],"uv_size":[2,2]},"down":{"uv":[134,2],"uv_size":[2,-2]}}},{"origin":[-19.25,21,11],"size":[2,4,2],"pivot":[-18,23,12],"rotation":[0,0,7.5],"uv":{"north":{"uv":[132,2],"uv_size":[2,4]},"east":{"uv":[130,2],"uv_size":[2,4]},"south":{"uv":[136,2],"uv_size":[2,4]},"west":{"uv":[134,2],"uv_size":[2,4]},"up":{"uv":[132,0],"uv_size":[2,2]},"down":{"uv":[134,2],"uv_size":[2,-2]}}},{"origin":[-18,25,9],"size":[6,6,6],"pivot":[-15,25,12],"rotation":[-40,15,0],"uv":{"north":{"uv":[118,6],"uv_size":[6,6]},"east":{"uv":[112,6],"uv_size":[6,6]},"south":{"uv":[130,6],"uv_size":[6,6]},"west":{"uv":[124,6],"uv_size":[6,6]},"up":{"uv":[118,0],"uv_size":[6,6]},"down":{"uv":[124,6],"uv_size":[6,-6]}}}]}]}]}