{"format_version":"1.12.0","minecraft:geometry":[{"description":{"identifier":"geometry.hive.bridge.pit.nether","texture_width":192,"texture_height":96,"visible_bounds_width":6,"visible_bounds_height":7,"visible_bounds_offset":[0,1.5,0]},"bones":[{"name":"root","pivot":[0,0,0]},{"name":"goal","parent":"root","pivot":[0,0,0],"cubes":[{"origin":[-24,0,-26],"size":[48,46,2],"uv":{"east":{"uv":[182,0],"uv_size":[2,46]},"south":{"uv":[144,50],"uv_size":[48,46]},"west":{"uv":[182,0],"uv_size":[2,46]},"up":{"uv":[83,46],"uv_size":[2,2]}}},{"origin":[-24,0,24],"size":[48,46,2],"uv":{"north":{"uv":[144,50],"uv_size":[48,46]},"east":{"uv":[184,0],"uv_size":[-2,46]},"west":{"uv":[184,0],"uv_size":[-2,46]},"up":{"uv":[81,46],"uv_size":[3,1]}}},{"origin":[-24,46,-40],"size":[48,4,16],"uv":{"north":{"uv":[86,64],"uv_size":[48,4]},"south":{"uv":[16,80],"uv_size":[48,4]},"west":{"uv":[154,51],"uv_size":[-16,4]},"up":{"uv":[86,73],"uv_size":[48,16]}}},{"origin":[-24,46,24],"size":[48,4,16],"uv":{"north":{"uv":[64,80],"uv_size":[-48,4]},"south":{"uv":[134,64],"uv_size":[-48,4]},"west":{"uv":[138,51],"uv_size":[16,4]},"up":{"uv":[86,64],"uv_size":[48,-16]}}},{"origin":[24,46,-40],"size":[16,4,80],"uv":{"north":{"uv":[54,76],"uv_size":[16,4]},"east":{"uv":[0,80],"uv_size":[80,4]},"south":{"uv":[54,76],"uv_size":[16,4]},"west":{"uv":[0,84],"uv_size":[80,4]},"up":{"uv":[86,0],"uv_size":[-16,80]}}},{"origin":[24,0,-24],"size":[2,46,48],"uv":{"north":{"uv":[182,0],"uv_size":[2,46]},"east":{"uv":[134,0],"uv_size":[48,46]},"south":{"uv":[182,0],"uv_size":[2,46]},"up":{"uv":[83,40],"uv_size":[2,5]}}},{"origin":[-26,0,-24],"size":[2,46,48],"uv":{"north":{"uv":[184,0],"uv_size":[-2,46]},"south":{"uv":[184,0],"uv_size":[-2,46]},"west":{"uv":[134,0],"uv_size":[48,46]},"up":{"uv":[85,34],"uv_size":[-2,12]}}},{"origin":[-40,46,-40],"size":[16,4,80],"uv":{"north":{"uv":[70,76],"uv_size":[-16,4]},"east":{"uv":[80,84],"uv_size":[-80,4]},"south":{"uv":[70,76],"uv_size":[-16,4]},"west":{"uv":[80,80],"uv_size":[-80,4]},"up":{"uv":[70,0],"uv_size":[16,80]}}},{"origin":[-24,11,-24],"size":[48,0,48],"uv":{"up":{"uv":[86,0],"uv_size":[48,48]}}},{"origin":[14,10.48,20.47],"size":[4,36,4],"inflate":0.01,"uv":{"north":{"uv":[42,0],"uv_size":[4,36]},"east":{"uv":[50,0],"uv_size":[4,36]},"west":{"uv":[54,0],"uv_size":[4,36]},"up":{"uv":[46,4],"uv_size":[-4,-4]}}},{"origin":[14,45,24],"size":[4,5,4],"pivot":[16,50,24],"rotation":[-45,0,0],"uv":{"north":{"uv":[46,6],"uv_size":[4,5]},"east":{"uv":[46,0],"uv_size":[4,5]},"west":{"uv":[50,0],"uv_size":[-4,5]},"down":{"uv":[4,4],"uv_size":[-4,-4]}}}]},{"name":"bone","parent":"goal","pivot":[-24,34,7],"rotation":[0,-7.5,0],"cubes":[{"origin":[-24,27,7],"size":[21,7,17],"uv":{"north":{"uv":[0,17],"uv_size":[21,7]},"west":{"uv":[21,17],"uv_size":[17,7]},"up":{"uv":[21,17],"uv_size":[-21,-17]},"down":{"uv":[42,17],"uv_size":[-21,-17]}}},{"origin":[-24,9,9],"size":[17,18,15],"pivot":[-15.5,27,9],"rotation":[7.5,0,0],"uv":{"north":{"uv":[0,24],"uv_size":[17,18]},"east":{"uv":[17,24],"uv_size":[15,18]},"west":{"uv":[17,24],"uv_size":[15,18]}}},{"origin":[-17.5,34,16],"size":[8,2,2],"uv":{"north":{"uv":[0,42],"uv_size":[8,2]},"east":{"uv":[9,42],"uv_size":[2,2]},"south":{"uv":[0,42],"uv_size":[8,2]},"west":{"uv":[9,42],"uv_size":[2,2]},"up":{"uv":[8,47],"uv_size":[-8,-2]}}},{"origin":[-17.5,42,16],"size":[8,2,2],"uv":{"north":{"uv":[12,44],"uv_size":[8,-2]},"east":{"uv":[14,43],"uv_size":[2,1]},"south":{"uv":[12,44],"uv_size":[8,-2]},"west":{"uv":[18,43],"uv_size":[2,1]},"up":{"uv":[20,44],"uv_size":[-8,-1]}}},{"origin":[-17.5,36,16],"size":[2,6,2],"uv":{"north":{"uv":[0,47],"uv_size":[2,6]},"east":{"uv":[2,47],"uv_size":[2,6]},"south":{"uv":[2,47],"uv_size":[-2,6]},"west":{"uv":[4,47],"uv_size":[2,6]}}},{"origin":[-11.5,36,16],"size":[2,6,2],"uv":{"north":{"uv":[2,47],"uv_size":[-2,6]},"east":{"uv":[6,47],"uv_size":[-2,6]},"south":{"uv":[0,47],"uv_size":[2,6]},"west":{"uv":[4,47],"uv_size":[-2,6]}}},{"origin":[-15.5,36,17],"size":[4,6,0],"uv":{"north":{"uv":[0,53],"uv_size":[4,6]},"east":{"uv":[0,0],"uv_size":[0,6]},"west":{"uv":[0,0],"uv_size":[0,6]},"up":{"uv":[4,0],"uv_size":[-4,0]},"down":{"uv":[4,0],"uv_size":[-4,0]}}},{"origin":[-15.5,42,16],"size":[4,0,2],"uv":{"north":{"uv":[0,0],"uv_size":[4,0]},"east":{"uv":[0,0],"uv_size":[2,0]},"south":{"uv":[0,0],"uv_size":[4,0]},"west":{"uv":[0,0],"uv_size":[2,0]},"down":{"uv":[6,43],"uv_size":[-4,-1]}}},{"origin":[-10,40,14.5],"size":[1,1,0],"uv":{"north":{"uv":[1,55],"uv_size":[1,1]},"east":{"uv":[0,0],"uv_size":[0,1]},"west":{"uv":[0,0],"uv_size":[0,1]},"up":{"uv":[1,0],"uv_size":[-1,0]},"down":{"uv":[1,0],"uv_size":[-1,0]}}},{"origin":[-19,36,15],"size":[1,1,0],"uv":{"north":{"uv":[1,55],"uv_size":[1,1]},"east":{"uv":[0,0],"uv_size":[0,1]},"west":{"uv":[0,0],"uv_size":[0,1]},"up":{"uv":[1,0],"uv_size":[-1,0]},"down":{"uv":[1,0],"uv_size":[-1,0]}}},{"origin":[-14,44,13.5],"size":[1,1,0],"uv":{"north":{"uv":[1,55],"uv_size":[1,1]},"east":{"uv":[0,0],"uv_size":[0,1]},"west":{"uv":[0,0],"uv_size":[0,1]},"up":{"uv":[1,0],"uv_size":[-1,0]},"down":{"uv":[1,0],"uv_size":[-1,0]}}}]},{"name":"ghast","parent":"goal","pivot":[5,33,-16],"rotation":[0,142.5,0],"cubes":[{"origin":[1,33,-20],"size":[8,8,8],"uv":{"north":{"uv":[0,60],"uv_size":[8,8]},"east":{"uv":[9,60],"uv_size":[8,8]},"south":{"uv":[9,69],"uv_size":[8,8]},"west":{"uv":[17,60],"uv_size":[-8,8]},"up":{"uv":[8,69],"uv_size":[-8,8]},"down":{"uv":[26,77],"uv_size":[-8,-8]}}},{"origin":[3,30,-19],"size":[0,3,1],"pivot":[3,33,-19],"rotation":[20,0,0],"uv":{"north":{"uv":[0,0],"uv_size":[0,3]},"east":{"uv":[18,60],"uv_size":[1,3]},"south":{"uv":[0,0],"uv_size":[0,3]},"up":{"uv":[0,1],"uv_size":[0,-1]},"down":{"uv":[0,1],"uv_size":[0,-1]}}},{"origin":[3,30,-17],"size":[0,3,1],"pivot":[3,33,-17],"rotation":[20,0,0],"uv":{"north":{"uv":[0,0],"uv_size":[0,3]},"east":{"uv":[18,60],"uv_size":[1,3]},"south":{"uv":[0,0],"uv_size":[0,3]},"up":{"uv":[0,1],"uv_size":[0,-1]},"down":{"uv":[0,1],"uv_size":[0,-1]}}},{"origin":[3,30,-15],"size":[0,3,1],"pivot":[3,33,-15],"rotation":[20,0,0],"uv":{"north":{"uv":[0,0],"uv_size":[0,3]},"east":{"uv":[18,60],"uv_size":[1,3]},"south":{"uv":[0,0],"uv_size":[0,3]},"up":{"uv":[0,1],"uv_size":[0,-1]},"down":{"uv":[0,1],"uv_size":[0,-1]}}},{"origin":[7,30,-19],"size":[0,3,1],"pivot":[7,33,-19],"rotation":[20,0,0],"uv":{"north":{"uv":[0,0],"uv_size":[0,3]},"south":{"uv":[0,0],"uv_size":[0,3]},"west":{"uv":[19,60],"uv_size":[-1,3]},"up":{"uv":[0,1],"uv_size":[0,-1]},"down":{"uv":[0,1],"uv_size":[0,-1]}}},{"origin":[7,30,-17],"size":[0,3,1],"pivot":[7,33,-17],"rotation":[20,0,0],"uv":{"north":{"uv":[0,0],"uv_size":[0,3]},"south":{"uv":[0,0],"uv_size":[0,3]},"west":{"uv":[19,60],"uv_size":[-1,3]},"up":{"uv":[0,1],"uv_size":[0,-1]},"down":{"uv":[0,1],"uv_size":[0,-1]}}},{"origin":[7,30,-15],"size":[0,3,1],"pivot":[7,33,-15],"rotation":[20,0,0],"uv":{"north":{"uv":[0,0],"uv_size":[0,3]},"south":{"uv":[0,0],"uv_size":[0,3]},"west":{"uv":[19,60],"uv_size":[-1,3]},"up":{"uv":[0,1],"uv_size":[0,-1]},"down":{"uv":[0,1],"uv_size":[0,-1]}}}]}]}]}