{"format_version":"1.12.0","minecraft:geometry":[{"description":{"identifier":"geometry.hive.bridge.pit.pool","texture_width":192,"texture_height":96,"visible_bounds_width":11,"visible_bounds_height":7,"visible_bounds_offset":[0,1.5,0]},"bones":[{"name":"root","pivot":[0,0,0]},{"name":"goal","parent":"root","pivot":[0,0,0],"cubes":[{"origin":[-24,0,-26],"size":[48,46,2],"uv":{"east":{"uv":[182,0],"uv_size":[2,46]},"south":{"uv":[134,0],"uv_size":[48,46]},"west":{"uv":[182,0],"uv_size":[2,46]},"up":{"uv":[83,46],"uv_size":[2,2]}}},{"origin":[-24,0,24],"size":[48,46,2],"uv":{"north":{"uv":[134,0],"uv_size":[48,46]},"east":{"uv":[184,0],"uv_size":[-2,46]},"west":{"uv":[184,0],"uv_size":[-2,46]},"up":{"uv":[81,46],"uv_size":[3,1]}}},{"origin":[-24,46,-40],"size":[48,4,16],"uv":{"north":{"uv":[86,64],"uv_size":[48,4]},"south":{"uv":[16,80],"uv_size":[48,4]},"west":{"uv":[154,51],"uv_size":[-16,4]},"up":{"uv":[86,48],"uv_size":[48,16]}}},{"origin":[-24,46,24],"size":[48,4,16],"uv":{"north":{"uv":[64,80],"uv_size":[-48,4]},"south":{"uv":[134,64],"uv_size":[-48,4]},"west":{"uv":[138,51],"uv_size":[16,4]},"up":{"uv":[86,64],"uv_size":[48,-16]}}},{"origin":[24,46,-40],"size":[16,4,80],"uv":{"north":{"uv":[54,76],"uv_size":[16,4]},"east":{"uv":[0,80],"uv_size":[80,4]},"south":{"uv":[70,76],"uv_size":[-16,4]},"west":{"uv":[0,84],"uv_size":[80,4]},"up":{"uv":[70,0],"uv_size":[16,80]}}},{"origin":[24,0,-24],"size":[2,46,48],"uv":{"north":{"uv":[182,0],"uv_size":[2,46]},"east":{"uv":[134,0],"uv_size":[48,46]},"south":{"uv":[182,0],"uv_size":[2,46]},"up":{"uv":[83,40],"uv_size":[2,5]}}},{"origin":[-26,0,-24],"size":[2,46,48],"uv":{"north":{"uv":[184,0],"uv_size":[-2,46]},"south":{"uv":[184,0],"uv_size":[-2,46]},"west":{"uv":[134,0],"uv_size":[48,46]},"up":{"uv":[85,34],"uv_size":[-2,12]}}},{"origin":[-40,46,-40],"size":[16,4,80],"uv":{"north":{"uv":[70,76],"uv_size":[-16,4]},"east":{"uv":[80,84],"uv_size":[-80,4]},"south":{"uv":[54,76],"uv_size":[16,4]},"west":{"uv":[80,80],"uv_size":[-80,4]},"up":{"uv":[86,0],"uv_size":[-16,80]}}},{"origin":[-24,11,-24],"size":[48,0,48],"uv":{"up":{"uv":[86,0],"uv_size":[48,48]}}},{"origin":[-24,34,-24],"size":[48,0,48],"uv":{"up":{"uv":[136,48],"uv_size":[48,48]}}},{"origin":[-9,47,8],"size":[18,4,29],"pivot":[0,50,37],"rotation":[-2.5,0,0],"uv":{"north":{"uv":[0,29],"uv_size":[18,4]},"east":{"uv":[0,33],"uv_size":[29,4]},"south":{"uv":[0,29],"uv_size":[18,4]},"west":{"uv":[29,33],"uv_size":[-29,4]},"up":{"uv":[18,29],"uv_size":[-18,-29]},"down":{"uv":[36,29],"uv_size":[-18,-29]}}},{"origin":[-3,35,-14],"size":[20,0,20],"pivot":[7,34,-4],"rotation":[0,-10,0],"uv":{"north":{"uv":[0,0],"uv_size":[20,0]},"east":{"uv":[0,0],"uv_size":[20,0]},"south":{"uv":[0,0],"uv_size":[20,0]},"west":{"uv":[0,0],"uv_size":[20,0]},"up":{"uv":[67,20],"uv_size":[-20,-20]}}},{"origin":[-7,35,-18],"size":[28,0,28],"pivot":[7,34,-4],"rotation":[0,-10,0],"uv":{"north":{"uv":[0,0],"uv_size":[20,0]},"east":{"uv":[0,0],"uv_size":[20,0]},"south":{"uv":[0,0],"uv_size":[20,0]},"west":{"uv":[0,0],"uv_size":[20,0]},"up":{"uv":[67,20],"uv_size":[-20,-20]}}},{"origin":[-26,38,6],"size":[4,14,0],"uv":{"north":{"uv":[49,65],"uv_size":[4,14]},"east":{"uv":[0,0],"uv_size":[0,14]},"west":{"uv":[0,0],"uv_size":[0,14]},"up":{"uv":[4,0],"uv_size":[-4,0]},"down":{"uv":[4,0],"uv_size":[-4,0]}}},{"origin":[-26,38,-6],"size":[4,14,0],"uv":{"north":{"uv":[49,65],"uv_size":[4,14]},"east":{"uv":[0,0],"uv_size":[0,14]},"west":{"uv":[0,0],"uv_size":[0,14]},"up":{"uv":[4,0],"uv_size":[-4,0]},"down":{"uv":[4,0],"uv_size":[-4,0]}}},{"origin":[-19,50.1,-34],"size":[8,0,8],"uv":{"north":{"uv":[0,0],"uv_size":[8,0]},"east":{"uv":[0,0],"uv_size":[8,0]},"south":{"uv":[0,0],"uv_size":[8,0]},"west":{"uv":[0,0],"uv_size":[8,0]},"up":{"uv":[12,79],"uv_size":[-8,-8]}}}]},{"name":"ring","parent":"goal","pivot":[11,34,-6],"rotation":[0.44067,-9.99038,-2.53852],"cubes":[{"origin":[1.41148,34.15668,-9.33579],"size":[12,3,4],"uv":{"north":{"uv":[0,37],"uv_size":[12,3]},"east":{"uv":[0,44],"uv_size":[4,3]},"south":{"uv":[12,38],"uv_size":[12,3]},"west":{"uv":[0,44],"uv_size":[4,3]},"up":{"uv":[12,44],"uv_size":[-12,-4]},"down":{"uv":[24,45],"uv_size":[-12,-4]}}},{"origin":[1.41148,34.15668,-1.33579],"size":[12,3,4],"uv":{"north":{"uv":[24,38],"uv_size":[-12,3]},"east":{"uv":[4,44],"uv_size":[-4,3]},"south":{"uv":[12,37],"uv_size":[-12,3]},"west":{"uv":[4,44],"uv_size":[-4,3]},"up":{"uv":[12,40],"uv_size":[-12,4]},"down":{"uv":[24,41],"uv_size":[-12,4]}}},{"origin":[1.41148,34.15668,-5.33579],"size":[4,3,4],"uv":{"east":{"uv":[0,51],"uv_size":[4,3]},"west":{"uv":[0,54],"uv_size":[4,3]},"up":{"uv":[4,51],"uv_size":[-4,-4]},"down":{"uv":[4,61],"uv_size":[-4,-4]}}},{"origin":[9.41148,34.15668,-5.33579],"size":[4,3,4],"uv":{"east":{"uv":[4,54],"uv_size":[-4,3]},"west":{"uv":[4,51],"uv_size":[-4,3]},"up":{"uv":[0,51],"uv_size":[4,-4]},"down":{"uv":[0,61],"uv_size":[4,-4]}}}]},{"name":"cup","parent":"goal","pivot":[-15,50.2,-30],"rotation":[0,32.5,0],"cubes":[{"origin":[-17,50.2,-32],"size":[4,4,4],"uv":{"north":{"uv":[0,61],"uv_size":[4,4]},"east":{"uv":[0,61],"uv_size":[4,4]},"south":{"uv":[0,61],"uv_size":[4,4]},"west":{"uv":[0,61],"uv_size":[4,4]},"up":{"uv":[8,65],"uv_size":[-4,-4]},"down":{"uv":[4,69],"uv_size":[-4,-4]}}},{"origin":[-17,54.2,-32],"size":[4,1,4],"uv":{"north":{"uv":[0,68],"uv_size":[4,1]},"east":{"uv":[0,68],"uv_size":[4,1]},"south":{"uv":[0,68],"uv_size":[4,1]},"west":{"uv":[0,68],"uv_size":[4,1]}}},{"origin":[-16,54.2,-30],"size":[2,3,0],"pivot":[-14,54.2,-30],"rotation":[0,0,-7.5],"uv":{"north":{"uv":[0,69],"uv_size":[2,3]},"east":{"uv":[0,0],"uv_size":[0,3]},"west":{"uv":[0,0],"uv_size":[0,3]},"up":{"uv":[2,0],"uv_size":[-2,0]},"down":{"uv":[2,0],"uv_size":[-2,0]}}}]},{"name":"ladder","parent":"goal","pivot":[-23.1,50,-6],"rotation":[0,0,-5],"cubes":[{"origin":[-23.1,36,-7],"size":[2,16,2],"uv":{"north":{"uv":[59,59],"uv_size":[-2,16]},"east":{"uv":[55,60],"uv_size":[2,16]},"south":{"uv":[57,59],"uv_size":[2,16]},"west":{"uv":[57,59],"uv_size":[2,16]},"up":{"uv":[59,59],"uv_size":[-2,-2]},"down":{"uv":[59,75],"uv_size":[-2,-2]}}},{"origin":[-23.1,36,5],"size":[2,16,2],"uv":{"north":{"uv":[59,59],"uv_size":[-2,16]},"east":{"uv":[57,60],"uv_size":[-2,16]},"south":{"uv":[57,59],"uv_size":[2,16]},"west":{"uv":[59,59],"uv_size":[-2,16]},"up":{"uv":[59,57],"uv_size":[-2,2]},"down":{"uv":[59,73],"uv_size":[-2,2]}}},{"origin":[-22.1,37,-5],"size":[0,12,10],"uv":{"north":{"uv":[0,0],"uv_size":[0,12]},"south":{"uv":[0,0],"uv_size":[0,12]},"west":{"uv":[59,63],"uv_size":[10,12]},"up":{"uv":[0,10],"uv_size":[0,-10]},"down":{"uv":[0,10],"uv_size":[0,-10]}}}]}]}]}