{"format_version":"1.12.0","minecraft:geometry":[{"description":{"identifier":"geometry.hive.bridge.pit.redstone","texture_width":144,"texture_height":96,"visible_bounds_width":6,"visible_bounds_height":7,"visible_bounds_offset":[0,1.5,0]},"bones":[{"name":"root","pivot":[0,0,0],"cubes":[{"origin":[-8,23,-24],"size":[16,16,2],"uv":{"east":{"uv":[52,30],"uv_size":[-2,16]},"south":{"uv":[16,7],"uv_size":[16,16]},"west":{"uv":[50,30],"uv_size":[2,16]},"up":{"uv":[102,80],"uv_size":[-16,-2]},"down":{"uv":[86,78],"uv_size":[16,2]}}},{"origin":[-8,23,22],"size":[16,16,2],"uv":{"north":{"uv":[32,7],"uv_size":[-16,16]},"east":{"uv":[50,30],"uv_size":[2,16]},"west":{"uv":[52,30],"uv_size":[-2,16]},"up":{"uv":[102,78],"uv_size":[-16,2]},"down":{"uv":[86,80],"uv_size":[16,-2]}}},{"origin":[-32,23,-2],"size":[16,16,2],"pivot":[-24,38,0],"rotation":[0,-90,0],"uv":{"north":{"uv":[32,7],"uv_size":[-16,16]},"east":{"uv":[50,30],"uv_size":[2,16]},"west":{"uv":[52,30],"uv_size":[-2,16]},"up":{"uv":[102,78],"uv_size":[-16,2]},"down":{"uv":[86,80],"uv_size":[16,-2]}}},{"origin":[16,23,-2],"size":[16,16,2],"pivot":[24,38,0],"rotation":[0,90,0],"uv":{"north":{"uv":[16,7],"uv_size":[16,16]},"east":{"uv":[50,30],"uv_size":[2,16]},"west":{"uv":[52,30],"uv_size":[-2,16]},"up":{"uv":[86,78],"uv_size":[16,2]},"down":{"uv":[102,80],"uv_size":[-16,-2]}}}]},{"name":"goal","parent":"root","pivot":[0,0,0],"cubes":[{"origin":[-24,0,-26],"size":[48,46,2],"uv":{"east":{"uv":[48,0],"uv_size":[2,46]},"south":{"uv":[0,0],"uv_size":[48,46]},"west":{"uv":[50,0],"uv_size":[-2,46]},"up":{"uv":[83,46],"uv_size":[2,2]}}},{"origin":[-24,0,24],"size":[48,46,2],"uv":{"north":{"uv":[0,0],"uv_size":[48,46]},"east":{"uv":[50,0],"uv_size":[-2,46]},"west":{"uv":[48,0],"uv_size":[2,46]},"up":{"uv":[81,46],"uv_size":[3,1]}}},{"origin":[-24,46,-40],"size":[48,2,16],"uv":{"north":{"uv":[86,64],"uv_size":[48,2]},"south":{"uv":[16,80],"uv_size":[48,2]},"up":{"uv":[86,48],"uv_size":[48,16]}}},{"origin":[-24,46,24],"size":[48,2,16],"uv":{"north":{"uv":[16,80],"uv_size":[48,2]},"south":{"uv":[64,84],"uv_size":[-48,2]},"up":{"uv":[86,64],"uv_size":[48,-16]}}},{"origin":[-40,46,-40],"size":[16,2,80],"uv":{"north":{"uv":[80,84],"uv_size":[-16,2]},"east":{"uv":[80,84],"uv_size":[-80,2]},"south":{"uv":[80,84],"uv_size":[-16,2]},"west":{"uv":[0,80],"uv_size":[80,2]},"up":{"uv":[86,0],"uv_size":[-16,80]}}},{"origin":[24,46,-40],"size":[16,2,80],"uv":{"north":{"uv":[64,84],"uv_size":[16,2]},"east":{"uv":[0,80],"uv_size":[80,2]},"south":{"uv":[64,84],"uv_size":[16,2]},"west":{"uv":[0,84],"uv_size":[80,2]},"up":{"uv":[70,0],"uv_size":[16,80]}}},{"origin":[33,52,-5],"size":[2,5,2],"pivot":[33,52,2],"rotation":[0,0,20],"uv":{"north":{"uv":[54,10],"uv_size":[2,5]},"east":{"uv":[52,10],"uv_size":[2,5]},"south":{"uv":[56,10],"uv_size":[2,5]},"west":{"uv":[50,10],"uv_size":[2,5]},"up":{"uv":[56,8],"uv_size":[2,2]}}},{"origin":[28,49,-1],"size":[2,5,2],"uv":{"north":{"uv":[54,10],"uv_size":[2,5]},"east":{"uv":[52,10],"uv_size":[2,5]},"south":{"uv":[56,10],"uv_size":[2,5]},"west":{"uv":[50,10],"uv_size":[2,5]},"up":{"uv":[56,8],"uv_size":[2,2]}}},{"origin":[33,52,3],"size":[2,5,2],"pivot":[33,52,4],"rotation":[0,0,20],"uv":{"north":{"uv":[54,10],"uv_size":[2,5]},"east":{"uv":[52,10],"uv_size":[2,5]},"south":{"uv":[56,10],"uv_size":[2,5]},"west":{"uv":[50,10],"uv_size":[2,5]},"up":{"uv":[56,8],"uv_size":[2,2]}}},{"origin":[26,48,-6],"size":[12,4,12],"uv":{"north":{"uv":[58,48],"uv_size":[12,4]},"east":{"uv":[58,52],"uv_size":[12,4]},"south":{"uv":[58,48],"uv_size":[12,4]},"west":{"uv":[58,52],"uv_size":[12,4]},"up":{"uv":[58,36],"uv_size":[12,12]}}},{"origin":[-38,48,-6],"size":[12,4,12],"uv":{"north":{"uv":[70,48],"uv_size":[-12,4]},"east":{"uv":[70,52],"uv_size":[-12,4]},"south":{"uv":[70,48],"uv_size":[-12,4]},"west":{"uv":[70,52],"uv_size":[-12,4]},"up":{"uv":[70,36],"uv_size":[-12,12]}}},{"origin":[-35,52,-5],"size":[2,5,2],"pivot":[-33,52,2],"rotation":[0,0,-20],"uv":{"north":{"uv":[56,10],"uv_size":[-2,5]},"east":{"uv":[52,10],"uv_size":[-2,5]},"south":{"uv":[58,10],"uv_size":[-2,5]},"west":{"uv":[54,10],"uv_size":[-2,5]},"up":{"uv":[58,8],"uv_size":[-2,2]}}},{"origin":[-30,49,-1],"size":[2,5,2],"uv":{"north":{"uv":[56,10],"uv_size":[-2,5]},"east":{"uv":[52,10],"uv_size":[-2,5]},"south":{"uv":[58,10],"uv_size":[-2,5]},"west":{"uv":[54,10],"uv_size":[-2,5]},"up":{"uv":[58,8],"uv_size":[-2,2]}}},{"origin":[-35,52,3],"size":[2,5,2],"pivot":[-33,52,4],"rotation":[0,0,-20],"uv":{"north":{"uv":[56,10],"uv_size":[-2,5]},"east":{"uv":[52,10],"uv_size":[-2,5]},"south":{"uv":[58,10],"uv_size":[-2,5]},"west":{"uv":[54,10],"uv_size":[-2,5]},"up":{"uv":[58,8],"uv_size":[-2,2]}}},{"origin":[-18,48,-38],"size":[12,4,12],"uv":{"north":{"uv":[70,68],"uv_size":[-12,4]},"east":{"uv":[70,72],"uv_size":[-12,4]},"south":{"uv":[70,68],"uv_size":[-12,4]},"west":{"uv":[70,72],"uv_size":[-12,4]},"up":{"uv":[70,56],"uv_size":[-12,12]}}},{"origin":[6,48,-38],"size":[12,4,12],"uv":{"north":{"uv":[58,68],"uv_size":[12,4]},"east":{"uv":[58,72],"uv_size":[12,4]},"south":{"uv":[58,68],"uv_size":[12,4]},"west":{"uv":[58,72],"uv_size":[12,4]},"up":{"uv":[58,56],"uv_size":[12,12]}}},{"origin":[6,48,26],"size":[12,4,12],"uv":{"north":{"uv":[70,68],"uv_size":[-12,4]},"east":{"uv":[70,72],"uv_size":[-12,4]},"south":{"uv":[70,68],"uv_size":[-12,4]},"west":{"uv":[70,72],"uv_size":[-12,4]},"up":{"uv":[58,68],"uv_size":[12,-12]}}},{"origin":[-18,48,26],"size":[12,4,12],"uv":{"north":{"uv":[58,68],"uv_size":[12,4]},"east":{"uv":[58,72],"uv_size":[12,4]},"south":{"uv":[58,68],"uv_size":[12,4]},"west":{"uv":[58,72],"uv_size":[12,4]},"up":{"uv":[70,68],"uv_size":[-12,-12]}}},{"origin":[-6,1,-6],"size":[12,4,12],"uv":{"north":{"uv":[58,72],"uv_size":[12,4]},"east":{"uv":[58,68],"uv_size":[12,4]},"south":{"uv":[58,72],"uv_size":[12,4]},"west":{"uv":[58,68],"uv_size":[12,4]},"up":{"uv":[70,68],"uv_size":[-12,-12]}}},{"origin":[-28,48,-36],"size":[56,2,8],"uv":{"north":{"uv":[0,78],"uv_size":[56,2]},"east":{"uv":[56,78],"uv_size":[8,2]},"south":{"uv":[0,78],"uv_size":[56,2]},"west":{"uv":[56,78],"uv_size":[8,2]},"up":{"uv":[56,54],"uv_size":[-56,-8]}}},{"origin":[-28,48,28],"size":[56,2,8],"uv":{"north":{"uv":[56,78],"uv_size":[-56,2]},"east":{"uv":[64,78],"uv_size":[-8,2]},"south":{"uv":[56,78],"uv_size":[-56,2]},"west":{"uv":[64,78],"uv_size":[-8,2]},"up":{"uv":[56,46],"uv_size":[-56,8]}}},{"origin":[28,48,-36],"size":[8,2,72],"uv":{"north":{"uv":[56,78],"uv_size":[8,2]},"east":{"uv":[0,78],"uv_size":[58,2]},"south":{"uv":[56,78],"uv_size":[8,2]},"west":{"uv":[0,78],"uv_size":[61,2]},"up":{"uv":[134,0],"uv_size":[8,72]}}},{"origin":[-36,48,-36],"size":[8,2,72],"uv":{"north":{"uv":[64,78],"uv_size":[-8,2]},"east":{"uv":[58,78],"uv_size":[-58,2]},"south":{"uv":[64,78],"uv_size":[-8,2]},"west":{"uv":[61,78],"uv_size":[-61,2]},"up":{"uv":[142,0],"uv_size":[-8,72]}}},{"origin":[24,0,-24],"size":[2,46,48],"uv":{"north":{"uv":[48,0],"uv_size":[2,46]},"east":{"uv":[0,0],"uv_size":[48,46]},"south":{"uv":[50,0],"uv_size":[-2,46]},"up":{"uv":[83,40],"uv_size":[2,5]}}},{"origin":[-26,0,-24],"size":[2,46,48],"uv":{"north":{"uv":[50,0],"uv_size":[-2,46]},"south":{"uv":[48,0],"uv_size":[2,46]},"west":{"uv":[0,0],"uv_size":[48,46]},"up":{"uv":[85,34],"uv_size":[-2,12]}}},{"origin":[-24,1,-24],"size":[48,0,48],"uv":{"up":{"uv":[86,0],"uv_size":[48,48]}}}]},{"name":"bone3","parent":"goal","pivot":[0,0,0],"cubes":[{"origin":[12,1,12],"size":[12,12,12],"uv":{"north":{"uv":[86,66],"uv_size":[12,12]},"east":{"uv":[86,66],"uv_size":[12,12]},"up":{"uv":[110,78],"uv_size":[-12,-12]}}},{"origin":[12,1,-6],"size":[12,12,12],"uv":{"north":{"uv":[86,66],"uv_size":[12,12]},"east":{"uv":[86,66],"uv_size":[12,12]},"south":{"uv":[86,66],"uv_size":[12,12]},"up":{"uv":[110,78],"uv_size":[-12,-12]}}},{"origin":[19,13,-2],"size":[0,5,4],"pivot":[19,13,0],"rotation":[0,0,40],"uv":{"north":{"uv":[0,0],"uv_size":[0,0]},"east":{"uv":[114,66],"uv_size":[-4,5]},"south":{"uv":[0,0],"uv_size":[0,5]},"west":{"uv":[114,66],"uv_size":[4,5]},"up":{"uv":[0,0],"uv_size":[0,0]},"down":{"uv":[0,0],"uv_size":[0,0]}}},{"origin":[19,13,16],"size":[0,5,4],"pivot":[19,13,18],"rotation":[0,0,40],"uv":{"north":{"uv":[0,0],"uv_size":[0,0]},"east":{"uv":[110,66],"uv_size":[4,5]},"south":{"uv":[0,0],"uv_size":[0,5]},"west":{"uv":[114,66],"uv_size":[4,5]},"up":{"uv":[0,0],"uv_size":[0,0]},"down":{"uv":[0,0],"uv_size":[0,0]}}},{"origin":[19,13,-20],"size":[0,5,4],"pivot":[19,13,-18],"rotation":[0,0,40],"uv":{"north":{"uv":[0,0],"uv_size":[0,0]},"east":{"uv":[114,66],"uv_size":[-4,5]},"south":{"uv":[0,0],"uv_size":[0,5]},"west":{"uv":[114,66],"uv_size":[4,5]},"up":{"uv":[0,0],"uv_size":[0,0]},"down":{"uv":[0,0],"uv_size":[0,0]}}},{"origin":[-19,13,-2],"size":[0,5,4],"pivot":[-19,13,0],"rotation":[0,0,-40],"uv":{"north":{"uv":[0,0],"uv_size":[0,0]},"east":{"uv":[118,66],"uv_size":[-4,5]},"south":{"uv":[0,0],"uv_size":[0,5]},"west":{"uv":[114,66],"uv_size":[-4,5]},"up":{"uv":[0,0],"uv_size":[0,0]},"down":{"uv":[0,0],"uv_size":[0,0]}}},{"origin":[-19,13,16],"size":[0,5,4],"pivot":[-19,13,18],"rotation":[0,0,-40],"uv":{"north":{"uv":[0,0],"uv_size":[0,0]},"east":{"uv":[118,66],"uv_size":[-4,5]},"south":{"uv":[0,0],"uv_size":[0,5]},"west":{"uv":[114,66],"uv_size":[-4,5]},"up":{"uv":[0,0],"uv_size":[0,0]},"down":{"uv":[0,0],"uv_size":[0,0]}}},{"origin":[-19,13,-20],"size":[0,5,4],"pivot":[-19,13,-18],"rotation":[0,0,-40],"uv":{"north":{"uv":[0,0],"uv_size":[0,0]},"east":{"uv":[118,66],"uv_size":[-4,5]},"south":{"uv":[0,0],"uv_size":[0,5]},"west":{"uv":[110,66],"uv_size":[4,5]},"up":{"uv":[0,0],"uv_size":[0,0]},"down":{"uv":[0,0],"uv_size":[0,0]}}},{"origin":[12,1,-24],"size":[12,12,12],"uv":{"east":{"uv":[86,66],"uv_size":[12,12]},"south":{"uv":[86,66],"uv_size":[12,12]},"up":{"uv":[110,78],"uv_size":[-12,-12]}}}]},{"name":"bone4","parent":"goal","pivot":[0,0,0],"cubes":[{"origin":[-24,1,12],"size":[12,12,12],"uv":{"north":{"uv":[98,66],"uv_size":[-12,12]},"west":{"uv":[98,66],"uv_size":[-12,12]},"up":{"uv":[98,78],"uv_size":[12,-12]}}},{"origin":[-24,1,-6],"size":[12,12,12],"uv":{"north":{"uv":[98,66],"uv_size":[-12,12]},"south":{"uv":[98,66],"uv_size":[-12,12]},"west":{"uv":[98,66],"uv_size":[-12,12]},"up":{"uv":[98,78],"uv_size":[12,-12]}}},{"origin":[-24,1,-24],"size":[12,12,12],"uv":{"south":{"uv":[98,66],"uv_size":[-12,12]},"west":{"uv":[98,66],"uv_size":[-12,12]},"up":{"uv":[98,78],"uv_size":[12,-12]}}}]},{"name":"bone","parent":"goal","pivot":[0,0,0],"cubes":[{"origin":[-5,5,19],"size":[2,5,2],"pivot":[-1,5,19],"rotation":[-35,0,0],"uv":{"north":{"uv":[64,8],"uv_size":[-2,5]},"east":{"uv":[62,8],"uv_size":[-2,5]},"south":{"uv":[60,8],"uv_size":[-2,5]},"west":{"uv":[60,8],"uv_size":[2,5]},"up":{"uv":[56,8],"uv_size":[-2,2]}}},{"origin":[-1,2,-16],"size":[2,5,2],"uv":{"north":{"uv":[58,8],"uv_size":[2,5]},"east":{"uv":[60,8],"uv_size":[2,5]},"south":{"uv":[62,8],"uv_size":[2,5]},"west":{"uv":[60,8],"uv_size":[2,5]},"up":{"uv":[56,10],"uv_size":[-2,-2]}}},{"origin":[3,5,19],"size":[2,5,2],"pivot":[1,5,19],"rotation":[-35,0,0],"uv":{"north":{"uv":[62,8],"uv_size":[2,5]},"east":{"uv":[62,8],"uv_size":[-2,5]},"south":{"uv":[58,8],"uv_size":[2,5]},"west":{"uv":[60,8],"uv_size":[2,5]},"up":{"uv":[56,8],"uv_size":[-2,2]}}},{"origin":[6,1,14],"size":[6,2,8],"uv":{"north":{"uv":[64,14],"uv_size":[6,2]},"east":{"uv":[56,6],"uv_size":[8,2]},"south":{"uv":[64,14],"uv_size":[6,2]},"west":{"uv":[56,6],"uv_size":[8,2]},"up":{"uv":[70,14],"uv_size":[-6,-8]}}},{"origin":[-12,1,14],"size":[6,2,8],"uv":{"north":{"uv":[70,14],"uv_size":[-6,2]},"east":{"uv":[64,6],"uv_size":[-8,2]},"south":{"uv":[70,14],"uv_size":[-6,2]},"west":{"uv":[64,6],"uv_size":[-8,2]},"up":{"uv":[64,14],"uv_size":[6,-8]}}},{"origin":[-12,1,14],"size":[6,2,8],"uv":{"north":{"uv":[70,14],"uv_size":[-6,2]},"east":{"uv":[64,6],"uv_size":[-8,2]},"south":{"uv":[70,14],"uv_size":[-6,2]},"west":{"uv":[64,6],"uv_size":[-8,2]},"up":{"uv":[64,14],"uv_size":[6,-8]}}},{"origin":[-21,1,23],"size":[6,2,8],"pivot":[-9,2,18],"rotation":[0,-90,0],"uv":{"north":{"uv":[70,14],"uv_size":[-6,2]},"east":{"uv":[64,6],"uv_size":[-8,2]},"south":{"uv":[70,14],"uv_size":[-6,2]},"west":{"uv":[64,6],"uv_size":[-8,2]},"up":{"uv":[64,14],"uv_size":[6,-8]}}},{"origin":[-39,1,23],"size":[6,2,8],"pivot":[-9,2,18],"rotation":[0,-90,0],"uv":{"north":{"uv":[70,14],"uv_size":[-6,2]},"east":{"uv":[64,6],"uv_size":[-8,2]},"south":{"uv":[70,14],"uv_size":[-6,2]},"west":{"uv":[64,6],"uv_size":[-8,2]},"up":{"uv":[64,14],"uv_size":[6,-8]}}},{"origin":[-21,1,23],"size":[6,2,8],"pivot":[9,2,18],"rotation":[0,-90,0],"uv":{"north":{"uv":[70,14],"uv_size":[-6,2]},"east":{"uv":[64,6],"uv_size":[-8,2]},"south":{"uv":[70,14],"uv_size":[-6,2]},"west":{"uv":[64,6],"uv_size":[-8,2]},"up":{"uv":[64,14],"uv_size":[6,-8]}}},{"origin":[-21,1,41],"size":[6,2,8],"pivot":[9,2,36],"rotation":[0,-90,0],"uv":{"north":{"uv":[70,14],"uv_size":[-6,2]},"east":{"uv":[64,6],"uv_size":[-8,2]},"south":{"uv":[70,14],"uv_size":[-6,2]},"west":{"uv":[64,6],"uv_size":[-8,2]},"up":{"uv":[64,14],"uv_size":[6,-8]}}},{"origin":[-21,1,-13],"size":[6,2,8],"pivot":[-9,2,18],"rotation":[0,-90,0],"uv":{"north":{"uv":[70,14],"uv_size":[-6,2]},"east":{"uv":[64,6],"uv_size":[-8,2]},"south":{"uv":[70,14],"uv_size":[-6,2]},"west":{"uv":[64,6],"uv_size":[-8,2]},"up":{"uv":[64,14],"uv_size":[6,-8]}}},{"origin":[-39,1,-13],"size":[6,2,8],"pivot":[-9,2,18],"rotation":[0,-90,0],"uv":{"north":{"uv":[70,14],"uv_size":[-6,2]},"east":{"uv":[64,6],"uv_size":[-8,2]},"south":{"uv":[70,14],"uv_size":[-6,2]},"west":{"uv":[64,6],"uv_size":[-8,2]},"up":{"uv":[64,14],"uv_size":[6,-8]}}},{"origin":[-6,1,12],"size":[12,4,12],"uv":{"north":{"uv":[58,52],"uv_size":[12,4]},"east":{"uv":[58,48],"uv_size":[12,4]},"west":{"uv":[58,48],"uv_size":[12,4]},"up":{"uv":[70,32],"uv_size":[-12,-12]}}}]},{"name":"bone2","parent":"goal","pivot":[0,0,0],"cubes":[{"origin":[-1,2,14],"size":[2,5,2],"uv":{"north":{"uv":[64,8],"uv_size":[-2,5]},"east":{"uv":[62,8],"uv_size":[-2,5]},"south":{"uv":[60,8],"uv_size":[-2,5]},"west":{"uv":[62,8],"uv_size":[-2,5]},"up":{"uv":[56,8],"uv_size":[-2,2]}}},{"origin":[-5,5,-21],"size":[2,5,2],"pivot":[-1,5,-19],"rotation":[35,0,0],"uv":{"north":{"uv":[58,8],"uv_size":[2,5]},"east":{"uv":[60,8],"uv_size":[2,5]},"south":{"uv":[62,8],"uv_size":[2,5]},"west":{"uv":[62,8],"uv_size":[-2,5]},"up":{"uv":[54,10],"uv_size":[2,-2]}}},{"origin":[3,5,-21],"size":[2,5,2],"pivot":[1,5,-19],"rotation":[35,0,0],"uv":{"north":{"uv":[60,8],"uv_size":[-2,5]},"east":{"uv":[60,8],"uv_size":[2,5]},"south":{"uv":[64,8],"uv_size":[-2,5]},"west":{"uv":[62,8],"uv_size":[-2,5]},"up":{"uv":[56,10],"uv_size":[-2,-2]}}},{"origin":[6,1,-22],"size":[6,2,8],"uv":{"north":{"uv":[70,14],"uv_size":[-6,2]},"east":{"uv":[64,6],"uv_size":[-8,2]},"south":{"uv":[70,14],"uv_size":[-6,2]},"west":{"uv":[64,6],"uv_size":[-8,2]},"up":{"uv":[70,6],"uv_size":[-6,8]}}},{"origin":[-12,1,-22],"size":[6,2,8],"uv":{"north":{"uv":[64,14],"uv_size":[6,2]},"east":{"uv":[56,6],"uv_size":[8,2]},"south":{"uv":[64,14],"uv_size":[6,2]},"west":{"uv":[56,6],"uv_size":[8,2]},"up":{"uv":[64,6],"uv_size":[6,8]}}},{"origin":[-6,1,-24],"size":[12,4,12],"uv":{"east":{"uv":[70,48],"uv_size":[-12,4]},"south":{"uv":[70,52],"uv_size":[-12,4]},"west":{"uv":[70,48],"uv_size":[-12,4]},"up":{"uv":[70,20],"uv_size":[-12,12]}}}]}]}]}