{"format_version":"1.8.0","minecraft:client_entity":{"description":{"identifier":"hivebridge:arrow","materials":{"default":"entity"},"textures":{"red":"textures/entity/hive/bridge/arrow/red","blue":"textures/entity/hive/bridge/arrow/blue"},"geometry":{"default":"geometry.hive.bridge.arrow"},"animations":{"idle":"animation.hive.bridge.arrow.idle","spawn":"animation.hive.bridge.arrow.spawn"},"animation_controllers":[{"arrow":"controller.animation.hive.bridge.arrow"}],"render_controllers":["controller.render.hive.bridge.arrow"]}}}