{"format_version":"1.8.0","minecraft:client_entity":{"description":{"identifier":"hivebridge:screen","materials":{"default":"entity_alphatest","blend":"slime_outer"},"textures":{"frame":"textures/entity/hive/bridge/screen/frame","digit_0":"textures/entity/hive/bridge/screen/digit_0","digit_1":"textures/entity/hive/bridge/screen/digit_1","digit_2":"textures/entity/hive/bridge/screen/digit_2","digit_3":"textures/entity/hive/bridge/screen/digit_3","digit_4":"textures/entity/hive/bridge/screen/digit_4","digit_5":"textures/entity/hive/bridge/screen/digit_5","digit_6":"textures/entity/hive/bridge/screen/digit_6","digit_7":"textures/entity/hive/bridge/screen/digit_7","digit_8":"textures/entity/hive/bridge/screen/digit_8","digit_9":"textures/entity/hive/bridge/screen/digit_9","score_bg_blue":"textures/entity/hive/bridge/screen/score_bg_blue","score_bg_red":"textures/entity/hive/bridge/screen/score_bg_red","score_text":"textures/entity/hive/bridge/screen/score_text","scoreboard":"textures/entity/hive/bridge/screen/scoreboard","backplate":"textures/entity/hive/bridge/screen/backplate"},"geometry":{"frame":"geometry.hive.bridge.screen.frame","backplate":"geometry.hive.bridge.screen.backplate","score_background":"geometry.hive.bridge.screen.score.background","score_red":"geometry.hive.bridge.screen.score.red","score_blue":"geometry.hive.bridge.screen.score.blue","text_background":"geometry.hive.bridge.screen.text.background","text_score":"geometry.hive.bridge.screen.text.score"},"animations":{"text_score":"animation.hive.bridge.screen.text.score","text_reveal":"animation.hive.bridge.screen.text.reveal","text_revealed":"animation.hive.bridge.screen.text.revealed","text_hide":"animation.hive.bridge.screen.text.hide","text_hidden":"animation.hive.bridge.screen.text.hidden"},"animation_controllers":[{"text":"controller.animation.hive.bridge.screen.text"}],"render_controllers":["controller.render.hive.bridge.screen.frame","controller.render.hive.bridge.screen.backplate","controller.render.hive.bridge.screen.score.background","controller.render.hive.bridge.screen.score.red","controller.render.hive.bridge.screen.score.blue","controller.render.hive.bridge.screen.text.background","controller.render.hive.bridge.screen.text.score"]}}}