{"format_version":"1.8.0","minecraft:client_entity":{"description":{"identifier":"hivebridge:trapdoor","materials":{"default":"entity_alphatest","blend":"slime_outer"},"textures":{"red":"textures/entity/hive/bridge/trapdoor/red","blue":"textures/entity/hive/bridge/trapdoor/blue"},"geometry":{"default":"geometry.hive.bridge.trapdoor"},"animations":{"open":"animation.hive.bridge.trapdoor.open","open_hold":"animation.hive.bridge.trapdoor.open.hold"},"animation_controllers":[{"trapdoor":"controller.animation.hive.bridge.trapdoor"}],"render_controllers":["controller.render.hive.bridge.trapdoor"]}}}