{"minecraft:geometry":[{"description":{"identifier":"geometry.hive.hub.game.sky.female","texture_width":64,"texture_height":64,"visible_bounds_width":3,"visible_bounds_height":4,"visible_bounds_offset":[0,1,0]},"bones":[{"name":"root","pivot":[0,0,0]},{"name":"leftLeg","parent":"root","pivot":[1.9,12,0],"cubes":[{"origin":[-0.6,4,-2.5],"size":[5,2,5],"uv":[44,32],"mirror":true},{"origin":[-0.1,0,-2],"size":[4,12,4],"uv":[48,16],"mirror":true},{"origin":[-0.1,0,-3],"size":[4,3,1],"uv":[51,40],"mirror":true}]},{"name":"rightLeg","parent":"root","pivot":[-1.9,12,0],"cubes":[{"origin":[-3.9,0,-2],"size":[4,12,4],"uv":[48,16]},{"origin":[-3.9,0,-3],"size":[4,3,1],"uv":[51,40]},{"origin":[-4.4,4,-2.5],"size":[5,2,5],"uv":[44,32]}]},{"name":"waist","parent":"root","pivot":[0,12,0]},{"name":"body","parent":"waist","pivot":[0,24,0],"cubes":[{"origin":[-4,12,-2],"size":[8,12,4],"uv":[0,0]},{"origin":[-4,19,-3],"size":[8,4,1],"uv":[24,0]},{"origin":[-2,12,-3],"size":[4,4,1],"pivot":[0,14,-2.5],"rotation":[0,0,45],"uv":[29,51]}]},{"name":"leftwing","parent":"body","pivot":[2,20,2],"cubes":[{"origin":[1,16,2],"size":[1,9,3],"uv":[24,6],"mirror":true},{"origin":[2,17,5],"size":[3,10,1],"uv":[33,5],"mirror":true},{"origin":[5,17,6],"size":[10,11,0],"uv":[44,4],"mirror":true}]},{"name":"rightwing","parent":"body","pivot":[-1,20,2],"cubes":[{"origin":[-5,17,5],"size":[3,10,1],"uv":[33,5]},{"origin":[-2,16,2],"size":[1,9,3],"uv":[24,6]},{"origin":[-15,17,6],"size":[10,11,0],"uv":[44,4]}]},{"name":"head","parent":"body","pivot":[0,24,0],"cubes":[{"origin":[-4,24,-4],"size":[8,8,8],"uv":[0,16]},{"origin":[-4,27,-4],"size":[8,3,0],"pivot":[0,30,-4],"rotation":[-20,0,0],"uv":[29,48]},{"origin":[-5,25,-3],"size":[10,8,8],"uv":[0,48]},{"origin":[-5,23,-5],"size":[2,3,4],"uv":[0,41]},{"origin":[3,23,-5],"size":[2,3,4],"uv":[0,41],"mirror":true},{"origin":[-3,22,-5],"size":[1,3,2],"uv":[13,43]},{"origin":[2,22,-5],"size":[1,3,2],"uv":[13,43],"mirror":true},{"origin":[-5,30,-5],"size":[10,3,2],"uv":[0,32]},{"origin":[-2,33,-1],"size":[4,1,2],"uv":[20,44]},{"origin":[-5,34,-1.5],"size":[10,3,3],"uv":[8,37]},{"origin":[-5,37,-1.5],"size":[10,1,3],"uv":[37,60]}]},{"name":"leftArm","parent":"body","pivot":[5,21.5,0],"cubes":[{"origin":[4,22,-2],"size":[4,3,4],"uv":[32,40],"mirror":true},{"origin":[4,20,-2],"size":[4,2,4],"uv":[48,44],"mirror":true},{"origin":[4,12,-1.5],"size":[3,12,3],"uv":[34,17],"mirror":true},{"origin":[6,15,-2],"size":[2,3,4],"uv":[52,50],"mirror":true}]},{"name":"rightArm","parent":"body","pivot":[-5,21.5,0],"cubes":[{"origin":[-7,12,-1.5],"size":[3,12,3],"uv":[34,17]},{"origin":[-8,22,-2],"size":[4,3,4],"uv":[32,40]},{"origin":[-8,20,-2],"size":[4,2,4],"uv":[48,44]},{"origin":[-8,15,-2],"size":[2,3,4],"uv":[52,50]}]}]}],"format_version":"1.12.0"}