{"format_version":"1.12.0","minecraft:geometry":[{"description":{"identifier":"geometry.hive.hub.game.sky.male","texture_width":64,"texture_height":64,"visible_bounds_width":4,"visible_bounds_height":3,"visible_bounds_offset":[0,1.5,0]},"bones":[{"name":"root","pivot":[0,0,0]},{"name":"leftleg","parent":"root","pivot":[1.9,12,0],"cubes":[{"origin":[-0.1,0,-2],"size":[4,12,4],"uv":[48,16],"mirror":true},{"origin":[-0.1,0,-3],"size":[4,3,1],"uv":[51,50],"mirror":true},{"origin":[-0.6,4,-2.5],"size":[5,2,5],"uv":[44,42],"mirror":true}]},{"name":"rightleg","parent":"root","pivot":[-1.9,12,0],"cubes":[{"origin":[-3.9,0,-2],"size":[4,12,4],"uv":[48,16]},{"origin":[-3.9,0,-3],"size":[4,3,1],"uv":[51,50]},{"origin":[-4.4,4,-2.5],"size":[5,2,5],"uv":[44,42]}]},{"name":"waist","parent":"root","pivot":[0,12,0]},{"name":"body","parent":"waist","pivot":[0,24,0],"cubes":[{"origin":[-4,12,-2],"size":[8,12,4],"uv":[0,0]},{"origin":[-4,19,-3],"size":[8,4,1],"uv":[24,0]},{"origin":[-1.5,13,-3],"size":[3,2,1],"uv":[24,20]}]},{"name":"leftwing","parent":"body","pivot":[2,20,2],"cubes":[{"origin":[2,16,2],"size":[1,9,3],"uv":[24,6],"mirror":true},{"origin":[3,17,5],"size":[3,10,1],"uv":[33,5],"mirror":true},{"origin":[6,17,6],"size":[10,11,0],"uv":[44,4],"mirror":true}]},{"name":"rightwing","parent":"body","pivot":[-2,20,2],"cubes":[{"origin":[-3,16,2],"size":[1,9,3],"uv":[24,6]},{"origin":[-6,17,5],"size":[3,10,1],"uv":[33,5]},{"origin":[-16,17,6],"size":[10,11,0],"uv":[44,4]}]},{"name":"head","parent":"body","pivot":[0,24,0],"cubes":[{"origin":[-4,24,-4],"size":[8,8,8],"uv":[0,16]},{"origin":[-5,30,-5],"size":[10,3,2],"uv":[0,32]},{"origin":[-1,27,-5],"size":[2,3,1],"uv":[0,37]},{"origin":[-5,25,-3],"size":[10,8,8],"uv":[0,48]},{"origin":[-1,33,-4],"size":[2,3,9],"uv":[37,52]},{"origin":[-1,26,5],"size":[2,10,2],"uv":[37,48]},{"origin":[-5,23,-5],"size":[2,3,4],"uv":[0,41]},{"origin":[-3,22,-5],"size":[1,3,2],"uv":[13,43]},{"origin":[2,22,-5],"size":[1,3,2],"uv":[13,43],"mirror":true},{"origin":[3,23,-5],"size":[2,3,4],"uv":[0,41],"mirror":true}]},{"name":"leftarm","parent":"body","pivot":[5,22,0],"cubes":[{"origin":[4,12,-2],"size":[4,12,4],"uv":[32,16],"mirror":true},{"origin":[5.5,15,-2.5],"size":[3,4,5],"uv":[39,33],"mirror":true},{"origin":[5,22,-2.5],"size":[4,3,5],"uv":[20,34],"mirror":true},{"origin":[5,21,-2.5],"size":[4,1,5],"uv":[20,42],"mirror":true}]},{"name":"rightarm","parent":"body","pivot":[-5,22,0],"cubes":[{"origin":[-8,12,-2],"size":[4,12,4],"uv":[32,16]},{"origin":[-8.5,15,-2.5],"size":[3,4,5],"uv":[39,33]},{"origin":[-9,22,-2.5],"size":[4,3,5],"uv":[20,34]},{"origin":[-9,21,-2.5],"size":[4,1,5],"uv":[20,42]}]}]}]}