{"format_version":"1.10.0","particle_effect":{"description":{"identifier":"hivepets:babydragon_fire","basic_render_parameters":{"material":"particles_alpha","texture":"textures/particle/particles"}},"components":{"minecraft:emitter_rate_steady":{"spawn_rate":40,"max_particles":100},"minecraft:emitter_lifetime_once":{"active_time":0.4},"minecraft:emitter_shape_sphere":{"radius":0.1,"surface_only":true,"direction":[0,0,-1.5]},"minecraft:particle_lifetime_expression":{"max_lifetime":2},"minecraft:particle_initial_speed":4,"minecraft:particle_motion_dynamic":{"linear_acceleration":["math.random(-2,2)","math.random(-2,2)",0],"linear_drag_coefficient":3},"minecraft:particle_appearance_billboard":{"size":["(1-(variable.particle_age/variable.particle_lifetime))*0.2","(1-(variable.particle_age/variable.particle_lifetime))*0.2"],"facing_camera_mode":"rotate_xyz","uv":{"texture_width":128,"texture_height":128,"flipbook":{"base_UV":[0,96],"size_UV":[8,8],"step_UV":[8,0],"frames_per_second":8,"max_frame":7,"stretch_to_lifetime":true}}},"minecraft:particle_appearance_tinting":{"color":{"interpolant":"variable.particle_age","gradient":{"0.0":"#ff9C1010","0.495":"#FFD43E1E","0.72":"#FFF1800D","0.8999999999999999":"#FFEEAD06","1.0050000000000001":"#FFC9C9C9","1.5":"#FF717171"}}}}}}