{"format_version":"1.10.0","particle_effect":{"description":{"identifier":"hivepets:babydragon_steam","basic_render_parameters":{"material":"particles_alpha","texture":"textures/particle/particles"}},"components":{"minecraft:emitter_rate_steady":{"spawn_rate":10,"max_particles":100},"minecraft:emitter_lifetime_once":{"active_time":0.5},"minecraft:emitter_shape_point":{"direction":[0,0,-1]},"minecraft:particle_lifetime_expression":{"max_lifetime":1},"minecraft:particle_initial_speed":1,"minecraft:particle_motion_dynamic":{"linear_acceleration":["math.random(-2,2)","math.random(-2,2)",0],"linear_drag_coefficient":3},"minecraft:particle_appearance_billboard":{"size":["variable.particle_age \u003e 0.5 ? (1-(variable.particle_age/variable.particle_lifetime))*0.1 : variable.particle_age*0.2","variable.particle_age \u003e 0.5 ? (1-(variable.particle_age/variable.particle_lifetime))*0.1 : variable.particle_age*0.2"],"facing_camera_mode":"rotate_xyz","uv":{"texture_width":128,"texture_height":128,"flipbook":{"base_UV":[16,0],"size_UV":[8,8],"step_UV":[8,0],"frames_per_second":8,"max_frame":6}}},"minecraft:particle_appearance_tinting":{"color":{"interpolant":"variable.particle_age","gradient":{"0.0":"#FFC9C9C9","1.5":"#FF717171"}}}}}}