{"format_version":"1.8.0","render_controllers":{"controller.render.hive.bridge.pit":{"arrays":{"textures":{"array.textures":["Texture.default_red","Texture.default_blue","Texture.advanced","Texture.ancient","Texture.castle","Texture.dark_sorcery","Texture.end","Texture.golden","Texture.mineshaft","Texture.nether","Texture.pool","Texture.redstone"]},"geometries":{"array.geometries":["Geometry.default","Geometry.default","Geometry.advanced","Geometry.ancient","Geometry.castle","Geometry.dark_sorcery","Geometry.end","Geometry.golden","Geometry.mineshaft","Geometry.nether","Geometry.pool","Geometry.redstone"]}},"geometry":"array.geometries[query.variant]","materials":[{"*":"Material.default"}],"textures":["array.textures[query.variant]"]}}}