{"format_version":"1.8.0","render_controllers":{"controller.render.hive.bridge.screen.score.background":{"geometry":"Geometry.score_background","materials":[{"*":"Material.default"}],"textures":["Texture.scoreboard"],"light_color_multiplier":0.8,"ignore_lighting":true},"controller.render.hive.bridge.screen.score.red":{"arrays":{"textures":{"array.textures":["Texture.digit_0","Texture.digit_1","Texture.digit_2","Texture.digit_3","Texture.digit_4","Texture.digit_5","Texture.digit_6","Texture.digit_7","Texture.digit_8","Texture.digit_9"]}},"geometry":"Geometry.score_red","materials":[{"*":"Material.blend"}],"textures":["array.textures[query.variant]"],"light_color_multiplier":0.8,"ignore_lighting":true},"controller.render.hive.bridge.screen.score.blue":{"arrays":{"textures":{"array.textures":["Texture.digit_0","Texture.digit_1","Texture.digit_2","Texture.digit_3","Texture.digit_4","Texture.digit_5","Texture.digit_6","Texture.digit_7","Texture.digit_8","Texture.digit_9"]}},"geometry":"Geometry.score_blue","materials":[{"*":"Material.blend"}],"textures":["array.textures[query.mark_variant]"],"light_color_multiplier":0.8,"ignore_lighting":true},"controller.render.hive.bridge.screen.text.background":{"arrays":{"textures":{"array.textures":["Texture.score_bg_red","Texture.score_bg_blue"]}},"geometry":"Geometry.text_background","materials":[{"*":"Material.default"}],"textures":["array.textures[query.skin_id]"],"light_color_multiplier":0.8,"ignore_lighting":true},"controller.render.hive.bridge.screen.text.score":{"geometry":"Geometry.text_score","materials":[{"*":"Material.blend"}],"textures":["Texture.score_text"],"light_color_multiplier":0.8,"ignore_lighting":true},"controller.render.hive.bridge.screen.frame":{"geometry":"Geometry.frame","materials":[{"*":"Material.default"}],"textures":["Texture.frame"]},"controller.render.hive.bridge.screen.backplate":{"geometry":"Geometry.backplate","materials":[{"*":"Material.default"}],"textures":["Texture.backplate"],"light_color_multiplier":0.85,"ignore_lighting":true}}}