{"format_version":"1.10.0","animation_controllers":{"controller.animation.hive.hub.arcade.clerk.idle":{"states":{"default":{"animations":["idle","idle_head"]}}},"controller.animation.hive.hub.arcade.clerk.random":{"states":{"default":{"transitions":[{"update":"variable.decide_random \u003d math.random_integer(0, 6); return 0;"},{"blink":"variable.decide_random \u003d\u003d 0"},{"wave":"variable.decide_random \u003d\u003d 1"},{"look_left":"variable.decide_random \u003d\u003d 2"},{"look_right":"variable.decide_random \u003d\u003d 3"},{"look_left_soft":"variable.decide_random \u003d\u003d 4"},{"look_right_soft":"variable.decide_random \u003d\u003d 5"},{"checkout":"variable.decide_random \u003d\u003d 6"}]},"timeout":{"animations":["idle_timeout"],"transitions":[{"default":"query.all_animations_finished"}]},"update":{"transitions":[{"default":"query.all_animations_finished"}]},"wave":{"animations":["wave"],"transitions":[{"timeout":"query.all_animations_finished"}]},"look_left":{"animations":["look_left"],"transitions":[{"timeout":"query.all_animations_finished"}]},"look_right":{"animations":["look_right"],"transitions":[{"timeout":"query.all_animations_finished"}]},"blink":{"animations":["blink"],"transitions":[{"timeout":"query.all_animations_finished"}]},"look_right_soft":{"animations":["look_right_soft"],"transitions":[{"timeout":"query.all_animations_finished"}]},"look_left_soft":{"animations":["look_left_soft"],"transitions":[{"timeout":"query.all_animations_finished"}]},"checkout":{"animations":["checkout"],"transitions":[{"timeout":"query.all_animations_finished"}]}}}}}