{"format_version":"1.10.0","animation_controllers":{"controller.animation.hive.hub.arcade.duck.random":{"states":{"default":{"transitions":[{"update":"variable.decide_random \u003d math.random_integer(0, 2); return 0;"},{"look_left":"variable.decide_random \u003d\u003d 0"},{"look_right":"variable.decide_random \u003d\u003d 1"},{"quack":"variable.decide_random \u003d\u003d 2"}]},"update":{"transitions":[{"default":"query.all_animations_finished"}]},"look_left":{"animations":["look_left"],"transitions":[{"default":"query.all_animations_finished"}]},"look_right":{"animations":["look_right"],"transitions":[{"default":"query.all_animations_finished"}]},"quack":{"animations":["quack"],"transitions":[{"default":"query.all_animations_finished"}]}}},"controller.animation.hive.hub.arcade.duck.default":{"states":{"default":{"animations":["spawn"],"transitions":[{"swim":"query.all_animations_finished"}]},"swim":{"animations":["sway","swim"]}}},"controller.animation.hive.hub.arcade.duck.path":{"states":{"default":{"transitions":[{"update":"variable.decide_random \u003d math.random_integer(0, 1); return 0;"},{"path_1":"variable.decide_random \u003d\u003d 0"},{"path_2":"variable.decide_random \u003d\u003d 1"}]},"update":{"transitions":[{"default":"query.all_animations_finished"}]},"path_1":{"animations":["path1"],"transitions":[{"default":"query.all_animations_finished"}]},"path_2":{"animations":["path2"],"transitions":[{"default":"query.all_animations_finished"}]}}}}}