{"format_version":"1.10.0","animation_controllers":{"controller.animation.hive.hub.arcade.mailbox.idle":{"states":{"default":{"animations":["idle","idle_face"]}}},"controller.animation.hive.hub.arcade.mailbox.proximity":{"states":{"default":{"transitions":[{"enter":"query.distance_from_camera \u003c\u003d 16"}]},"enter":{"animations":["enter"],"transitions":[{"exit":"query.distance_from_camera \u003e 16"}]},"exit":{"animations":["exit"],"transitions":[{"enter":"query.distance_from_camera \u003c\u003d 16"},{"default":"query.all_animations_finished"}]}}}}}