{"format_version":"1.10.0","animation_controllers":{"controller.animation.hive.hub.arcade.mailbotcollectible":{"states":{"default":{"transitions":[{"claimed":"query.mark_variant \u003d\u003d 1"}]},"claimed":{"animations":["claimed"],"transitions":[{"default":"query.mark_variant \u003d\u003d 0"}]}}},"controller.animation.hive.hub.arcade.mailbotcollectible.idle":{"states":{"default":{"animations":["idle1","idle2"],"particle_effects":[{"effect":"glitter","locator":"shine1"},{"effect":"glitter","locator":"shine2"},{"effect":"glitter","locator":"shine3"},{"effect":"glitter","locator":"shine4"}]}}}}}