{"format_version":"1.10.0","animation_controllers":{"controller.animation.hive.hub.arcade.portal.idle":{"states":{"default":{"animations":["idle","idle_scale"]}}},"controller.animation.hive.hub.arcade.portal.portal":{"states":{"default":{"animations":["ripple_hide"],"transitions":[{"decide":"query.is_tamed"}]},"decide":{"animations":["ripple_hide"],"transitions":[{"update":"variable.decide_random \u003d math.random_integer(0, 6); return 0;"},{"portal_1":"variable.decide_random \u003d\u003d 0"},{"portal_2":"variable.decide_random \u003d\u003d 1"},{"portal_3":"variable.decide_random \u003d\u003d 2"},{"portal_4":"variable.decide_random \u003d\u003d 3"},{"portal_5":"variable.decide_random \u003d\u003d 4"},{"portal_6":"variable.decide_random \u003d\u003d 5"}]},"update":{"animations":["portal_1"],"transitions":[{"default":"query.all_animations_finished"}]},"portal_1":{"animations":["portal_1"],"transitions":[{"default":"query.all_animations_finished"}]},"portal_2":{"animations":["portal_2"],"transitions":[{"default":"query.all_animations_finished"}]},"portal_3":{"animations":["portal_3"],"transitions":[{"default":"query.all_animations_finished"}]},"portal_4":{"animations":["portal_4"],"transitions":[{"default":"query.all_animations_finished"}]},"portal_5":{"animations":["portal_5"],"transitions":[{"default":"query.all_animations_finished"}]},"portal_6":{"animations":["portal_6"],"transitions":[{"default":"query.all_animations_finished"}]}}}}}