{"format_version":"1.8.0","minecraft:client_entity":{"description":{"identifier":"hivehub:monorail_carriage","materials":{"default":"entity_alphatest"},"textures":{"default":"textures/entity/hive/hub/arcade/monorail/carriage"},"geometry":{"default":"geometry.hive.hub.arcade.monorail.carriage"},"animations":{"idle":"animation.hive.hub.arcade.monorail.carriage.idle","doors_open":"animation.hive.hub.arcade.monorail.carriage.doors.open","doors_open_hold":"animation.hive.hub.arcade.monorail.carriage.doors.open.hold","doors_close":"animation.hive.hub.arcade.monorail.carriage.doors.close","travel":"animation.hive.hub.arcade.monorail.carriage.travel"},"animation_controllers":[{"travel":"controller.animation.hive.hub.arcade.monorail.travel"},{"doors":"controller.animation.hive.hub.arcade.monorail.carriage.doors"},{"idle":"controller.animation.hive.hub.arcade.monorail.carriage.idle"}],"render_controllers":["controller.render.default"]}}}