{"format_version":"1.8.0","minecraft:client_entity":{"description":{"identifier":"hivehub:monorail_engine","materials":{"default":"entity_alphatest"},"textures":{"default":"textures/entity/hive/hub/arcade/monorail/engine"},"geometry":{"default":"geometry.hive.hub.arcade.monorail.engine"},"animations":{"idle":"animation.hive.hub.arcade.monorail.idle","blink":"animation.hive.hub.arcade.monorail.blink","wave":"animation.hive.hub.arcade.monorail.wave","doors_open":"animation.hive.hub.arcade.monorail.doors.open","doors_close":"animation.hive.hub.arcade.monorail.doors.close","travel":"animation.hive.hub.arcade.monorail.travel"},"animation_controllers":[{"travel":"controller.animation.hive.hub.arcade.monorail.travel"},{"doors":"controller.animation.hive.hub.arcade.monorail.engine.doors"}],"render_controllers":["controller.render.default"]}}}