{"format_version":"1.12.0","minecraft:geometry":[{"description":{"identifier":"geometry.hive.bridge.screen.frame","texture_width":128,"texture_height":128,"visible_bounds_width":20,"visible_bounds_height":9,"visible_bounds_offset":[0,2.5,0]},"bones":[{"name":"root","pivot":[0,0,0]},{"name":"stadiumScreen","parent":"root","pivot":[0,0,-4],"cubes":[{"origin":[74,0,-12],"size":[74,8,24],"uv":{"north":{"uv":[74,88],"uv_size":[-74,8]},"east":{"uv":[48,64],"uv_size":[24,8]},"south":{"uv":[0,88],"uv_size":[74,8]},"west":{"uv":[48,72],"uv_size":[24,8]},"up":{"uv":[74,88],"uv_size":[-74,1]},"down":{"uv":[0,128],"uv_size":[74,-24]}}},{"origin":[0,0,-12],"size":[74,8,24],"uv":{"north":{"uv":[74,56],"uv_size":[-74,8]},"east":{"uv":[48,64],"uv_size":[24,8]},"south":{"uv":[74,56],"uv_size":[-74,8]},"west":{"uv":[48,72],"uv_size":[24,8]},"up":{"uv":[0,0],"uv_size":[74,1]},"down":{"uv":[74,24],"uv_size":[-74,-24]}}},{"origin":[-74,0,-12],"size":[74,8,24],"uv":{"north":{"uv":[0,56],"uv_size":[74,8]},"east":{"uv":[48,64],"uv_size":[24,8]},"south":{"uv":[0,56],"uv_size":[74,8]},"west":{"uv":[48,72],"uv_size":[24,8]},"up":{"uv":[0,0],"uv_size":[74,1]},"down":{"uv":[0,24],"uv_size":[74,-24]}}},{"origin":[-148,0,-12],"size":[74,8,24],"uv":{"north":{"uv":[74,96],"uv_size":[-74,8]},"east":{"uv":[48,64],"uv_size":[24,8]},"south":{"uv":[0,96],"uv_size":[74,8]},"west":{"uv":[48,72],"uv_size":[24,8]},"up":{"uv":[0,88],"uv_size":[74,1]},"down":{"uv":[0,48],"uv_size":[74,-24]}}},{"origin":[74,96,-12],"size":[74,8,24],"uv":{"north":{"uv":[74,96],"uv_size":[-74,-8]},"east":{"uv":[48,64],"uv_size":[24,8]},"south":{"uv":[0,96],"uv_size":[74,-8]},"west":{"uv":[48,80],"uv_size":[24,-8]},"up":{"uv":[0,104],"uv_size":[74,24]},"down":{"uv":[74,89],"uv_size":[-74,-1]}}},{"origin":[0,96,-12],"size":[74,8,24],"uv":{"north":{"uv":[74,64],"uv_size":[-74,-8]},"east":{"uv":[48,64],"uv_size":[24,8]},"south":{"uv":[74,64],"uv_size":[-74,-8]},"west":{"uv":[48,72],"uv_size":[24,8]},"up":{"uv":[74,0],"uv_size":[-74,24]},"down":{"uv":[0,1],"uv_size":[74,-1]}}},{"origin":[-74,96,-12],"size":[74,8,24],"uv":{"north":{"uv":[0,64],"uv_size":[74,-8]},"east":{"uv":[48,64],"uv_size":[24,8]},"south":{"uv":[0,64],"uv_size":[74,-8]},"west":{"uv":[48,72],"uv_size":[24,8]},"up":{"uv":[0,0],"uv_size":[74,24]},"down":{"uv":[0,0],"uv_size":[74,0]}}},{"origin":[-148,96,-12],"size":[74,8,24],"uv":{"north":{"uv":[74,104],"uv_size":[-74,-8]},"east":{"uv":[48,72],"uv_size":[24,-8]},"south":{"uv":[0,104],"uv_size":[74,-8]},"west":{"uv":[48,72],"uv_size":[24,8]},"up":{"uv":[0,24],"uv_size":[74,24]},"down":{"uv":[0,89],"uv_size":[74,-1]}}},{"origin":[-148,8,-12],"size":[8,22,24],"uv":{"north":{"uv":[82,46],"uv_size":[-8,-22]},"east":{"uv":[48,64],"uv_size":[-24,22]},"south":{"uv":[82,46],"uv_size":[-8,-22]},"west":{"uv":[48,64],"uv_size":[-1,22]},"up":{"uv":[80,64],"uv_size":[-8,24]},"down":{"uv":[82,24],"uv_size":[-8,-24]}}},{"origin":[-148,30,-12],"size":[8,22,24],"uv":{"north":{"uv":[98,46],"uv_size":[-8,-22]},"east":{"uv":[122,24],"uv_size":[-24,22]},"south":{"uv":[90,46],"uv_size":[8,-22]},"west":{"uv":[99,24],"uv_size":[-1,22]},"up":{"uv":[80,64],"uv_size":[-8,24]},"down":{"uv":[82,24],"uv_size":[-8,-24]}}},{"origin":[-148,52,-12],"size":[8,22,24],"uv":{"north":{"uv":[98,24],"uv_size":[-8,22]},"east":{"uv":[122,46],"uv_size":[-24,-22]},"south":{"uv":[90,24],"uv_size":[8,22]},"west":{"uv":[99,46],"uv_size":[-1,-22]},"up":{"uv":[80,64],"uv_size":[-8,24]},"down":{"uv":[82,24],"uv_size":[-8,-24]}}},{"origin":[-148,74,-12],"size":[8,22,24],"uv":{"north":{"uv":[82,24],"uv_size":[-8,22]},"east":{"uv":[48,86],"uv_size":[-24,-22]},"south":{"uv":[82,24],"uv_size":[-8,22]},"west":{"uv":[24,86],"uv_size":[1,-22]},"up":{"uv":[80,64],"uv_size":[-8,24]},"down":{"uv":[82,24],"uv_size":[-8,-24]}}},{"origin":[140,74,-12],"size":[8,22,24],"uv":{"north":{"uv":[82,24],"uv_size":[-8,22]},"east":{"uv":[1,86],"uv_size":[-1,-22]},"south":{"uv":[82,24],"uv_size":[-8,22]},"west":{"uv":[24,86],"uv_size":[-24,-22]},"up":{"uv":[72,88],"uv_size":[8,-24]},"down":{"uv":[74,0],"uv_size":[8,24]}}},{"origin":[140,8,-12],"size":[8,22,24],"uv":{"north":{"uv":[82,46],"uv_size":[-8,-22]},"east":{"uv":[1,64],"uv_size":[-1,22]},"south":{"uv":[82,46],"uv_size":[-8,-22]},"west":{"uv":[24,64],"uv_size":[-24,22]},"up":{"uv":[72,88],"uv_size":[8,-24]},"down":{"uv":[74,0],"uv_size":[8,24]}}},{"origin":[140,30,-12],"size":[8,22,24],"uv":{"north":{"uv":[82,46],"uv_size":[8,-22]},"east":{"uv":[99,46],"uv_size":[-1,22]},"south":{"uv":[90,46],"uv_size":[-8,-22]},"west":{"uv":[122,46],"uv_size":[-24,22]},"up":{"uv":[72,88],"uv_size":[8,-24]},"down":{"uv":[74,0],"uv_size":[8,24]}}},{"origin":[140,52,-12],"size":[8,22,24],"uv":{"north":{"uv":[82,24],"uv_size":[8,22]},"east":{"uv":[99,68],"uv_size":[-1,-22]},"south":{"uv":[90,24],"uv_size":[-8,22]},"west":{"uv":[122,68],"uv_size":[-24,-22]},"up":{"uv":[72,88],"uv_size":[8,-24]},"down":{"uv":[74,0],"uv_size":[8,24]}}}]},{"name":"bone","parent":"stadiumScreen","pivot":[0,0,-4]}]}]}