{"format_version":"1.8.0","minecraft:client_entity":{"description":{"identifier":"hivepets:babydragon","materials":{"default":"entity_alphatest","faded":"slime_outer"},"textures":{"default":"textures/entity/hive/pets/babydragon/green","default_faded":"textures/entity/hive/pets/babydragon/green_faded","ender":"textures/entity/hive/pets/babydragon/ender","ender_faded":"textures/entity/hive/pets/babydragon/ender_faded","blue":"textures/entity/hive/pets/babydragon/blue","blue_faded":"textures/entity/hive/pets/babydragon/blue_faded","red":"textures/entity/hive/pets/babydragon/red","red_faded":"textures/entity/hive/pets/babydragon/red_faded","pink":"textures/entity/hive/pets/babydragon/pink","pink_faded":"textures/entity/hive/pets/babydragon/pink_faded"},"geometry":{"default":"geometry.hive.pets.babydragon"},"scripts":{"pre_animation":["variable.idleTimer \u003d math.random_integer(0, 1000);"]},"animations":{"spawn":"animation.hive.pets.babydragon.spawn","despawn":"animation.hive.pets.babydragon.despawn","state_change":"animation.hive.pets.babydragon.statechange","idle_fly":"animation.hive.pets.babydragon.idle.fly","idle_float":"animation.hive.pets.babydragon.idle.float","face_blink":"animation.hive.pets.babydragon.face.blink","face_look_left":"animation.hive.pets.babydragon.face.look.left","face_look_right":"animation.hive.pets.babydragon.face.look.right","sneeze":"animation.hive.pets.babydragon.sneeze","spin":"animation.hive.pets.babydragon.spin","relax":"animation.hive.pets.babydragon.relax","travel":"animation.hive.pets.babydragon.travel","travel_lean":"animation.hive.pets.babydragon.travel.lean"},"particle_effects":{"idle_dust":"hivepets:babydragon_idle_dust","steam":"hivepets:babydragon_steam","fire":"hivepets:babydragon_fire"},"animation_controllers":[{"idle":"controller.animation.hive.pets.babydragon.idle"},{"idle_action":"controller.animation.hive.pets.babydragon.idle.action"},{"face":"controller.animation.hive.pets.babydragon.face"},{"state":"controller.animation.hive.pets.babydragon.state"}],"render_controllers":["controller.render.hive.pets.babydragon"]}}}