{"format_version":"1.8.0","minecraft:client_entity":{"description":{"identifier":"hivepets:endolotl","materials":{"default":"entity_alphatest","faded":"slime_outer"},"textures":{"default":"textures/entity/hive/pets/endolotl/endolotl","faded":"textures/entity/hive/pets/endolotl/faded"},"geometry":{"default":"geometry.hive.pets.endolotl"},"scripts":{"pre_animation":["variable.idleTimer \u003d math.random_integer(0, 1000);"]},"animations":{"idle_float":"animation.hive.pets.endolotl.idle.float","face_blink":"animation.hive.pets.endolotl.face.blink","face_look_left":"animation.hive.pets.endolotl.face.look.left","face_look_right":"animation.hive.pets.endolotl.face.look.right","body_shake":"animation.hive.pets.endolotl.body.shake","body_waves":"animation.hive.pets.endolotl.body.waves","body_sleep":"animation.hive.pets.endolotl.body.sleep","body_tilt":"animation.hive.pets.endolotl.body.tilt","move_forward":"animation.hive.pets.endolotl.move.forward","state_change":"animation.hive.pets.endolotl.statechange"},"particle_effects":{"idle":"hivepets:endolotl_idle","shake":"hivepets:endolotl_shake","sleeping":"hivepets:endolotl_sleeping","sleeping2":"hivepets:endolotl_sleeping2"},"animation_controllers":[{"idle":"controller.animation.hive.pets.endolotl.idle"},{"move":"controller.animation.hive.pets.endolotl.move"},{"face":"controller.animation.hive.pets.endolotl.face"},{"body":"controller.animation.hive.pets.endolotl.body"},{"state":"controller.animation.hive.pets.endolotl.state"}],"render_controllers":["controller.render.hive.pets.phasedpet"]}}}