{"format_version":"1.8.0","minecraft:client_entity":{"description":{"identifier":"hivepets:pirateship","materials":{"default":"entity_alphatest","faded":"slime_outer"},"textures":{"default":"textures/entity/hive/pets/pirateship/default","default_faded":"textures/entity/hive/pets/pirateship/default_faded","ghost":"textures/entity/hive/pets/pirateship/ghost","ghost_faded":"textures/entity/hive/pets/pirateship/ghost_faded"},"geometry":{"default":"geometry.hive.pets.pirateship","ghost":"geometry.hive.pets.pirateship.ghost","locators":"geometry.hive.pets.pirateship.locators"},"particle_effects":{"water":"hivepets:pirateship_water","water_ghost":"hivepets:pirateship_water_ghost","cannonball":"hivepets:pirateship_cannonball","cannons":"hivepets:pirateship_cannons"},"sound_effects":{"cannons":"hive.pets.pirateship.cannon","morph":"hive.pets.pirateship.morph","afk":"hive.pets.pirateship.afk","afk_retract":"hive.pets.pirateship.afk_retract"},"animations":{"spawn":"animation.hive.pets.pirateship.spawn","despawn":"animation.hive.pets.pirateship.despawn","statechange":"animation.hive.pets.pirateship.statechange","hide_anchor":"animation.hive.pets.pirateship.hide.anchor","move_forward":"animation.hive.pets.pirateship.move.forward","morph":"animation.hive.pets.ghostship.morph","idle":"animation.hive.pets.pirateship.idle","idle_cannon":"animation.hive.pets.ghostship.idle.cannon","idle_travel":"animation.hive.pets.pirateship.idle.travel","afk":"animation.hive.pets.pirateship.afk","afk_hold":"animation.hive.pets.pirateship.afk.hold","afk_retract":"animation.hive.pets.pirateship.afk.retract"},"animation_controllers":[{"idle":"controller.animation.hive.pets.pirateship.idle"},{"afk":"controller.animation.hive.pets.pirateship.afk"},{"move":"controller.animation.hive.pets.pirateship.move"},{"idle_action":"controller.animation.hive.pets.pirateship.idle.action"}],"render_controllers":["controller.render.hive.pets.pirateship","controller.render.hive.pets.pirateship.locators"]}}}