{"format_version":"1.8.0","minecraft:client_entity":{"description":{"identifier":"hivepets:rock","materials":{"default":"entity_alphatest"},"textures":{"default":"textures/entity/hive/pets/rock"},"geometry":{"default":"geometry.hive.pets.rock"},"scripts":{"pre_animation":["variable.idleTimer \u003d math.random_integer(0, 1000);"]},"animations":{"blink1":"animation.hive.pets.rock.blink1","blink2":"animation.hive.pets.rock.blink2"},"animation_controllers":[{"rock":"controller.animation.hive.pets.rock"}],"render_controllers":["controller.render.default"]}}}