{"format_version":"1.8.0","minecraft:client_entity":{"description":{"identifier":"hivehub:npc_animals_owl","materials":{"default":"entity_alphatest"},"textures":{"default":"textures/entity/hive/hub/npc/animals/owl"},"geometry":{"default":"geometry.hive.hub.npc.animals.owl"},"scripts":{"pre_animation":["variable.idleRandom \u003d math.random_integer(0, 2500);"]},"animations":{"idle":"animation.hive.hub.npc.animals.owl.idle","blink":"animation.hive.hub.npc.animals.owl.blink","look":"animation.hive.hub.npc.animals.owl.look","sleepy":"animation.hive.hub.npc.animals.owl.sleepy"},"animation_controllers":[{"idle":"controller.animation.hive.hub.npc.animals.owl.idle"},{"idle2":"controller.animation.hive.hub.npc.animals.owl.idle2"}],"render_controllers":["controller.render.default"]}}}