{"content":[{"path":"textures/entity/hive/wars/bridgebuilder/penguin.png","key":"F4RP7ZXMVI3AXH5F56R37MYDGWQSEJKV"},{"path":"textures/entity/hive/wars/upgrade_bot.png","key":"BLQ6GVEMNKHHN2GVBB4CSYTN3APTMOHA"},{"path":"models/entity/hive/wars/bridgebuilder/penguin.json","key":"BVXPZXBJ35VDFIWIFVMUZR6ZU5BUXUQK"},{"path":"textures/entity/hive/wars/treasure/cactus.png","key":"2PGPRUCTDYRTUNPPLWOONHI6YS6SU2TM"},{"path":"textures/entity/hive/wars/treasure/beach_ball.png","key":"CTR5CW2MJE5MFX3CG3EAHODTWI7TMVGV"},{"path":"textures/entity/hive/wars/treasure/moai.png","key":"6ILUHBVP7KESH4KYKNOHQKDAYAS6FTLH"},{"path":"textures/entity/hive/wars/treasure/trophy.png","key":"X7OVVQBX2JBRUOHN4MEG2HRA5M6LIM4O"},{"path":"models/entity/hive/wars/treasure/emerald.json","key":"7FFHUKNK4JRM6WJUFE7P3VI5OOSRWLOG"},{"path":"models/entity/hive/wars/bridgebuilder/biplane.json","key":"YKVNZSTNVIX2FUSE76GK6W4IL3WE2TXP"},{"path":"textures/entity/hive/wars/treasure/parrot.png","key":"C5CFKE6QHAZSY2GMQ72XOUQYMHK6RCLM"},{"path":"models/entity/hive/wars/treasure/campfire.json","key":"UHB3UDHWCS7VEAKJDS4K3EXGBKYQMTYB"},{"path":"render_controllers/hive/wars/status.json","key":"DGQO6PGPGSK53WZUVU5W6TFNSXTXWTVF"},{"path":"textures/entity/hive/wars/status/red.png","key":"UMMEPND4YRAUIBYTP5FFAU5THSMRPECB"},{"path":"models/entity/hive/wars/treasure/pizza_stack.json","key":"UB2AOMBZYDRYKGHYZV7E7WQIU3LFEEYR"},{"path":"textures/entity/hive/wars/treasure/rocket_ship.png","key":"CLKFM7M3MZ3VA4Y7JOWSWI4F66JZT36A"},{"path":"animation_controllers/hive/wars/upgrade_bot.json","key":"3HUIXXNHWDLL557XL6IR6KJCR7VN3FXC"},{"path":"textures/entity/hive/wars/treasure/snowglobe.png","key":"HFTUCUPZMP7ZJ2PNMRW7DMDKNUEMERLL"},{"path":"render_controllers/hive/wars/treasure.json","key":"K4OJQFBH7MRIW2QFQYB2XKSJXLK57RXP"},{"path":"sounds/sound_definitions.json","key":"X65D5UG3E23VYNZ66R4GBQMEOYTVZ567"},{"path":"textures/entity/hive/wars/treasure/burger.png","key":"IJBYS2EE4K5EA6HU6DPHH34YGSB4EVNG"},{"path":"textures/entity/hive/wars/bridgebuilder/mailbot_delivery_drone.png","key":"CXBEMTWLSEYTZVIZR7AOS7RZWAIMJGEC"},{"path":"textures/entity/hive/wars/treasure/default.png","key":"72L5YXXS5XSYLLZX5GEDD25GPR5RFLBR"},{"path":"textures/entity/hive/wars/treasure/bed.png","key":"7E5C5ZMY7ZPNCZBWDMPTM7HVO55KQY6F"},{"path":"entity/hive/wars/status.json","key":"CTRA3T5ZJLIASLX4SNWEQM7VYVSBURHJ"},{"path":"animation_controllers/hive/wars/summoner.json","key":"ZOXM2J2FWNBCXLX4Q2SYWQKPUYCMRSEC"},{"path":"models/entity/hive/wars/treasure/safe.json","key":"OXLNFP4B2G7FAL26FFD7W5GCSZVX5FLT"},{"path":"textures/entity/hive/wars/treasure/recycling.png","key":"B67ZCINV6DINHR6YQX6AUOGYV2SEDZQL"},{"path":"textures/entity/hive/wars/status/blue.png","key":"42PVBQARIWQGFOJF2YYXZUHDWMLE6HAH"},{"path":"models/entity/hive/wars/treasure/cake.json","key":"4NKHS3E3IVRYKZ46V5KBW6437FNAAHJF"},{"path":"models/entity/hive/wars/treasure/ice_creeper.json","key":"TC6QEAAEGPXDX5KCAZVQPVNW6T7K2GIR"},{"path":"models/entity/hive/wars/upgrade_bot.json","key":"UJLUILW3WKFGYFWEFRNDFIUWSPZJ3QGM"},{"path":"textures/entity/hive/wars/treasure/sonic_ring.png","key":"6ABW3ORSPKNDGMSLFUBUB6LFMYEFWSHD"},{"path":"models/entity/hive/wars/treasure/earth.json","key":"5J4TVMRHDPX6WGBRHSCDTXG7H3EA6MVC"},{"path":"particles/hive/wars/summoner/emerald.particle.json","key":"6QD7N4LU2OTY4PNQT2THJSM3VSNWQRSN"},{"path":"models/entity/hive/wars/treasure/bed.json","key":"PNNNHL7DGUUULYIVCPCIEJKNAJGAZVUA"},{"path":"textures/entity/hive/wars/treasure/golden_egg.png","key":"L7KUBUGDCMHSKFGBJKVTGONNO5IYMMDK"},{"path":"textures/entity/hive/wars/merchant.png","key":"VZJZYA3QTC2DTF33AK5H4EQ3LYRA7DEC"},{"path":"animations/hive/wars/status.json","key":"SIRDRSGNQDOEAU46GNJDI2XLTAAVMK7A"},{"path":"entity/hive/wars/upgrade_bot.json","key":"V5L2XUKRPHQQZHDBOSPXB74WGTQN3Y7Z"},{"path":"textures/entity/hive/wars/treasure/crystal.png","key":"HG6RRJ2AAUVEQ7XFIOIH3TRW4WWJ66UV"},{"path":"textures/entity/hive/wars/treasure/skull.png","key":"WUK2ZZYH22Z247GRE3UK654HE6P4HCNY"},{"path":"textures/entity/hive/wars/treasure/mini_creeper.png","key":"NARDLXRNDXSMOD2U56WETHJ4W4IC3JSM"},{"path":"models/entity/hive/wars/treasure/rocket_ship.json","key":"EE4MDRMQPGYH2XXR5FYZLHP4NHAH5LSY"},{"path":"textures/entity/hive/wars/treasure/safe.png","key":"DWDOZQXIBS7OWXTMXXXLSYI7PZIHFVEF"},{"path":"textures/entity/hive/wars/treasure/trick_or_treat.png","key":"YJE65QVWZ5B64WZ2HGV5RLT2TC3H4WY3"},{"path":"models/entity/hive/wars/treasure/default.json","key":"MDSHUY76S7J3KJLUI4IRTCFBYODD45US"},{"path":"animations/hive/wars/bridgebuilder/sonic_motobug.json","key":"SHEFIJUEZMGYJBQMJZCFZLNDNYFANHHD"},{"path":"textures/entity/hive/wars/treasure/pirate_ship.png","key":"4UNVL5ABLKWTZFU6T3DHTM47HLPX364D"},{"path":"textures/entity/hive/wars/bridgebuilder/beaver.png","key":"ZSZR3ANGBPRZKKFH3PXQUJP3F5H2XZIU"},{"path":"models/entity/hive/wars/bridgebuilder/grumpus.json","key":"G3ZCIUWBNFW3DHWPM4JAMZFVQ3KLZLAM"},{"path":"textures/entity/hive/wars/treasure/skeleton.png","key":"MJAFMXBOLETITOD45NRQUMR5JZGO5YDI"},{"path":"models/entity/hive/wars/treasure/gold_chalice.json","key":"KARP34EFJIDJSXTHSQU6B6AH3VWP4TIF"},{"path":"models/entity/hive/wars/bridgebuilder/robot.json","key":"BLAUU55LMD6BH2JPEEO6OHO6T4UPUDCK"},{"path":"models/entity/hive/wars/treasure/golden_egg.json","key":"C7JDH2UYCBEMDI65GCTAHR6L3RQXOJU6"},{"path":"textures/entity/hive/wars/treasure/ice_cream.png","key":"AOUXYQKSA7R4KFXYQCYOVBZC3RC6DSE4"},{"path":"models/entity/hive/wars/treasure/mini_creeper.json","key":"SMZ6ZSXHTDPNQG725YZX2QOSB4EWGA4J"},{"path":"particles/hive/wars/chorus/tp_single.particle.json","key":"JBPVKIUSHRVVG6MIFDIVIW6QXQFLT6QA"},{"path":"models/entity/hive/wars/treasure/teddy_bear.json","key":"SF7OOBFDX3LA4AZMI6MCRSRA3EJP7J35"},{"path":"models/entity/hive/wars/treasure/sonic_dark_chao.json","key":"YQOZC4R54GSRBP4CIIPHVPDDF7ZKAYDX"},{"path":"animations/hive/wars/bridgebuilder/mailbot_delivery_drone.json","key":"CJLGYK4I6Y4OA5327ZWWEPWWG3PAKCJ4"},{"path":"models/entity/hive/wars/bridgebuilder/rocket.json","key":"2YVV3K34JDKHU4QCSQMSRFGYSKNCNGBP"},{"path":"particles/hive/wars/chorus/tp.particle.json","key":"TDJQD6NOALDU4M4AY6UKMDYBQCRBEOQA"},{"path":"textures/entity/hive/wars/treasure/sunflower.png","key":"B27JONJ2PM4IJ6SKVCV5EZTMHX5GBBBL"},{"path":"models/entity/hive/wars/treasure/tv.json","key":"63PJILPOZM2R3RL5GHVEFWJWAZMTA6QG"},{"path":"models/entity/hive/wars/treasure/ice_cream.json","key":"U275LZOENJUYPCBZF6T2HMPTYPZJHWUT"},{"path":"textures/entity/hive/wars/treasure/gold_chalice.png","key":"3RICLZKPNUGSJ7CRGJNZHMF42KGEQTOE"},{"path":"textures/entity/hive/wars/treasure/beehive.png","key":"FP432UXKEOFAPXNBHE5HWHN24FB52D75"},{"path":"textures/entity/hive/wars/treasure/earth.png","key":"Z7E3X4KUJWP2GIRXSBVJWVN7HLYQINEG"},{"path":"textures/entity/hive/wars/treasure/dragon_egg.png","key":"YMO24GYKZBSZLMGP6PVD4XL446MSREUR"},{"path":"textures/entity/hive/wars/treasure/dead_rising.png","key":"XLPCQABFDCTU5ZKCEUM4VS3IVRHXTD7M"},{"path":"textures/entity/hive/wars/treasure/ufo.png","key":"YGZUBJSRN7QNPSM643LJHRJPI3HYMBCK"},{"path":"entity/hive/wars/bridge_builder.json","key":"NOFEJZDXURDI7NP72T4CALYGECQEKWKM"},{"path":"textures/entity/hive/wars/bridgebuilder/grumpus.png","key":"L5W5MQ44457R2WXCCOLMDXB4XLIFC6FQ"},{"path":"particles/hive/wars/fall_boots.particle.json","key":"GKCGZCHUP64W335VPCDS5PMO4ZERXYNR"},{"path":"models/entity/hive/wars/treasure/robot.json","key":"XZ2BNEK23AUBREYWPSFLQUZYNBDA7ZOD"},{"path":"textures/entity/hive/wars/treasure/computer.png","key":"QER43JI26H75P7QY62JPWWGJKHLMDX6W"},{"path":"models/entity/hive/wars/treasure/beehive.json","key":"FDTEL55JG2CT4LUWOMTDMACRCVUWZDKT"},{"path":"textures/entity/hive/wars/treasure/championship_belt.png","key":"CIADPXZWLMEQCHPXJQCLSH7EJB2UVT72"},{"path":"particles/hive/wars/summoner/gold.particle.json","key":"Q6YKRSS2KXNFO64VGD2VBARZRCSJZ6UI"},{"path":"textures/entity/hive/wars/treasure/special_delivery.png","key":"DPQVKFJFBORJDBOGOO74Q7ARAA2LAMUH"},{"path":"models/entity/hive/wars/treasure/present.json","key":"ZWOVKCE6N3GUQ7PCAJB4AKS4577JTPDC"},{"path":"models/entity/hive/wars/treasure/flamingo.json","key":"AC5RAQ7PJXPSQMITOWXLJEUHNFWOEKTJ"},{"path":"models/entity/hive/wars/bridgebuilder/robin.json","key":"GWJ73S7GI43G2C375UYWHJWVM2CX7ESR"},{"path":"textures/entity/hive/wars/treasure/campfire.png","key":"K4WHZWWPNGWEJTKEXF4WGPS4EGSTVJ7T"},{"path":"models/entity/hive/wars/treasure/haunted_house.json","key":"CVACYH6TUDVIKMUGL7XHJIYVXQMJXNRJ"},{"path":"models/entity/hive/wars/treasure/money.json","key":"RB2XF4HR2TJR6K5NK5W64LDAC4RH4MS6"},{"path":"textures/entity/hive/wars/treasure/portal.png","key":"4QS7GTL43KN2SBDPCAOOP7QH473X7FII"},{"path":"models/entity/hive/wars/treasure/crystal.json","key":"VVHNZI5OPPU3UJNJLMRUPBGOVLQ7DGI2"},{"path":"entity/hive/wars/merchant.json","key":"DRBQRNBCHTW3NV5ILMHUZGBYOVKGJT4M"},{"path":"models/entity/hive/wars/bridgebuilder/sonic_motobug.json","key":"BC6UKPW3CKF6MSLNB5KFRVFVHY5KOL7H"},{"path":"models/entity/hive/wars/treasure/sunflower.json","key":"ZPWIN2F6BG6BJB2HIRITKJFF3SP752NT"},{"path":"models/entity/hive/wars/treasure/saturn.json","key":"TX3KJD3BPSZZDFU3ZYX6ZKZ6XPPVZWXH"},{"path":"models/entity/hive/wars/treasure/police_car.json","key":"SABEDTEBNJQPVDBWDKCHD7OPD54Z7KAD"},{"path":"models/entity/hive/wars/treasure/king_villager.json","key":"WLPE3PGWJIFKFRAH75XDZBCHRXZN3OMH"},{"path":"models/entity/hive/wars/treasure/sonic_item_box.json","key":"52VFJCSOYGGCGEI2U6M4YPEUOO5I7ORH"},{"path":"models/entity/hive/wars/treasure/moai.json","key":"56WLRAIQE4INV3MX2ZKTFW7D32XJ6OY7"},{"path":"textures/entity/hive/wars/treasure/present.png","key":"T5QD6EHZ3JSCJUDIYS3TN2NURI6X5VSY"},{"path":"models/entity/hive/wars/merchant.json","key":"4KSTAGIHVJW2IW67GWUY43VB6LOIPYU5"},{"path":"textures/entity/hive/wars/status/magenta.png","key":"EOY36G6IQQVSDOV4H4ETAOL4SW4UI236"},{"path":"textures/entity/hive/wars/status/yellow.png","key":"2HTA2DQACEFLM2XXHKKHHXRTXUCCUZIM"},{"path":"models/entity/hive/wars/treasure/doghouse.json","key":"GDSCSB324W5ZFACFDCEFRDUGNZECJH6A"},{"path":"models/entity/hive/wars/treasure/trick_or_treat.json","key":"2FXRPF45E5ULPS42EGAH3DCELE2VJQYM"},{"path":"entity/hive/wars/summoner.json","key":"3E2PL6XGAEP76JDOW7BJW4VGZMCKLFNJ"},{"path":"textures/entity/hive/wars/status/green.png","key":"B7XPID4TJ6UDLFBKUOBTMVSNJDYEG6IC"},{"path":"models/entity/hive/wars/treasure/pirate_ship.json","key":"ZLY4U5RC4UK4NLQ5CSEVPA47RULK3P7K"},{"path":"animations/hive/wars/bridgebuilder/invader.json","key":"LSI5QR4HZL2C2YSKUOJVQY4YZQRV6CCK"},{"path":"textures/entity/hive/wars/treasure/science_cube.png","key":"NOX44GHKCBKDAEK4YKIROFHQ2COVVC7O"},{"path":"models/entity/hive/wars/treasure/snowman.json","key":"6HD4CVYLVMLSXCKRXCHV6KFTDDFHRUNV"},{"path":"textures/entity/hive/wars/bridgebuilder/robot.png","key":"GV6K6LAOCPI7QLIBUDZEDV3TWB4QAI5Z"},{"path":"models/entity/hive/wars/treasure/special_delivery.json","key":"TN4BDDDIZ4U3MQX75OJTZRTHRM5NZC75"},{"path":"textures/entity/hive/wars/treasure/cauldron.png","key":"46MZTE6LWAVNTC2S3R6TQGHFXIAHVOJI"},{"path":"textures/entity/hive/wars/treasure/gold_bars.png","key":"SBI4Y77MNMYIG3DRKSDA2D4M346AUWFD"},{"path":"textures/entity/hive/wars/bridgebuilder/rocket.png","key":"T5D4B4RCW2IFRIFV4JABALZTJHU36XQZ"},{"path":"textures/entity/hive/wars/treasure/ice_creeper.png","key":"JGH5OG32JSYKXD7AQJ7NWQWUIRQJ7PPV"},{"path":"animations/hive/wars/upgrade_bot.json","key":"QCKGO7JWIQPZ6EYYXZRACOKOYCWPFK6H"},{"path":"models/entity/hive/wars/bridgebuilder/chompy.json","key":"EITOJI5LQQICHF4ONKHWQYDQZQBXHG6C"},{"path":"models/entity/hive/wars/treasure/championship_belt.json","key":"WDRUPBAHWU6TZ4DFUKCDZSQMJDGB67PW"},{"path":"models/entity/hive/wars/treasure/pickaxe.json","key":"FRVOIWSW7KUWUSFOUDM2P2XCFKGZFUFV"},{"path":"textures/entity/hive/wars/status/gray.png","key":"5DR2V3P24BENZDMBD225KO5MKMOS3ARS"},{"path":"models/entity/hive/wars/treasure/dragon_egg.json","key":"AO5XNY2GT4VIHJUII6VUT3UX3OXI4P7G"},{"path":"textures/entity/hive/wars/treasure/flamingo.png","key":"XELX4UYH346YZ3MMMCBSF2QHRVVCNN6G"},{"path":"textures/entity/hive/wars/treasure/toy_robot.png","key":"IQ6IJMEE43752X6JECZDSSSR62C4OGZW"},{"path":"animations/hive/wars/summoner.json","key":"52BOC6AU5AU5FZZCEPOKHRJLCOQ62HKU"},{"path":"models/entity/hive/wars/treasure/ufo.json","key":"K7KHWMC2BD3OU2SH2OOHYKJ4MK2QQAEH"},{"path":"textures/entity/hive/wars/bridgebuilder/chompy.png","key":"4VTPGDPDKKWMTB4J3RDKZ7X33JHQEPAD"},{"path":"textures/entity/hive/wars/bridgebuilder/pigeon.png","key":"MCY3PEP3GQ3LV4TK3ECL5CWXEMP6L2JR"},{"path":"models/entity/hive/wars/treasure/egg.json","key":"3EPM3CKSE5BPR3JCKMTRLHGFAC6LFL3Z"},{"path":"textures/entity/hive/wars/treasure/pickaxe.png","key":"ARMVQM64XXR5TV3WZQFTNRQWGSIE7HUV"},{"path":"textures/entity/hive/wars/treasure/snowman.png","key":"FDWCBB6X2LVWTQ67GU3T77S5OYOIJH2W"},{"path":"textures/entity/hive/wars/treasure/sonic_dark_chao.png","key":"WWNDNXGQMY7R7PMRIDW46P5X22JSUMKV"},{"path":"models/entity/hive/wars/treasure/parrot.json","key":"X6DIZ2OAA4AH4BUZ5VB6VFFI4TRNEKBR"},{"path":"textures/entity/hive/wars/treasure/saturn.png","key":"KH6BXIBPAKRPVVRIM6MJ22T2N76U7FW7"},{"path":"textures/entity/hive/wars/bridgebuilder/sonic_motobug.png","key":"XTYBGAM3PWTYMC5ZVMZKGFF5GXMSSUCM"},{"path":"models/entity/hive/wars/treasure/portal.json","key":"IRLFRZOL47OSVYEE33DYGVDBWNCRKISG"},{"path":"textures/entity/hive/wars/treasure/sonic_hero_chao.png","key":"J4AZVQZ4ALASKZVWZU2VB5SQDD5MGTBE"},{"path":"textures/entity/hive/wars/treasure/cake.png","key":"73E3DWDQZHGL7YXR3PNQPCIH7XKFTRZM"},{"path":"models/entity/hive/wars/bridgebuilder/beaver.json","key":"HJ2CYQ6TEU6EHA7DC3HM2ZHP2SQBT3DB"},{"path":"models/entity/hive/wars/treasure/pinata.json","key":"LW5UA2RQFKIYHPPCVKZC2XA67MCBPSK3"},{"path":"textures/entity/hive/wars/bridgebuilder/invader.png","key":"NGA23K3Q4AIMVJPSCT5M3HF7DXJNOAEZ"},{"path":"render_controllers/hive/wars/bridge_builder.json","key":"GMUVN2LKU6WZJGN34HCKNBD2MVMXNTKO"},{"path":"models/entity/hive/wars/treasure/computer.json","key":"MHQU6WQCLWS2AYEXEAAORVCJ6CTDPPO6"},{"path":"models/entity/hive/wars/bridgebuilder/ufo.json","key":"C73PP5UBGQSNQM2DDS5ZBHYLE3IH7BDZ"},{"path":"sounds/hive/wars/chorus_tp.ogg","key":"PMHMJ22Q24NYWCEIWTZXKPN5VRYE3HK5"},{"path":"models/entity/hive/wars/status.json","key":"QIVHZAJPP6RDAFYTYIWRC6XWWXYAAGME"},{"path":"textures/entity/hive/wars/treasure/sand_castle.png","key":"ETX6IQJ4SL7D3XO6PU3JROYNM5R4Y6VQ"},{"path":"textures/entity/hive/wars/treasure/traffic.png","key":"AD2IRC7N6DADZPSULZVYJBRYFNQL3LDU"},{"path":"textures/entity/hive/wars/treasure/sonic_item_box.png","key":"HEZM3LZX52G5PAH5OHVLPNAZKK7YTZE5"},{"path":"models/entity/hive/wars/treasure/traffic.json","key":"VDB2BDXMEOINTO4P46H46NZRJNMGNZMP"},{"path":"textures/entity/hive/wars/treasure/egg.png","key":"4ZD3SO7T76BMKZLKCYY3T46SPGT5UICG"},{"path":"textures/entity/hive/wars/treasure/haunted_house.png","key":"UAU6C536E4IROLUI4P44JFW4J4QAPEJB"},{"path":"animation_controllers/hive/wars/status.json","key":"ODN73OIPCTV6NL6LN3VKS4OTKS7YYKCI"},{"path":"entity/hive/wars/treasure.json","key":"KVLX2M5OWXRNMAAOWJJILLFBMIDONKBQ"},{"path":"models/entity/hive/wars/treasure/cauldron.json","key":"XDPXL3XBIQ2PLTZPUIDRITCLK4SVAFRG"},{"path":"textures/entity/hive/wars/bridgebuilder/robin.png","key":"MTJ5DVB5YSIOFDBTUS7SGCJI33I272GJ"},{"path":"models/entity/hive/wars/treasure/sand_castle.json","key":"MZQ76FJIX4Q5UUFUXZ2ADECJXUI5K6HI"},{"path":"textures/entity/hive/wars/treasure/tv.png","key":"YCAX6HLZTNENJRA2JCKW4VOJEFYEVSX6"},{"path":"textures/entity/hive/wars/treasure/police_car.png","key":"KXOOWIIZGTHX6PDSCH5RO32ZPQVRTTEZ"},{"path":"textures/entity/hive/wars/treasure/pizza_stack.png","key":"XK2JNI2XSP2GWGUQLV6QC75PAUJOAYUE"},{"path":"models/entity/hive/wars/treasure/burger.json","key":"DSI4FHWQFZ76TGLVEZ6FKRMM65V25SEG"},{"path":"models/entity/hive/wars/treasure/recycling.json","key":"XWXVSCKORMJIYDIFLOIYABQ4V7BRGSCV"},{"path":"models/entity/hive/wars/treasure/skull.json","key":"PJVSUNQM53D652WU3UXOEGRF6LOTEPBR"},{"path":"particles/hive/wars/summoner/diamond.particle.json","key":"V7XNGUWJIS333BCKNH64L5UICNZBMFRI"},{"path":"textures/entity/hive/wars/status/aqua.png","key":"GWRQ5M7BPJWGZW2KDR3TMDNO5OS3FU2Z"},{"path":"animation_controllers/hive/wars/bridge_builder.json","key":"SS445UTD4ZVAOGIJFJ2IBI62YWUQJI6Q"},{"path":"models/entity/hive/wars/summoner.json","key":"IDXCI7QJJWOM44G6UTCR74HMCW5QU27M"},{"path":"models/entity/hive/wars/treasure/cactus.json","key":"KSZCBZRKEK7BCSEFJXQWU2QFL4QZ24D4"},{"path":"models/entity/hive/wars/treasure/gold_bars.json","key":"3A4D6QAR4DHMV74Q5BOTKKZS4TUXFK6Y"},{"path":"models/entity/hive/wars/treasure/sonic_chao.json","key":"IR32PPR6ENMNW4ARMOOCGPY4YRI5CEVC"},{"path":"models/entity/hive/wars/treasure/dead_rising.json","key":"NKRCDDA7OHKJFP2PGE6PNYQXWDUC5RBB"},{"path":"models/entity/hive/wars/treasure/skeleton.json","key":"4SLRXPZCJWCGRA6ZUCQZZCJ4WASDSCIP"},{"path":"models/entity/hive/wars/treasure/science_cube.json","key":"DZWFTUZZO2HUV5HJOLU7OJ3P7ULN7XPV"},{"path":"textures/entity/hive/wars/treasure/teddy_bear.png","key":"BXYAVQ34YTT5WYVOEYCY45QXPJFFPLVQ"},{"path":"models/entity/hive/wars/treasure/snowglobe.json","key":"OIOZRPENVGXWRRUVZVQ3CDY3PZYHLTVT"},{"path":"models/entity/hive/wars/bridgebuilder/mailbot_delivery_drone.json","key":"7EAE4WM3WAPTAU2PY35YQY4TLMI6BUDY"},{"path":"textures/entity/hive/wars/treasure/money.png","key":"FEGWDTWYSK32SRTAOLJEGTVRTP27CWTB"},{"path":"models/entity/hive/wars/treasure/sonic_ring.json","key":"OHNTRBOR7Z7FQZ5F3X33JG7LXLX5EG3D"},{"path":"models/entity/hive/wars/treasure/trophy.json","key":"NPXV42RQITV4N35W7HPPRTKI6WTRMTHS"},{"path":"models/entity/hive/wars/treasure/beach_ball.json","key":"5HXDLJX64JJ7IHE5RITYWXS5KZQYTVHF"},{"path":"animations/hive/wars/bridgebuilder/grumpus.json","key":"VFYYWUH5JTFGA6XVDQ4A4323OIEZCXJF"},{"path":"models/entity/hive/wars/bridgebuilder/bulldozer.json","key":"QN5EV5NWYF6JTAVZROBSMWXIZJMWTN7I"},{"path":"textures/entity/hive/wars/treasure/sonic_chao.png","key":"AAD5VL2ISXDAMSAIGD76C4MWLEWIFZBT"},{"path":"textures/entity/hive/wars/status/gold.png","key":"ZHRTWAZUWFOJH6PXXT6SKNAGCM6ELHBV"},{"path":"models/entity/hive/wars/treasure/sonic_hero_chao.json","key":"ICVBMAV2V6J2DJ6L22JOVH3AFPN62J5B"},{"path":"textures/entity/hive/wars/treasure/doghouse.png","key":"ZWUEFUBSTECQMLHD4I6VPZO5S2IFFJBZ"},{"path":"models/entity/hive/wars/treasure/toy_robot.json","key":"K6K52CSSWDPTYUHTEICHF3NXV2FFL35D"},{"path":"textures/entity/hive/wars/treasure/king_villager.png","key":"767VTBXCSKVYEBMZYWEGQCQGQARJFNRK"},{"path":"textures/entity/hive/wars/treasure/pinata.png","key":"53UUQYHSMQGCSSRXKJEVNFG7BOKVZETY"},{"path":"textures/entity/hive/wars/bridgebuilder/biplane.png","key":"5N6Z3633MRJX6VZHGKOZDJ3KQVQ6FRYZ"},{"path":"textures/entity/hive/wars/treasure/emerald.png","key":"7KO4B7JRLKUOHLXJTNLSLXO3QHGNZFRD"},{"path":"textures/entity/hive/wars/treasure/robot.png","key":"7G33NKCBMHJ23U4WJHRQNEPHMWLEXM42"},{"path":"textures/entity/hive/wars/bridgebuilder/bulldozer.png","key":"ODSWOK3FKHONKGDHTDJ2BPK667BSQJPR"},{"path":"models/entity/hive/wars/bridgebuilder/pigeon.json","key":"LKH2UT4DCYPSUD5C2MWTZLQE474262DO"}]}