{"format_version":"1.8.0","minecraft:client_entity":{"description":{"identifier":"hiveterritory:imposter","materials":{"default":"entity_alphatest"},"textures":{"default":"textures/entity/hive/territory/powerups/powerup_imposter"},"geometry":{"default":"geometry.hive.territory.powerup.imposter"},"animations":{"spawn":"animation.hive.territory.powerup.imposter.spawn","idle":"animation.hive.territory.powerup.imposter.idle","spin":"animation.hive.territory.powerup.spin","waiting":"animation.hive.territory.powerup.waiting","despawn":"animation.hive.territory.powerup.despawn"},"animation_controllers":[{"spawn":"controller.animation.hive.territory.powerup.spawn"},{"idle":"controller.animation.hive.territory.powerup.idle"},{"spin":"controller.animation.hive.territory.powerup.spin"}],"render_controllers":["controller.render.default"]}}}