{"minecraft:geometry":[{"description":{"identifier":"geometry.hive.hub.billboard.cubee.frame","texture_width":220,"texture_height":112,"visible_bounds_width":12,"visible_bounds_height":8,"visible_bounds_offset":[0,3,0]},"bones":[{"name":"root","pivot":[0,0,0]},{"name":"sign","parent":"root","pivot":[0,15,0],"cubes":[{"origin":[-50,10,-5],"size":[100,8,10],"uv":[0,19]},{"origin":[-28,0,-3],"size":[7,10,6],"uv":[62,38]},{"origin":[21,0,-3],"size":[7,10,6],"uv":[62,38],"mirror":true},{"origin":[-50,66,-5],"size":[100,8,10],"uv":[0,0]},{"origin":[-37,68,-5.5],"size":[37,7,11],"uv":[124,37]},{"origin":[0,69,-5.5],"size":[37,6,11],"uv":[124,56],"mirror":true},{"origin":[0,11.5,-5.5],"size":[37,7,11],"uv":[124,37],"mirror":true},{"origin":[-37,12.5,-5.5],"size":[37,6,11],"uv":[124,56]},{"origin":[-45,18,-3.5],"size":[7,62,7],"pivot":[-38,18,0],"rotation":[0,0,-1.5],"uv":[0,38]},{"origin":[-45.5,76,-4],"size":[8,5,8],"pivot":[-38,18,0],"rotation":[0,0,-1.5],"uv":[188,99]},{"origin":[37.5,76,-4],"size":[8,5,8],"pivot":[38,18,0],"rotation":[0,0,1.5],"uv":[188,99],"mirror":true},{"origin":[38,18,-3.5],"size":[7,62,7],"pivot":[38,18,0],"rotation":[0,0,1.5],"uv":[31,38],"mirror":true}]},{"name":"pos1","parent":"sign","pivot":[0,49,0]},{"name":"bee","parent":"pos1","pivot":[58,48,-15]},{"name":"bee2","parent":"bee","pivot":[58,52,-15],"cubes":[{"origin":[54,48,-19],"size":[8,8,8],"uv":[61,84]}]},{"name":"rightWing","parent":"bee2","pivot":[54,51.5,-16],"rotation":[0,45,0],"cubes":[{"origin":[48,50,-16],"size":[6,5,0],"uv":[85,85],"mirror":true}]},{"name":"leftWing","parent":"bee2","pivot":[62,51.5,-16],"rotation":[0,-45,0],"cubes":[{"origin":[62,50,-16],"size":[6,5,0],"uv":[85,85]}]},{"name":"rightAntenna","parent":"bee2","pivot":[56,54,-19],"rotation":[0,10,0],"cubes":[{"origin":[56,54,-22],"size":[0,4,3],"uv":[61,84]}]},{"name":"leftAntenna","parent":"bee2","pivot":[60,54,-19],"rotation":[0,-10,0],"cubes":[{"origin":[60,54,-22],"size":[0,4,3],"uv":[61,84],"mirror":true}]},{"name":"stinger","parent":"bee2","pivot":[58,52,-11],"cubes":[{"origin":[56,49,-11],"size":[4,4,2],"uv":[93,94]},{"origin":[58,49,-9],"size":[0,3,2],"uv":[61,101]}]},{"name":"rightEye","parent":"bee2","pivot":[56,49.5,-19.1],"cubes":[{"origin":[55,49,-19.02],"size":[1,3,0],"uv":[106,97]}]},{"name":"leftEye","parent":"bee2","pivot":[60,49.5,-19.1],"cubes":[{"origin":[60,49,-19.02],"size":[1,3,0],"uv":[106,97],"mirror":true}]},{"name":"rightLegs","parent":"bee2","pivot":[56,48,-15],"rotation":[0,0,25],"cubes":[{"origin":[56,47,-17],"size":[0,1,5],"uv":[89,101]}]},{"name":"leftLegs","parent":"bee2","pivot":[60,48,-15],"rotation":[0,0,-25],"cubes":[{"origin":[60,47,-17],"size":[0,1,5],"uv":[89,101],"mirror":true}]},{"name":"beehive","parent":"sign","pivot":[-54.63585,49.07277,-3.5],"cubes":[{"origin":[-56,49,-3.5],"size":[11,9,0],"pivot":[-38,18,0],"rotation":[0,0,-1.5],"uv":[88,37]}]},{"name":"hive","parent":"beehive","pivot":[-54.63585,49.07277,-3.5],"cubes":[{"origin":[-60.63585,35.57277,-9.5],"size":[12,13,12],"pivot":[-54.63585,49.07277,-3.5],"rotation":[0,10,-1.5],"uv":[60,57]}]},{"name":"keyArt","parent":"sign","pivot":[0,16,0]}]}],"format_version":"1.12.0"}