{"minecraft:geometry":[{"description":{"identifier":"geometry.hive.hub.billboard.cubee.graphic","texture_width":640,"texture_height":384,"visible_bounds_width":12,"visible_bounds_height":8,"visible_bounds_offset":[0,3,0]},"bones":[{"name":"root","pivot":[0,0,0]},{"name":"sign","parent":"root","pivot":[0,15,0]},{"name":"keyArt","parent":"sign","pivot":[0,16,0],"cubes":[{"origin":[-40,18,-0.5],"size":[80,48,1],"uv":{"north":{"uv":[0,0],"uv_size":[640,384]},"south":{"uv":[0,0],"uv_size":[640,384]}}}]}]}],"format_version":"1.12.0"}