{"format_version":"1.10.0","particle_effect":{"description":{"identifier":"hivehub:npc_plus","basic_render_parameters":{"material":"particles_blend","texture":"textures/particle/hive/npc/plus"}},"components":{"minecraft:emitter_rate_steady":{"spawn_rate":5,"max_particles":30},"minecraft:emitter_lifetime_looping":{"active_time":10},"minecraft:emitter_shape_sphere":{"radius":0.3,"direction":"outwards","surface_only":true},"minecraft:particle_lifetime_expression":{"max_lifetime":3},"minecraft:particle_initial_speed":0.3,"minecraft:particle_motion_dynamic":{},"minecraft:particle_appearance_billboard":{"size":["(1-(variable.particle_age/variable.particle_lifetime))*0.2","(1-(variable.particle_age/variable.particle_lifetime))*0.2"],"facing_camera_mode":"lookat_xyz","uv":{"texture_width":64,"texture_height":8,"flipbook":{"base_UV":[0,0],"size_UV":[8,8],"step_UV":[8,0],"frames_per_second":4,"max_frame":7,"stretch_to_lifetime":true}}},"minecraft:particle_appearance_tinting":{"color":{"interpolant":"variable.particle_age","gradient":{"0.0":"#FF87EF42","0.8699999999999999":"#FF4AD71F","2.04":"#FF058D09","3.0":"#FF00620B"}}}}}}