{"format_version":"1.10.0","particle_effect":{"description":{"identifier":"hivehub:laser_spark","basic_render_parameters":{"material":"particles_alpha","texture":"textures/particle/particles"}},"components":{"minecraft:emitter_rate_steady":{"spawn_rate":"math.random(5,10)","max_particles":50},"minecraft:emitter_lifetime_expression":{"activation_expression":1},"minecraft:emitter_shape_disc":{"radius":0.05,"plane_normal":"z","direction":["math.random(-2,2)","math.random(-2,2)","math.random(-2,2)"]},"minecraft:particle_lifetime_expression":{"max_lifetime":1.3},"minecraft:particle_initial_spin":{"rotation":20},"minecraft:particle_initial_speed":2,"minecraft:particle_motion_dynamic":{"linear_acceleration":[0,-3,0],"linear_drag_coefficient":3,"rotation_acceleration":-40},"minecraft:particle_appearance_billboard":{"size":["(1-(variable.particle_age/variable.particle_lifetime))*0.2","(1-(variable.particle_age/variable.particle_lifetime))*0.2"],"facing_camera_mode":"lookat_xyz","uv":{"texture_width":128,"texture_height":128,"uv":[0,0],"uv_size":[8,8]}},"minecraft:particle_motion_collision":{"collision_drag":1,"coefficient_of_restitution":0.7,"collision_radius":0.03},"minecraft:particle_appearance_tinting":{"color":[0.91765,0.27451,0.27451,1]}}}}