{"format_version":"1.8.0","render_controllers":{"controller.render.hive.pets.babydragon":{"arrays":{"textures":{"array.textures":["Texture.default","Texture.default_faded","Texture.ender","Texture.ender_faded","Texture.blue","Texture.blue_faded","Texture.red","Texture.red_faded","Texture.pink","Texture.pink_faded"]}},"geometry":"Geometry.default","materials":[{"*":"query.is_tamed ? Material.faded : Material.default"}],"textures":["array.textures[((query.variant * 2) + (query.is_tamed ? 1 : 0))]"]}}}