{"format_version":"1.8.0","render_controllers":{"controller.render.hive.pets.pirateship":{"arrays":{"textures":{"array.textures":["Texture.default","Texture.default_faded","Texture.ghost","Texture.ghost_faded"]},"geometries":{"array.geometries":["Geometry.default","Geometry.ghost"]}},"geometry":"array.geometries[query.variant]","materials":[{"*":"query.is_tamed ? Material.faded : Material.default"}],"textures":["array.textures[((query.variant * 2) + (query.is_tamed ? 1 : 0))]"]},"controller.render.hive.pets.pirateship.locators":{"geometry":"Geometry.locators","materials":[{"*":"Material.default"}],"textures":["Texture.default"]}}}