{"format_version":"1.12.0","minecraft:geometry":[{"description":{"identifier":"geometry.hive.pets.pirateship.ghost","texture_width":64,"texture_height":64,"visible_bounds_width":7,"visible_bounds_height":7,"visible_bounds_offset":[0,1.5,0]},"bones":[{"name":"root","pivot":[0,0,0]},{"name":"rotate","parent":"root","pivot":[-20,0,0]},{"name":"anchor2","parent":"rotate","pivot":[1.25,14,-10],"rotation":[0,-90,0]},{"name":"chain2","parent":"anchor2","pivot":[1.75,-4,-10],"cubes":[{"origin":[0.25,-4,-10],"size":[3,18,0],"uv":[57,14]}]},{"name":"weight","parent":"anchor2","pivot":[1.75,-13,-10],"cubes":[{"origin":[-0.25,-13,-11],"size":[4,2,2],"uv":[8,48]},{"origin":[-3.25,-13,-10],"size":[3,3,0],"pivot":[-0.25,-13,-10],"rotation":[0,0,10],"uv":[21,53],"mirror":true},{"origin":[3.75,-13,-10],"size":[3,3,0],"pivot":[3.75,-13,-10],"rotation":[0,0,-10],"uv":[21,53]},{"origin":[0.75,-11,-10],"size":[2,4,0],"uv":[17,52]},{"origin":[-1.25,-7,-10.5],"size":[6,1,1],"uv":[6,61]},{"origin":[0.75,-6,-10],"size":[2,2,0],"uv":[9,58]}]},{"name":"ship","parent":"rotate","pivot":[0,2,0]},{"name":"mass","parent":"ship","pivot":[-0.17431,2.00761,0],"cubes":[{"origin":[-4.17431,1.00776,-8.02435],"size":[8,5,16],"uv":[0,0]},{"origin":[2.82569,6.00776,-4.02435],"size":[0,4,8],"pivot":[2.82569,6.00776,-0.02435],"rotation":[0,0,40],"uv":[16,48],"mirror":true},{"origin":[-3.17431,6.00776,-4.02435],"size":[0,4,8],"pivot":[-3.17431,6.00776,-0.02435],"rotation":[0,0,-40],"uv":[16,48]},{"origin":[-3.17431,0.00776,-6.02435],"size":[6,1,12],"uv":[0,21]},{"origin":[-0.17431,0.00776,7.97565],"size":[0,3,2],"uv":[8,25]}]},{"name":"seaweed","parent":"mass","pivot":[3.82569,1.00776,-4.52435],"cubes":[{"origin":[3.82569,-1.99224,-6.02435],"size":[0,3,3],"uv":[38,48]}]},{"name":"seaweed2","parent":"mass","pivot":[0,0,3],"cubes":[{"origin":[-0.17431,-3.99224,0.97565],"size":[0,4,5],"uv":[54,32]}]},{"name":"seaweed3","parent":"mass","pivot":[-4.17431,1.00776,-1.52435],"cubes":[{"origin":[-4.17431,-1.99224,-4.02435],"size":[0,3,5],"uv":[46,46]}]},{"name":"broadsideLeft","parent":"mass","pivot":[3.82569,5.00776,-0.02435]},{"name":"HatchLeft1","parent":"broadsideLeft","pivot":[3.82569,5.00776,-5.02435],"rotation":[0,0,-30],"cubes":[{"origin":[2.82569,3.00776,-6.02435],"size":[1,2,2],"uv":[32,0]}]},{"name":"HatchLeft2","parent":"broadsideLeft","pivot":[3.82569,5.00776,-0.02435],"rotation":[0,0,-30],"cubes":[{"origin":[2.82569,3.00776,-1.02435],"size":[1,2,2],"uv":[32,0]}]},{"name":"HatchLeft3","parent":"broadsideLeft","pivot":[3.82569,5.00776,4.97565],"rotation":[0,0,-30],"cubes":[{"origin":[2.82569,3.00776,3.97565],"size":[1,2,2],"uv":[32,0]}]},{"name":"cannonsLeft","parent":"broadsideLeft","pivot":[1.82569,4.00776,-5.02435]},{"name":"cannonLeft1","parent":"cannonsLeft","pivot":[1.82569,4.00776,-5.02435],"cubes":[{"origin":[1.82569,3.50776,-5.52435],"size":[2,1,1],"uv":[8,52]}]},{"name":"cannonLeft2","parent":"cannonsLeft","pivot":[1.82569,4.00776,-0.02435],"cubes":[{"origin":[1.82569,3.50776,-0.52435],"size":[2,1,1],"uv":[8,52]}]},{"name":"cannonLeft3","parent":"cannonsLeft","pivot":[1.82569,4.00776,4.97565],"cubes":[{"origin":[1.82569,3.50776,4.47565],"size":[2,1,1],"uv":[8,52]}]},{"name":"broadsideRight","parent":"mass","pivot":[-4.17431,5.00776,-0.02435]},{"name":"HatchRight","parent":"broadsideRight","pivot":[-4.17431,5.00776,-5.02435],"rotation":[0,0,30],"cubes":[{"origin":[-4.17431,3.00776,-6.02435],"size":[1,2,2],"uv":[32,0],"mirror":true}]},{"name":"HatchRight2","parent":"broadsideRight","pivot":[-4.17431,5.00776,-0.02435],"rotation":[0,0,30],"cubes":[{"origin":[-4.17431,3.00776,-1.02435],"size":[1,2,2],"uv":[32,0],"mirror":true}]},{"name":"HatchRight3","parent":"broadsideRight","pivot":[-4.17431,5.00776,4.97565],"rotation":[0,0,30],"cubes":[{"origin":[-4.17431,3.00776,3.97565],"size":[1,2,2],"uv":[32,0],"mirror":true}]},{"name":"CannonsRight","parent":"broadsideRight","pivot":[-2.17431,4.00776,-0.02435]},{"name":"cannonRight3","parent":"CannonsRight","pivot":[-2.17431,4.00776,4.97565],"cubes":[{"origin":[-4.17431,3.50776,4.47565],"size":[2,1,1],"uv":[8,52],"mirror":true}]},{"name":"cannonRight2","parent":"CannonsRight","pivot":[-2.17431,4.00776,-0.02435],"cubes":[{"origin":[-4.17431,3.50776,-0.52435],"size":[2,1,1],"uv":[8,52],"mirror":true}]},{"name":"cannonRight","parent":"CannonsRight","pivot":[-2.17431,4.00776,-5.02435],"cubes":[{"origin":[-4.17431,3.50776,-5.52435],"size":[2,1,1],"uv":[8,52],"mirror":true}]},{"name":"masts","parent":"mass","pivot":[-0.17431,0.00776,-0.02435]},{"name":"mastFront","parent":"masts","pivot":[-1.17431,6.32467,-8.64667],"cubes":[{"origin":[-0.17431,18.32467,-9.64667],"size":[0,3,1],"uv":[2,0]},{"origin":[-1.17431,8.32467,-9.64667],"size":[2,10,2],"uv":[0,4]},{"origin":[-5.17431,17.32467,-10.64667],"size":[10,0,1],"pivot":[0,17.325,-9.65],"rotation":[45,0,0],"uv":[31,14]}]},{"name":"windFont","parent":"mastFront","pivot":[-0.17431,14.32467,-10.39667]},{"name":"sailFront","parent":"windFont","pivot":[-1.17431,17.32467,-9.64667],"rotation":[45,0,0],"cubes":[{"origin":[-4.17431,17.32467,-11.64667],"size":[8,0,1],"uv":[32,15]}]},{"name":"retractFront","parent":"sailFront","pivot":[-0.17431,17.32467,-11.64667],"rotation":[45,0,0],"cubes":[{"origin":[-4.17431,17.32467,-15.64667],"size":[8,0,4],"uv":[0,36]},{"origin":[-4.17431,17.32467,-17.64667],"size":[8,0,2],"pivot":[0,17.325,-15.65],"rotation":[45,0,0],"uv":[6,44]}]},{"name":"mastMid","parent":"masts","pivot":[-0.17431,3.00776,-1.02435],"cubes":[{"origin":[-7.17431,20.00776,-2.02435],"size":[14,0,1],"pivot":[0,20.01,-1.025],"rotation":[45,0,0],"uv":[23,27]},{"origin":[-1.17431,6.00776,-1.02435],"size":[2,16,2],"uv":[0,40]},{"origin":[-0.17431,22.00776,-1.02435],"size":[0,5,1],"uv":[0,0]},{"origin":[-2.17431,21.00776,-2.02435],"size":[4,0,4],"uv":[4,4]}]},{"name":"windMid","parent":"mastMid","pivot":[-0.17431,14.32467,-1.64667]},{"name":"sailMid","parent":"windMid","pivot":[-0.17431,20.00776,-1.02435],"rotation":[45,0,0],"cubes":[{"origin":[-6.17431,20.00776,-4.02435],"size":[12,0,2],"uv":[23,28]}]},{"name":"retractMid","parent":"sailMid","pivot":[-0.17431,20.00776,-4.02435],"rotation":[45,0,0],"cubes":[{"origin":[-6.17431,20.00776,-10.02435],"size":[12,0,6],"uv":[18,21]},{"origin":[-6.17431,20.00776,-13.02435],"size":[12,0,3],"pivot":[0,20,-10],"rotation":[45,0,0],"uv":[29,11]}]},{"name":"flag","parent":"mastMid","pivot":[-0.17431,25.00776,-0.02435],"cubes":[{"origin":[-0.17431,23.00776,-0.02435],"size":[0,3,4],"uv":[8,7]}]},{"name":"flag2","parent":"flag","pivot":[-0.17431,25.00776,3.97565],"cubes":[{"origin":[-0.17431,23.00776,3.97565],"size":[0,3,4],"uv":[8,4]}]},{"name":"mastBack","parent":"masts","pivot":[-0.17431,4.65678,7.69394],"cubes":[{"origin":[-5.17431,17.65678,6.69394],"size":[10,0,1],"pivot":[0,17.658,7.695],"rotation":[45,0,0],"uv":[31,14]},{"origin":[-1.17431,8.65678,7.69394],"size":[2,10,2],"uv":[0,4]},{"origin":[-0.17431,18.65678,7.69394],"size":[0,3,1],"uv":[2,0]}]},{"name":"windBack","parent":"mastBack","pivot":[-0.17431,14.32467,6.97833]},{"name":"sailBack","parent":"windBack","pivot":[-0.17431,17.65678,7.69394],"rotation":[45,0,0],"cubes":[{"origin":[-4.17431,17.65678,5.69394],"size":[8,0,1],"uv":[32,15]}]},{"name":"retractBack","parent":"sailBack","pivot":[-0.17431,17.65678,5.69394],"rotation":[45,0,0],"cubes":[{"origin":[-4.17431,17.65678,1.69394],"size":[8,0,4],"uv":[0,36]},{"origin":[-4.17431,17.65678,-0.30606],"size":[8,0,2],"pivot":[0,17.65,1.7],"rotation":[45,0,0],"uv":[6,44]}]},{"name":"bow","parent":"mass","pivot":[-0.17431,6.00776,-6.02435],"rotation":[-10,0,0],"cubes":[{"origin":[-3.17431,3.00776,-12.02435],"size":[6,5,6],"uv":[32,0]},{"origin":[-1.17431,6.00776,-20.02435],"size":[2,2,8],"uv":[12,34]},{"origin":[-0.17431,8.00776,-20.02435],"size":[0,3,5],"uv":[23,44]}]},{"name":"figurehead","parent":"bow","pivot":[-0.17431,6.25776,-17.02435],"rotation":[10,0,0],"cubes":[{"origin":[-0.17431,2.25776,-19.02435],"size":[0,5,5],"uv":[54,27]}]},{"name":"stern","parent":"mass","pivot":[-0.17431,5.80776,5.97565],"rotation":[5,0,0],"cubes":[{"origin":[-3.17431,3.80776,5.97565],"size":[6,5,6],"uv":[30,30]},{"origin":[-2.17431,8.80776,5.97565],"size":[4,1,0],"uv":[8,14]}]},{"name":"sternDecor","parent":"stern","pivot":[-0.17431,8.80776,11.97565],"rotation":[-20,0,0],"cubes":[{"origin":[-5.30432,10.59317,11.97565],"size":[2,3,2],"pivot":[-4.30432,12.09317,12.97565],"rotation":[0,-45,-15],"uv":[0,27],"mirror":true},{"origin":[-5.52431,12.80776,11.32565],"size":[4,0,4],"pivot":[-3.17431,9.80776,12.97565],"rotation":[0,-45,-15],"uv":[0,0]},{"origin":[-4.17431,9.80776,12.97565],"size":[1,1,0],"pivot":[-3.17431,9.80776,12.97565],"rotation":[0,0,-15],"uv":[12,3]},{"origin":[2.9557,10.59317,11.97565],"size":[2,3,2],"pivot":[3.9557,12.09317,12.97565],"rotation":[0,45,15],"uv":[0,27]},{"origin":[2.82569,9.80776,12.97565],"size":[1,1,0],"pivot":[2.82569,9.80776,12.97565],"rotation":[0,0,15],"uv":[12,3]},{"origin":[-4.17431,5.80776,11.97565],"size":[8,4,2],"uv":[32,41]},{"origin":[3.82569,6.80776,13.97565],"size":[1,3,0],"uv":[14,0]},{"origin":[-5.17431,6.80776,13.97565],"size":[1,3,0],"uv":[14,0]},{"origin":[1.17569,12.80776,11.32565],"size":[4,0,4],"pivot":[2.82569,9.80776,12.97565],"rotation":[0,45,15],"uv":[0,0],"mirror":true},{"origin":[-2.17431,14.80776,10.97565],"size":[4,0,4],"uv":[5,54],"mirror":true},{"origin":[-1.17431,12.80776,11.97565],"size":[2,3,2],"uv":[0,27]},{"origin":[-2.17431,9.80776,11.97565],"size":[4,2,2],"uv":[44,47]},{"origin":[-0.67431,11.80776,12.97565],"size":[1,1,0],"uv":[12,3]}]}]}]}