{"format_version":"1.12.0","minecraft:geometry":[{"description":{"identifier":"geometry.hive.pets.pirateship.locators","texture_width":64,"texture_height":64,"visible_bounds_width":7,"visible_bounds_height":7,"visible_bounds_offset":[0,1.5,0]},"bones":[{"name":"root","pivot":[0,0,0]},{"name":"rotate","parent":"root","pivot":[-20,0,0]},{"name":"ship","parent":"rotate","pivot":[0,2,0],"locators":{"ship":[0,0,0]}},{"name":"mass","parent":"ship","pivot":[-0.17431,2.00761,0]},{"name":"broadsideLeft","parent":"mass","pivot":[3.82569,5.00776,-0.02435]},{"name":"cannonsLeft","parent":"broadsideLeft","pivot":[1.82569,4.00776,-5.02435]},{"name":"cannonLeft1","parent":"cannonsLeft","pivot":[1.82569,4.00776,-5.02435],"locators":{"cannonl1":{"offset":[3.8,4,-5],"rotation":[0,-90,0]}}},{"name":"cannonLeft2","parent":"cannonsLeft","pivot":[1.82569,4.00776,-0.02435],"locators":{"cannonl2":{"offset":[3.8,4,0],"rotation":[0,-90,0]}}},{"name":"cannonLeft3","parent":"cannonsLeft","pivot":[1.82569,4.00776,4.97565],"locators":{"cannonl3":{"offset":[3.8,4,5],"rotation":[0,-90,0]}}},{"name":"broadsideRight","parent":"mass","pivot":[-4.17431,5.00776,-0.02435]},{"name":"CannonsRight","parent":"broadsideRight","pivot":[-2.17431,4.00776,-0.02435]},{"name":"cannonRight3","parent":"CannonsRight","pivot":[-2.17431,4.00776,4.97565],"locators":{"cannonr3":{"offset":[-4.2,4,5],"rotation":[0,90,0]}}},{"name":"cannonRight2","parent":"CannonsRight","pivot":[-2.17431,4.00776,-0.02435],"locators":{"cannonr2":{"offset":[-4.2,4,0],"rotation":[0,90,0]}}},{"name":"cannonRight","parent":"CannonsRight","pivot":[-2.17431,4.00776,-5.02435],"locators":{"cannonr1":{"offset":[-4.2,4,-5],"rotation":[0,90,0]}}}]}]}