{"format_version":"1.8.0","animations":{"animation.hive.hub.arcade.vehicle.bus":{"loop":true,"animation_length":2.28,"bones":{"rightThrustRing":{"position":{"0.12":[0,0,-3.1],"2.28":[0,0,6.05]},"scale":{"0.04":[0,0,0],"0.12":[0,0,0],"0.4":[0.7,1,0.7],"0.52":[0.9173,0.9673,0.9173],"0.76":[0.9608,0.9608,0.9608],"1.04":[0.8848,0.8848,0.8848],"1.64":[0.5808,0.5808,0.5808],"2.28":[0,0,0]}},"leftThrustRing":{"position":{"0.12":[0,0,-3.1],"2.28":[0,0,6.05]},"scale":{"0.04":[0,0,0],"0.12":[0,0,0],"0.4":[0.7,1,0.7],"0.52":[0.9173,0.9673,0.9173],"0.76":[0.9608,0.9608,0.9608],"1.04":[0.8848,0.8848,0.8848],"1.64":[0.5808,0.5808,0.5808],"2.28":[0,0,0]}},"hovercar":{"position":{"0.0":[0,0,0],"0.24":[0,0.094,0],"0.52":[0,0.64,0],"0.8":[0,1.422,0],"1.0":[0,1.62,0],"1.24":[0,1.44,0],"1.64":[0,0.992,0],"2.0":[0,0.15,0],"2.28":[0,0,0]},"scale":0.8},"hover4":{"position":{"0.0":[0,0,0],"2.12":[0,-5,0],"2.2":[0,0,0]},"scale":{"0.0":[1,2,1],"2.12":[0.8,0,0.8],"2.2":[0,0,0]}},"hover1":{"position":{"0.0":[0,0,0],"2.12":[0,-5,0],"2.2":[0,0,0]},"scale":{"0.0":[1,2,1],"2.12":[0.8,0,0.8],"2.2":[0,0,0]}},"hover2":{"position":{"0.0":[0,0,0],"2.12":[0,-5,0],"2.2":[0,0,0]},"scale":{"0.0":[1,2,1],"2.12":[0.8,0,0.8],"2.2":[0,0,0]}},"hover3":{"position":{"0.0":[0,0,0],"2.12":[0,-5,0],"2.2":[0,0,0]},"scale":{"0.0":[1,2,1],"2.12":[0.8,0,0.8],"2.2":[0,0,0]}}}},"animation.hive.hub.arcade.vehicle.travel":{"loop":"hold_on_last_frame","bones":{"hovercar":{"rotation":[2.5,0,0],"position":[0,2,0]},"frontRightHover":{"rotation":[27.5,0,0]},"frontLeftHover":{"rotation":[25,0,0]},"backRightHover":{"rotation":[25,0,0]},"backLeftHover":{"rotation":[25,0,0]}}},"animation.hive.hub.arcade.vehicle.spawn":{"loop":"hold_on_last_frame","animation_length":0.84,"bones":{"hovercar":{"scale":{"0.0":[0,1,0],"0.08":[0.0909,1,0.0909],"0.16":[0.3182,1,0.3182],"0.24":[0.7727,1,0.7727],"0.4":[0.9242,1,0.9242],"0.6":[0.9783,1,0.9783],"0.84":[1,1,1]}}}}}}