{"format_version":"1.8.0","animations":{"animation.hive.pets.cubee.idle.fly":{"loop":true,"animation_length":3.72,"bones":{"root":{"position":{"0.0":[0,0,0],"0.16":[0,0.07,0],"0.28":[0,0.16,0],"0.6":[0,0.595,0],"1.2":[0,1.765,0],"1.32":[0,1.895,0],"1.52":[0,1.975,0],"1.64":[0,1.99,0],"1.76":[0,2,0],"1.88":[0,1.99,0],"2.0":[0,1.975,0],"2.16":[0,1.895,0],"2.32":[0,1.765,0],"2.92":[0,0.595,0],"3.2":[0,0.16,0],"3.32":[0,0.07,0],"3.48":[0,0.025,0],"3.6":[0,0.01,0],"3.72":[0,0,0]}},"bee":{"rotation":{"0.0":[0,0,0],"0.16":[0,0,-0.255],"0.28":[0,0,-0.615],"0.64":[0,0,-1.44],"0.76":[0,0,-1.65],"0.96":[0,0,-1.49],"2.04":[0,0,2.04],"2.32":[0,0,2.57],"2.52":[0,0,2.65],"2.8":[0,0,2.33],"3.72":[0,0,0]}},"rightAntenna":{"rotation":{"0.04":[0,0,0],"0.32":[0.82,0,0],"0.88":[5.18,0,0],"1.04":[5.73,0,0],"1.2":[6,0,0],"2.84":[0.6,0,0],"3.16":[0.12,0,0],"3.36":[0,0,0]}},"leftAntenna":{"rotation":{"0.12":[0,0,0],"0.4":[0.82,0,0],"0.96":[5.18,0,0],"1.12":[5.73,0,0],"1.28":[6,0,0],"2.92":[0.6,0,0],"3.24":[0.12,0,0],"3.44":[0,0,0]}}}},"animation.hive.pets.cubee.idle.wings":{"loop":true,"animation_length":0.16,"bones":{"rightWing":{"rotation":{"0.0":[0,0,0],"0.08":[0,42.5,0],"0.16":[0,0,0]},"scale":{"0.08":[1,1,1],"0.16":[1.2,1.2,1]}},"leftWing":{"rotation":{"0.0":[0,0,0],"0.08":[0,-42.5,0],"0.16":[0,0,0]},"scale":{"0.08":[1,1,1],"0.16":[1.2,1.2,1]}}}},"animation.hive.pets.cubee.face.blink":{"loop":"hold_on_last_frame","animation_length":0.6,"bones":{"rightAntenna":{"rotation":{"0.04":[0,0,0],"0.12":[5,0,0],"0.2":[7,0,0],"0.32":[-1.25,0,0],"0.44":[1,0,0],"0.56":[0,0,0]}},"leftAntenna":{"rotation":{"0.04":[0,0,0],"0.16":[5,0,0],"0.24":[7,0,0],"0.32":[-1.25,0,0],"0.48":[1,0,0],"0.6":[0,0,0]}},"rightEye":{"scale":{"0.0":[1,1,1],"0.08":[1,0.8,1],"0.12":[1,0.2,1],"0.2":[1,1.05,1],"0.28":[1,1,1]}},"leftEye":{"scale":{"0.0":[1,1,1],"0.12":[1,0.5,1],"0.16":[1,0.2,1],"0.24":[1,1.05,1],"0.32":[1,1,1]}}}},"animation.hive.pets.cubee.face.look.left":{"loop":"hold_on_last_frame","animation_length":5,"bones":{"rightAntenna":{"rotation":{"0.04":[0,0,0],"0.12":[5,0,0],"0.2":[7,0,0],"0.32":[-1.25,0,0],"0.44":[1,0,0],"0.56":[0,0,0]}},"leftAntenna":{"rotation":{"0.04":[0,0,0],"0.16":[5,0,0],"0.24":[7,0,0],"0.32":[-1.25,0,0],"0.48":[1,0,0],"0.6":[0,0,0]}},"rightEye":{"position":{"0.08":[0,0,0],"0.12":[0.7,0,0],"0.16":[2,0,0],"4.56":[2,0,0],"4.6":[1.84,0,0],"4.64":[1.67,0,0],"4.68":[0,0,0]},"scale":{"0.0":[1,1,1],"0.08":[1,0.8,1],"0.12":[1.2,0.2,1],"0.2":[1,1.05,1],"0.28":[1,1,1],"4.48":[1,1,1],"4.56":[1,0.8,1],"4.6":[1.2,0.2,1],"4.72":[1,1.05,1],"4.8":[1,1,1]}},"leftEye":{"scale":{"0.0":[1,1,1],"0.12":[1,0.5,1],"0.16":[1,0.2,1],"0.24":[1,1.05,1],"0.32":[1,1,1],"4.52":[1,1,1],"4.64":[1,0.5,1],"4.68":[1,0.2,1],"4.76":[1,1.05,1],"4.84":[1,1,1]}},"eyes":{"position":{"1.4":[0,0,0],"1.52":[-0.225,0,0],"1.64":[-0.195,0,0],"2.88":[-0.19,0,0],"3.0":[-0.13,0.11,0],"3.08":[-0.12,0.14,0],"3.2":[-0.115,0.15,0],"4.68":[-0.115,0.15,0],"4.72":[0,0,0]}},"rotation":{"rotation":{"0.04":[0,0,0],"0.16":[0.01,-2.86,-0.14],"0.28":[0.02,-4.2,-0.21],"0.48":[0.02,-4.7,-0.24],"0.64":[0.02187,-4.99995,-0.25095],"4.48":[0.02,-5,-0.25],"4.64":[0.01,-2.14,-0.11],"4.8":[0,-0.71,-0.04],"4.92":[0,-0.18,-0.01],"5.0":[0,0,0]}}}},"animation.hive.pets.cubee.face.look.right":{"loop":"hold_on_last_frame","animation_length":5,"bones":{"rightAntenna":{"rotation":{"0.04":[0,0,0],"0.12":[5,0,0],"0.2":[7,0,0],"0.32":[-1.25,0,0],"0.44":[1,0,0],"0.56":[0,0,0]}},"leftAntenna":{"rotation":{"0.04":[0,0,0],"0.16":[5,0,0],"0.24":[7,0,0],"0.32":[-1.25,0,0],"0.48":[1,0,0],"0.6":[0,0,0]}},"rightEye":{"scale":{"0.0":[1,1,1],"0.12":[1,0.5,1],"0.16":[1,0.2,1],"0.24":[1,1.05,1],"0.32":[1,1,1],"4.52":[1,1,1],"4.64":[1,0.5,1],"4.68":[1,0.2,1],"4.76":[1,1.05,1],"4.84":[1,1,1]}},"leftEye":{"position":{"0.08":[0,0,0],"0.12":[-0.7,0,0],"0.16":[-2,0,0],"4.56":[-2,0,0],"4.6":[-1.84,0,0],"4.64":[-1.67,0,0],"4.68":[0,0,0]},"scale":{"0.0":[1,1,1],"0.08":[1,0.8,1],"0.12":[1.2,0.2,1],"0.2":[1,1.05,1],"0.28":[1,1,1],"4.48":[1,1,1],"4.56":[1,0.8,1],"4.6":[1.2,0.2,1],"4.72":[1,1.05,1],"4.8":[1,1,1]}},"eyes":{"position":{"1.4":[0,0,0],"1.52":[0.225,0,0],"1.64":[0.195,0,0],"2.88":[0.19,0,0],"3.0":[0.13,0.11,0],"3.08":[0.12,0.14,0],"3.2":[0.115,0.15,0],"4.68":[0.115,0.15,0],"4.72":[0,0,0]}},"rotation":{"rotation":{"0.04":[0,0,0],"0.16":[0.01,2.86,0.14],"0.28":[0.02,4.2,0.21],"0.48":[0.02,4.7,0.24],"0.64":[0.02187,4.99995,0.25095],"4.48":[0.02,5,0.25],"4.64":[0.01,2.14,0.11],"4.8":[0,0.71,0.04],"4.92":[0,0.18,0.01],"5.0":[0,0,0]}}}},"animation.hive.pets.cubee.body.flip":{"loop":"hold_on_last_frame","animation_length":3,"bones":{"bee":{"rotation":{"0.0":[0,0,0],"0.12":[3.56,0,0],"0.24":[4.45,0,0],"0.4":[4.75,0,0],"0.6":[2.54412,0,0],"0.72":[1.66176,0,0],"0.84":[1.13235,0,0],"0.92":[0.89706,0,0],"1.16":[0.23643,0,0],"1.44":[-2.08635,0,0],"1.56":[-2.58409,0,0],"1.64":[-2.75,0,0],"1.8":[-6.08,0,0],"1.96":[-7.19,0,0],"2.12":[-6.425,0,0],"2.24":[-4.835,0,0],"2.32":[-3.75,0,0],"2.48":[-1.75,0,0],"2.64":[0.275,0,0],"2.76":[0.625,0,0],"2.88":[0.25,0,0],"3.0":[0,0,0]},"position":{"0.0":[0,0,0],"0.32":[0,-0.575,1.625],"0.92":[0,-9.58,1.63],"1.16":[0,-9.58,1.63],"1.44":[0,0.16556,1.37333],"1.56":[0,2.25389,1.31833],"1.68":[0,2.78,1.3],"1.92":[0,2.95,1.3],"1.96":[0,2.95,1.3],"2.08":[0,2.69,1.19],"2.52":[0,0.1,0],"2.8":[0,-0.025,0],"3.0":[0,0,0]},"scale":{"0.28":[1,1,1],"0.36":[1,0.8,1.2],"0.48":[1,0.8,1.4],"0.88":[1,1,1]}},"rightWing":{"rotation":{"0.0":[0,0,0],"0.24":[11.51831,-21.42324,15.38843],"0.44":[11.52,-21.42,15.39],"0.8":[0,0,0],"1.36":[0,0,0],"1.52":[0,-40.25,0],"1.68":[0,-51.75,0],"2.08":[0,-57.5,0],"2.64":[0,2.5,0],"2.84":[0,0,0]}},"leftWing":{"rotation":{"0.0":[0,0,0],"0.24":[11.51831,21.42324,-15.38843],"0.44":[11.52,21.42,-15.39],"0.8":[0,0,0],"1.36":[0,0,0],"1.52":[0,40.25,0],"1.68":[0,51.75,0],"2.08":[0,57.5,0],"2.64":[0,-2.5,0],"2.84":[0,0,0]}},"rotation":{"rotation":{"0.24":[0,0,0],"0.4":[-4.5,0,0],"0.6":[-109.05882,0,0],"0.72":[-150.88235,0,0],"0.84":[-175.97647,0,0],"0.92":[-187.12941,0,0],"1.16":[-218.44344,0,0],"1.44":[-328.54299,0,0],"1.56":[-352.13575,0,0],"1.72":[-360,0,0]}}}},"animation.hive.pets.cubee.body.spin":{"loop":"hold_on_last_frame","animation_length":3,"bones":{"bee":{"rotation":{"0.0":[0,0,0],"0.12":[3.56,0,0],"0.24":[4.45,0,0],"0.4":[4.75,0,0],"0.6":[12.25,0,0],"1.24":[3.16,0,0],"1.92":[-2.75,0,0],"2.12":[1.41,0,0],"2.2":[1.71,0,0],"2.32":[2,0,0],"2.44":[1.43,0,0],"2.6":[0.61,0,0],"2.72":[0.24,0,0],"2.84":[0.1,0,0],"2.96":[0,0,0]},"position":{"0.0":[0,0,0],"0.32":[0,-0.575,1.625],"0.4":[0,-1.78,1.63],"1.56":[0,-1.78,1.63],"1.72":[0,-1.61,1.2],"1.92":[0,-0.225,0.45],"2.04":[0,-0.11,0.23],"2.2":[0,-0.04,0.08],"2.4":[0,0,0]},"scale":{"0.28":[1,1,1],"0.4":[1,0.8,1.2],"1.12":[1,1,1]}},"rightWing":{"rotation":{"0.0":[0,0,0],"0.24":[11.51831,-21.42324,15.38843],"0.4":[11.52,-21.42,15.39],"0.64":[11.52,-21.42,15.39],"1.16":[-2.66366,-25.18248,31.02867],"1.72":[-2.66,-25.18,31.03],"1.84":[-2.05,-19.37,23.87],"2.32":[-3.49349,-0.10677,-4.94361],"2.6":[0,0,0]},"scale":{"0.28":[1,1,1],"1.32":[1.3,1.3,1],"1.72":[1.3,1.3,1],"2.08":[1.0545,1.0545,1],"2.16":[1.0273,1.0273,1],"2.32":[1,1,1]}},"leftWing":{"rotation":{"0.0":[0,0,0],"0.24":[11.51831,21.42324,-15.38843],"0.4":[11.52,21.42,-15.39],"0.64":[11.52,21.42,-15.39],"1.16":[-2.66366,25.18248,-31.02867],"1.72":[-2.66,25.18,-31.03],"1.84":[-2.05,19.37,-23.87],"2.32":[-3.49349,0.10677,4.94361],"2.6":[0,0,0]},"scale":{"0.28":[1,1,1],"1.32":[1.3,1.3,1],"1.72":[1.3,1.3,1],"2.08":[1.0545,1.0545,1],"2.16":[1.0273,1.0273,1],"2.32":[1,1,1]}},"rotation":{"rotation":{"0.24":[0,0,0],"0.4":[-4.5,0,0],"0.96":[0,0,0]}},"root":{"rotation":{"0.32":[0,0,0],"0.4":[0,13.09,0],"0.48":[0,37.87,0],"0.6":[0,116.85,0],"0.8":[0,272.73,0],"0.96":[0,335.08,0],"1.12":[0,360.02,0],"1.32":[0,364.17,0],"1.44":[0,365.56,0],"1.6":[0,366.25,0],"1.72":[0,365.21,0],"1.96":[0,361,0],"2.24":[0,360,0]},"position":{"0.4":[0,0,0],"0.96":[0,5.44,0],"1.04":[0,6.42,0],"1.16":[0,6.77,0],"1.32":[0,7,0],"1.44":[0,6.91,0],"1.6":[0,6.3,0],"1.68":[0,5.25,0],"1.8":[0,3.2,0],"1.92":[0,0.63,0],"2.0":[0,0.2,0],"2.08":[0,-0.08,0],"2.2":[0,-0.225,0],"2.32":[0,-0.11,0],"2.44":[0,-0.05,0],"2.68":[0,0,0]}},"rightEye":{"position":{"0.0":[0,0,0],"0.28":[1,0,0],"0.52":[1,0,0],"0.88":[0,0,0]},"scale":{"0.0":[1,1,1],"0.28":[2,0.3,1],"0.52":[2,0.3,1],"0.88":[1,1,1],"1.92":[1,1,1],"2.12":[1,0.8,1],"2.4":[1,0.9571,1],"2.52":[1,0.9786,1],"2.68":[1,1,1]}},"leftEye":{"position":{"0.0":[0,0,0],"0.28":[-1,0,0],"0.52":[-1,0,0],"0.88":[0,0,0]},"scale":{"0.0":[1,1,1],"0.28":[2,0.3,1],"0.52":[2,0.3,1],"0.88":[1,1,1],"1.92":[1,1,1],"2.12":[1,0.8,1],"2.4":[1,0.9571,1],"2.52":[1,0.9786,1],"2.68":[1,1,1]}}}},"animation.hive.pets.cubee.body.dance":{"loop":"hold_on_last_frame","animation_length":3.92,"bones":{"root":{"rotation":{"0.24":[0,0,0],"0.32":[0,0,-3.55],"0.64":[0,0,-6.3],"0.72":[0,0,3.55],"1.04":[0,0,6.3],"1.12":[0,0,-3.55],"1.44":[0,0,-6.3],"1.52":[0,0,3.55],"1.84":[0,0,6.3],"1.92":[0,0,-3.55],"2.24":[0,0,-6.3],"2.32":[0,0,3.55],"2.52":[0,0,5.26875],"2.64":[0,0,5.8875],"2.76":[0,0,6.19688],"2.88":[0,0,6.3],"3.2":[0,0,6.3],"3.28":[0,0,5.6],"3.44":[0,0,1.6],"3.56":[0,0,0.64],"3.68":[0,0,0.256],"3.92":[0,0,0]},"position":{"0.0":[0,0,0],"3.28":[0,0,0],"3.44":[0,0,0],"3.56":[0,0,0],"3.68":[0,0,0],"3.92":[0,0,0]},"scale":{"0.0":[1,1,1],"0.24":[1,1.045,1],"0.32":[1,0.9,1],"0.64":[1,1.045,1],"0.72":[1,0.9,1],"1.04":[1,1.045,1],"1.12":[1,0.9,1],"1.44":[1,1.045,1],"1.52":[1,0.9,1],"1.84":[1,1.045,1],"1.92":[1,0.9,1],"2.24":[1,1.045,1],"2.32":[1,0.9,1],"2.52":[1,0.99063,1],"2.64":[1,1.02325,1],"2.76":[1,1.03956,1],"2.88":[1,1.045,1],"3.2":[1,1.045,1],"3.28":[1,1.04,1],"3.44":[1,1.01143,1],"3.56":[1,1.00457,1],"3.68":[1,1.00183,1],"3.92":[1,1,1]}},"rotation":{"rotation":{"0.0":[0,0,0],"0.08":[0,10.59,0],"0.24":[0,185.3,0],"0.36":[0,321.18,0],"0.52":[0,345.44,0],"0.68":[0,355.15,0],"0.88":[0,360,0]},"position":{"0.24":[0,0,0],"0.64":[-0.625,0,0],"1.04":[0.625,0,0],"1.44":[-0.625,0,0],"1.84":[0.625,0,0],"2.24":[-0.625,0,0],"2.52":[0.25,0,0],"2.64":[0.41,0,0],"2.76":[0.52,0,0],"2.88":[0.58,0,0],"3.2":[0.625,0,0],"3.28":[0.55556,0,0],"3.44":[0.15873,0,0],"3.56":[0.06349,0,0],"3.68":[0.0254,0,0],"3.92":[0,0,0]}},"bee":{"rotation":{"0.0":[0,0,0],"0.24":[-4.75,0,0],"0.32":[4.75,0,0],"0.64":[-4.75,0,0],"0.72":[4.75,0,0],"1.04":[-4.75,0,0],"1.12":[4.75,0,0],"1.44":[-4.75,0,0],"1.52":[4.75,0,0],"1.84":[-4.75,0,0],"1.92":[4.75,0,0],"2.24":[-4.75,0,0],"2.32":[4.75,0,0],"2.52":[-1.1875,0,0],"2.64":[-3.325,0,0],"2.76":[-4.39375,0,0],"2.88":[-4.75,0,0],"3.2":[-4.75,0,0],"3.28":[-4.22222,0,0],"3.44":[-1.20635,0,0],"3.56":[-0.48254,0,0],"3.68":[-0.19302,0,0],"3.92":[0,0,0]},"position":{"0.0":[0,0,0],"0.24":[0,0.4,0],"0.32":[0,0,0],"0.64":[0,0.4,0],"0.72":[0,0,0],"1.04":[0,0.4,0],"1.12":[0,0,0],"1.44":[0,0.4,0],"1.52":[0,0,0],"1.84":[0,0.4,0],"1.92":[0,0,0],"2.24":[0,0.4,0],"2.32":[0,0,0],"2.52":[0,0.25,0],"2.64":[0,0.34,0],"2.76":[0,0.385,0],"2.88":[0,0.4,0],"3.2":[0,0.4,0],"3.28":[0,0.35556,0],"3.44":[0,0.10159,0],"3.56":[0,0.04063,0],"3.68":[0,0.01625,0],"3.92":[0,0,0]},"scale":{"0.0":[1,1,1],"0.16":[1,0.7,1],"0.28":[1,0.5,1],"0.4":[1,1.1,1],"0.52":[1,1,1]}},"rightWing":{"rotation":{"0.24":[0,0,0],"0.32":[-34.04258,-13.57824,-52.34365],"0.64":[-34.04,-13.58,-52.34],"0.72":[20.93908,-4.21293,30.36223],"1.04":[20.94,-4.21,30.36],"1.12":[-34.04258,-13.57824,-52.34365],"1.44":[-34.04,-13.58,-52.34],"1.52":[20.93908,-4.21293,30.36223],"1.84":[20.94,-4.21,30.36],"1.92":[-34.04258,-13.57824,-52.34365],"2.24":[-34.04,-13.58,-52.34],"2.32":[20.93908,-4.21293,30.36223],"2.64":[20.94,-4.21,30.36],"3.2":[20.94,-4.21,30.36],"3.36":[8.97,-1.8,13.01],"3.48":[3.59,-0.72,5.2],"3.64":[0,0,0]}},"leftWing":{"rotation":{"0.24":[0,0,0],"0.32":[-34.04258,13.57824,52.34365],"0.64":[-34.04,13.58,52.34],"0.72":[20.93908,4.21293,-30.36223],"1.04":[20.94,4.21,-30.36],"1.12":[-34.04258,13.57824,52.34365],"1.44":[-34.04,13.58,52.34],"1.52":[20.93908,4.21293,-30.36223],"1.84":[20.94,4.21,-30.36],"1.92":[-34.04258,13.57824,52.34365],"2.24":[-34.04,13.58,52.34],"2.32":[20.93908,4.21293,-30.36223],"2.64":[20.94,4.21,-30.36],"3.2":[20.94,4.21,-30.36],"3.36":[8.97,1.8,-13.01],"3.48":[3.59,0.72,-5.2],"3.64":[0,0,0]}},"rightAntenna":{"rotation":{"0.24":[0,0,0],"0.32":[20.25,0,0],"0.64":[20.25,0,0],"0.72":[-8.4375,0,0],"1.04":[-8.4375,0,0],"1.12":[20.25,0,0],"1.44":[20.25,0,0],"1.52":[-8.4375,0,0],"1.84":[-8.4375,0,0],"1.92":[20.25,0,0],"2.24":[20.25,0,0],"2.32":[-8.4375,0,0],"2.64":[-8.4375,0,0],"3.36":[-8.4375,0,0],"3.52":[-3.618,0,0],"3.64":[-1.4445,0,0],"3.8":[0,0,0]}},"leftAntenna":{"rotation":{"0.24":[0,0,0],"0.32":[-20.25,0,0],"0.64":[-20.25,0,0],"0.72":[8.4375,0,0],"1.04":[8.4375,0,0],"1.12":[-20.25,0,0],"1.44":[-20.25,0,0],"1.52":[8.4375,0,0],"1.84":[8.4375,0,0],"1.92":[-20.25,0,0],"2.24":[-20.25,0,0],"2.32":[8.4375,0,0],"2.64":[8.4375,0,0],"3.36":[8.4375,0,0],"3.52":[3.618,0,0],"3.64":[1.4445,0,0],"3.8":[0,0,0]}}}},"animation.hive.pets.cubee.spawn":{"loop":"hold_on_last_frame","animation_length":1.64,"bones":{"bee":{"rotation":{"0.0":[0,-90,0],"0.44":[0,-28.12,0],"0.64":[0,-12.78,0],"0.8":[0,-6.39,0],"1.0":[0,-2.13,0],"1.12":[0,-0.91,0],"1.32":[0,0,0]},"position":{"0.0":[0,-8.4,0],"0.08":[0,-6.3,0],"0.24":[0,2.96,0],"0.36":[0,4.35,0],"0.44":[0,4.81,0],"0.52":[0,5.09,0],"0.64":[0,5.275,0],"0.76":[0,4.9,0],"0.84":[0,4.28,0],"0.96":[0,3.11,0],"1.08":[0,0.43,0],"1.2":[0,0.07,0],"1.32":[0,-0.175,0],"1.44":[0,-0.06,0],"1.52":[0,-0.03,0],"1.64":[0,0,0]},"scale":{"0.0":[0,0,0],"0.04":[0.0571,0.7571,0.0571],"0.16":[0.5823,0.8735,0.5623],"0.28":[1.1075,1.09,1.0675],"0.4":[0.97,0.97,0.97],"0.56":[1,1,1]}}}},"animation.hive.pets.cubee.despawn":{"loop":"hold_on_last_frame","animation_length":0.76,"bones":{"bee":{"rotation":{"0.0":[0,0,0],"0.08":[0,2.71,0],"0.24":[0,18.95,0],"0.36":[0,41.96,0],"0.56":[0,99.48,0],"0.76":[0,180,0]},"scale":{"0.0":[1,1,1],"0.28":[0.7125,0.7142,0.7193],"0.52":[0.3563,0.3571,0.3597],"0.64":[0.1,0.1,0.1],"0.76":[0,0,0]}}}},"animation.hive.pets.cubee.statechange":{"animation_length":0.64,"bones":{"bee":{"position":{"0.0":[0,0,0],"0.08":[0,-0.75,0],"0.24":[0,0.55,0],"0.36":[0,0.22,0],"0.44":[0,0.06,0],"0.52":[0,0,0]},"scale":{"0.0":[1,1,1],"0.08":[1.2,0.7,1.2],"0.2":[1.012,1.02,1.04],"0.24":[0.9885,1.06,1.02],"0.28":[0.9768,1.08,1.01],"0.36":[0.965,1.1,1],"0.44":[0.979,1.06,1],"0.48":[1.0175,0.975,1],"0.56":[1,1,1]}}}}}}