{"format_version":"1.8.0","animations":{"animation.hive.pets.rock.blink1":{"loop":"hold_on_last_frame","animation_length":0.44,"bones":{"left_eye":{"scale":{"0.08":[1,1,1],"0.2":[0.4,0.1,0.4],"0.26":[0.9,0.85,0.9],"0.32":[1,1,1]}},"right_eye":{"scale":{"0.0":[1,1,1],"0.12":[0.4,0.1,0.4],"0.18":[0.9,0.85,0.9],"0.24":[1,1,1]}}}},"animation.hive.pets.rock.blink2":{"loop":"hold_on_last_frame","animation_length":0.37,"bones":{"left_eye":{"scale":{"0.01":[1,1,1],"0.13":[0.4,0.1,0.4],"0.19":[0.9,0.85,0.9],"0.25":[1,1,1]}},"right_eye":{"scale":{"0.13":[1,1,1],"0.25":[0.4,0.1,0.4],"0.31":[0.9,0.85,0.9],"0.37":[1,1,1]}}}}}}