{"resource_pack_name":"Hive Replay Cinema","texture_name":"atlas.items","texture_data":{"hive:play":{"textures":"textures/items/hive/item_play"},"hive:double_speed":{"textures":"textures/items/hive/item_double_speed"},"hive:fast_forward":{"textures":"textures/items/hive/item_fast_forward"},"hive:next_frame":{"textures":"textures/items/hive/item_next_frame"},"hive:pause":{"textures":"textures/items/hive/item_pause"},"hive:previous_frame":{"textures":"textures/items/hive/item_previous_frame"},"hive:rewind":{"textures":"textures/items/hive/item_rewind"},"hive:slow_motion":{"textures":"textures/items/hive/item_slow_motion"},"hive:reverse":{"textures":"textures/items/hive/item_reverse"}}}