{"content":[{"path":"particles/emote/skull_burst.json","key":"OYFI5EYKOIFXI6RYSCH7YEGSXUGXHTIV"},{"path":"textures/entity/hive/hub/arcade/monorail/engine.png","key":"5RLFZMGT3BWGF65CFSPE2LFWXKAQ6JGY"},{"path":"models/entity/hive/hub/arcade/npc/alien_2.json","key":"PC2AC73DPBP67RUPFCJYYS5OKV2LSPV3"},{"path":"models/entity/hive/hub/game/drop.json","key":"FP6OPTQJFVY44WEYZJUBRYUADCQYFXG2"},{"path":"render_controllers/hive/hub/game/drop.json","key":"PXZIB53ZXLREC4M4DEVLUFB5AJYHUGTW"},{"path":"textures/particle/hive/emote/skull.png","key":"QGSU5SKLPB7FROW2VIT2AEYSQGARUHFM"},{"path":"textures/entity/hive/hub/game/ctf/female.png","key":"JQYRLULOKWPAPLMOOHLIBBH4LBET5HCO"},{"path":"particles/emote/smile_burst.json","key":"2ET2HQOGOPMUF2U3GCWH6XQXXZENV56C"},{"path":"animation_controllers/hive/hub/arcade/security_bot.json","key":"DRDFRUQXWPCZUTIYWJEG62DVCCFBU6UJ"},{"path":"entity/hive/hub/game/murder.json","key":"PLYLL4FOGHFU2UD5XCSDIR35XBREGCKL"},{"path":"entity/hive/hub/game/dr.json","key":"G7CDT46DBPULRIPW7XE74UJYQ7ZHW2A4"},{"path":"entity/hive/hub/arcade/parkour/finish.json","key":"QDSRRD3CDWC6HDSVZR3R6KBODSVQXJ2Z"},{"path":"models/entity/hive/hub/game/hide.json","key":"EPTVAL6PK7RRZEVVIR3ESGSVRHDCABDU"},{"path":"entity/hive/hub/arcade/fan/wall.json","key":"YYRC37TUP6QOXMOJCDL7AL4JPDOVGLPW"},{"path":"textures/particle/hive/emote/mailbot.png","key":"DN7KLGH223LH3IHOUAUS32DSQ7COVZB5"},{"path":"animations/hive/hub/arcade/microphone.json","key":"TNIB7PFYOQTX5DHPU24MCI33BCWDQ2UM"},{"path":"animation_controllers/hive/hub/npc/animals/owl.json","key":"7O6VRNJJHUWEYHPMM2KXQZM5FBMH522V"},{"path":"textures/entity/hive/hub/arcade/platforms/blue.png","key":"DFZS7O4QXJF6ZSM3NMEJQ2EUTD7PCXUU"},{"path":"models/entity/hive/hub/arcade/stage_lights.json","key":"FXTR4ZKSBH22VOMPSH6IFB7ZDHLWILBD"},{"path":"textures/entity/hive/hub/game/dr.png","key":"TPEKGSYZUWKSWZZJCMOTLDVEGH7TAREP"},{"path":"animations/hive/hub/arcade/mailbot_screen.json","key":"LSXN3FQEVFV3E57ODGB6XXXSVJR3H54S"},{"path":"particles/npc/game/kits.particle.json","key":"JE3Z56T3CFX6D6EE2NFVWBLCQFWJFDPS"},{"path":"models/entity/hive/hub/arcade/table/large.json","key":"KOA5BVHW63NTDDYNHBSYI7PZRTJPM3VB"},{"path":"models/entity/hive/hub/game/hologram/digit_2.json","key":"MV2OR63HNXDD4KQNXLE5TTNPWM2ZEM5S"},{"path":"textures/entity/hive/hub/arcade/elevator/door.png","key":"YJBVVYMI2AE54GX3MC7PRVBAXIXEX4LV"},{"path":"entity/hive/hub/arcade/security_bot.json","key":"S7J4VBQEMFPYNKZ4HYX2JZ4ETKMNEHLO"},{"path":"render_controllers/hive/hub/arcade/portal.json","key":"VWTJHZY4YMJZGQAIZIY3SLQCDOQ6Y7ZO"},{"path":"textures/entity/hive/hub/game/hologram/ctf.png","key":"OYEUABQM6X3KY33YB74KKZQTWPEG5FRH"},{"path":"textures/entity/hive/hub/game/hologram/wars.png","key":"3HYV75XVOC46M4XRVOKS4ZQRFOYOJKDJ"},{"path":"animations/hive/hub/arcade/elevator/elevator.json","key":"PW3F6DQL444QWODOKGWELV37VBD3Z5T3"},{"path":"particles/emote/mailbot.json","key":"6FS57TVC3VK3CYZHJC5VUXVBE62UE4QQ"},{"path":"models/entity/hive/hub/arcade/floating_platform.json","key":"OUIPGQ33OQE643WR2N6TZHTMGM6I4RH7"},{"path":"textures/entity/hive/hub/game/drop/female.png","key":"3A4MBFUJ6A4ASI2L6YBSGWFIHUYNOOBT"},{"path":"models/entity/hive/hub/npc/plus.json","key":"2IK34VU6ZKKV2YEDG7OORTETMJGVPUH6"},{"path":"textures/entity/hive/hub/arcade/juke_box.png","key":"KZZVK6MXIXZ3CTUHCOW74A6PBCJGB7BA"},{"path":"textures/entity/hive/hub/game/hologram/murder_plate.png","key":"YMVT4MXTFM6WNTRETYCPBBDHQTGITLB4"},{"path":"models/entity/hive/hub/arcade/fan/floor.json","key":"LSDCNXSF3LKOAXFFC55HCIUIHF7YHTFZ"},{"path":"textures/entity/hive/hub/arcade/npc/human_1/one.png","key":"IJGYXKHKPBZMEZX5SY5CJLT4S6WIKFEK"},{"path":"textures/entity/hive/hub/game/hologram/digit/0.png","key":"HVXOQCRWPXF72T6H6DHXEKPDAZAKS2DR"},{"path":"textures/entity/hive/hub/game/soon.png","key":"6GCUHMM4RPS22RO56P6F5XTHSHQ7Q22E"},{"path":"textures/entity/hive/hub/game/build/female.png","key":"HR75GQCHA2GFJ7NNTTHCQRMPPS27M3BP"},{"path":"items/hive/hub/checkpoint.json","key":"BBQPIYBDRQKXG4JI2Y5PY4SMKVJOZO3U"},{"path":"models/entity/hive/hub/arcade/microgame_terminal/sign.json","key":"DSMXIRDMWESELB5BRLHN6IKEZK36OOPJ"},{"path":"models/entity/hive/hub/game/soon.json","key":"MF2PUYYEPDUCBGVU2GHGFGV2ZJ3Q7FD3"},{"path":"animation_controllers/hive/hub/arcade/search_light.json","key":"CW36YAUJ5NII5B44XLJ74MG2ITUFCXJD"},{"path":"entity/hive/hub/arcade/monorail/engine.json","key":"S2ZITY33PZQKLI7CTH6IM4E3DK5ZXXN6"},{"path":"models/entity/hive/hub/arcade/chair.json","key":"LX2Y67H6WEA5L2IZKUMHIZY3TA6WT7T6"},{"path":"animation_controllers/hive/hub/arcade/vehicle.json","key":"EIARKGCZGG6I3AKRNANHIW426VQGZOQO"},{"path":"textures/entity/hive/hub/arcade/laser.png","key":"RN6E43H7FOHYAXU7KI57KF5IJV3KUJJM"},{"path":"entity/hive/hub/billboard/cubee.json","key":"LR3UEV2V56BLIRDKGXSUSMXCBSYTRNCY"},{"path":"animation_controllers/hive/hub/arcade/mailbox.json","key":"DGD3ZIVKRKLND6C2K7KRQ3D3EP5SY4C7"},{"path":"entity/hive/hub/arcade/sign.json","key":"FUH5AFURCPUZ4A4PSFHYPPMZTIGSYGE7"},{"path":"particles/arcade/ad/ad_test2.particle.json","key":"LEGH6CPZQLNNNPF54YVUDABGEK2HDIPY"},{"path":"textures/particle/hive/emote/zany.png","key":"UFJR3CB6HE2RGZTH6NSK4QHDWCAW5JYE"},{"path":"textures/entity/hive/hub/arcade/sign/text.png","key":"34ROM5UJMP57LNODUNA2DL3L265VUTEH"},{"path":"particles/emote/gg.json","key":"XQU2S4UCHT5URDPJNPZJFRJ2IAO7MF4A"},{"path":"particles/emote/nauseated_face_burst.json","key":"JRD2XZCJYWWK4Q2FZX2OM7TAAXHYNIHJ"},{"path":"textures/entity/hive/hub/billboard/cubee/frame.png","key":"2YM332EBRDQDXP5M7Q4FWGZWG5AOQBVS"},{"path":"animations/hive/hub/game/ctf.json","key":"MUSZFMJU5O36Z3MXAHPYJTZKWQUY4R73"},{"path":"models/entity/hive/hub/arcade/elevator/elevator.json","key":"B5EHP6MTXRTHUU7U5B3ZK5THDKVPQEUP"},{"path":"models/entity/hive/hub/game/hologram/plate_sky.json","key":"IAV4BLBMAKAVBKAUC7AJGY7CJRWGULGN"},{"path":"render_controllers/hive/hub/arcade/vehicle/car.json","key":"YKRNJZRBLXLTYWKPJP7RGPMDJ6YFZGNQ"},{"path":"animations/hive/hub/npc/animals/bear.json","key":"FHNMLRU3GFGBSWYJESBSNXDDQDZCLXVV"},{"path":"textures/entity/hive/hub/game/hologram/drop_plate.png","key":"ACMHGRMP7OYTW4BXG6G2QQP7AIHEOVLF"},{"path":"animations/hive/hub/arcade/floating_platform.json","key":"2DLLUOO4NCJWCPESOEALXA4GYZKKUFOL"},{"path":"textures/entity/hive/hub/game/hologram/digit/7.png","key":"3Z6BAX2GN4BWU6CDXBLFUREVL4W2SUPQ"},{"path":"render_controllers/hive/hub/arcade/translucent.json","key":"3D43R2C4M66TPMA7F3VZGK6IXBD3XM23"},{"path":"textures/entity/hive/hub/arcade/vehicle/bus/purple.png","key":"H2B2PRZVZREDAAX4CPICFKJDLK3YZIWF"},{"path":"textures/entity/hive/hub/game/hologram/dr.png","key":"GBOWDI6A3O72WXEFI6RB4PT73EKTSELX"},{"path":"textures/entity/hive/hub/arcade/platforms/orange.png","key":"Y2OQA2BJRJV3BOL33EFHK5YC32JUYGJV"},{"path":"textures/entity/hive/hub/arcade/elevator.png","key":"XZ5TLHTQGFILSGQ6HYA6RDLJE73RZRIX"},{"path":"textures/entity/hive/hub/arcade/vehicle/car/blue.png","key":"6ILQFSVTXL53ZJVBTVYLLXN4GX74KZJT"},{"path":"textures/entity/hive/hub/game/hologram/murder.png","key":"VQZXCH5GC77SGATFUM4HRILGC2SNNBJW"},{"path":"animation_controllers/hive/hub/game/idle_particle.json","key":"DJY5BWVHIDZG6UHNZXU3RWKBSKE22TI5"},{"path":"entity/hive/hub/game/soon.json","key":"A65DSDSPCYS52ES4SEERKHOCA6UN47CO"},{"path":"items/hive/hub/party.json","key":"KK4TVJ3MP36UFDYVHTCTSHFBOVMFSUMD"},{"path":"particles/npc/plus.json","key":"KZS2XSVUX2VLPKO7OC4URUY74JCA3L6Y"},{"path":"textures/entity/hive/hub/game/sky/male.png","key":"QPECOFFP3TOUEQYIDTVT3XGUSWABBZLK"},{"path":"entity/hive/hub/arcade/vehicle/bus.json","key":"XR5K422BH4WGIHRIPR4JST2G3B4BW5FY"},{"path":"entity/hive/hub/arcade/npc/human_1.json","key":"K7A5QDT2ZNKKXWT2JG5ZYDABRIA7FDDD"},{"path":"animations/hive/hub/game/sg.json","key":"6EQFPEMXTJYCQKUA4SS3H3JJMFI3TGRQ"},{"path":"models/entity/hive/hub/arcade/portal/layer_midground.json","key":"3PDG26FVQW6LYLCXAGUQEQDNXUDGVDET"},{"path":"particles/world/fall/fall_leaves_yellow.particle.json","key":"KVQIDJHRPYS444TXH7P67M5Y7WPVR3TY"},{"path":"particles/npc/game/sky.particle.json","key":"L3E3KC6JQ5XLJKEHY5X2VPHIXCX4JDXU"},{"path":"textures/entity/hive/hub/arcade/portal.png","key":"I66I7GA2F2PBMZ5UVGY56NDVOABPMYYY"},{"path":"particles/emote/nauseated_face.json","key":"DDREWCT3Q2KCFJKL53FXU5RRQCLEWKQS"},{"path":"animations/hive/hub/arcade/parkour/finish.json","key":"BTXZXAPBI46L5WVALVOMXSYXXYAZTWAG"},{"path":"textures/entity/hive/hub/arcade/station_sign/text.png","key":"AV23EYNZ4GR5QEXAMWZ6XFR4FXKIQFK6"},{"path":"textures/entity/hive/hub/game/hide.png","key":"FL4QWICE4ZOIRP56MFUHRKTPWQ2RSGB7"},{"path":"models/entity/hive/hub/game/hologram/plate_murder.json","key":"HNHIDV3MS6KYTHFOVUA2XV6KAYFAXLNR"},{"path":"models/entity/hive/hub/game/wars/female.json","key":"DOJ6X7INDPTOQEGLFBLUDS4MNMXEPK7X"},{"path":"textures/particle/hive/emote/cold_face.png","key":"QVA5I2HH3SE4YBUZ6ZMDSCCFKUDNBD5L"},{"path":"animation_controllers/hive/hub/arcade/parkour.json","key":"QSDW2O3QT4ECXQ6UWJDIAUQ7UEQ6QNTD"},{"path":"particles/arcade/glitter.json","key":"NHOBJKBM4OY24PIHGXVRMIJYH2CMB4QG"},{"path":"textures/entity/hive/hub/arcade/mailbox.png","key":"VXF6FWEEMW5XHDJZW34R7KAPH35NJGCB"},{"path":"items/hive/hub/compass.json","key":"J4F7Y5EDKQG4IK5BX3KEVKZNSJ6UZERH"},{"path":"models/entity/hive/hub/npc/animals/hedgehog.json","key":"BEDVLT5VILQJ2YU6RTDATXAM5C2EXL64"},{"path":"particles/emote/blush_burst.json","key":"PU5P45PGC7ZHESRJMVOGMR5I4C3GJXF4"},{"path":"models/entity/hive/hub/npc/animals/bear.json","key":"QYYD7SD5EPONLBK2XQ67YP4EEKBTIADC"},{"path":"entity/hive/hub/arcade/microgame_terminal.json","key":"OKRTHQMJWSLEN36TQEU74JRU2EPYNOSN"},{"path":"entity/hive/hub/arcade/table/small.json","key":"ZXKNLOK2GJE5OUVW2AV5VKUJ2DMILFMX"},{"path":"textures/particle/hive/emote/eyes.png","key":"LP4MUDPSMYB7CEKLTGEXXDMYJUGTOVVB"},{"path":"models/entity/hive/hub/arcade/juke_box.json","key":"XDHMI2TKCAAH2GWF3I63PB5WFDVXBKKV"},{"path":"textures/entity/hive/hub/npc/pirates.png","key":"4FJI4U7BKNPN53W2CBNERWBCGZPCDD7C"},{"path":"particles/emote/neutral.json","key":"7IMWAKPSBNXKVVVXRQA45ZUXTLMARPGF"},{"path":"particles/npc/game/build.particle.json","key":"S477QYFZGO3DBDYOY6XSUE4QPTCLWBYI"},{"path":"textures/entity/hive/hub/game/snow.png","key":"S5D6UCZMKJR5NYN4INPFCP6YLU7GJI3J"},{"path":"animation_controllers/hive/hub/arcade/dj_booth.json","key":"HOU6E5YTENTM7GRABZP742MA2XFVSHZ3"},{"path":"entity/hive/hub/arcade/duck.json","key":"2GNRZIKIB74AGXAMUCVGN7LZ7AXFUVTQ"},{"path":"textures/entity/hive/hub/arcade/search_light.png","key":"CX5KLFC7ZN5KMIM5LH6HUDALPEVKYOJY"},{"path":"models/entity/hive/hub/arcade/bench.json","key":"KCSB5KU6KWDJ6EM2MZXAAFCZKN4BCSV4"},{"path":"models/entity/hive/hub/game/bridge.json","key":"DKLSJLTGGMVO7SQILMEJL4CBG357ZMPU"},{"path":"models/entity/hive/hub/npc/postbox.json","key":"IED3KCHBCE4PBGJGY5TF42UQQLRAA2QC"},{"path":"entity/hive/hub/game/snow.json","key":"EYYTKDBEBXX7VG74RKGI52HJSQH5EU6A"},{"path":"animations/hive/hub/npc/locker.json","key":"3NKM64VJQW224MUD6UJOHVKOJQNG5SNZ"},{"path":"textures/entity/hive/hub/arcade/bench.png","key":"NFIDTOLIL5YTJE5ET6IBNWWW5ANWPBRV"},{"path":"textures/entity/hive/hub/arcade/duck/default.png","key":"RGPBX5ZVASJG4C6IRF5ZHRI533OTPZDW"},{"path":"animations/hive/hub/game/snow.json","key":"LTPIKUSA2Q4OKEZVOBAE2MIY3YCHGCBC"},{"path":"particles/emote/sob.json","key":"Y6BUJAVEDEIQSQC5IN7CXQQLX443UFWW"},{"path":"textures/entity/hive/hub/game/hologram/kits_plate.png","key":"UBYSBKLG6B76DHLO47NL5P2ZKSR5WTDM"},{"path":"particles/emote/flushed_burst.json","key":"XNY5ZNWXYPBTOZAMPTK7INCEXVTSQ2KG"},{"path":"textures/entity/hive/hub/npc/animals/bear.png","key":"WAT2OY74PLPTHZDY7TNNJPARIU5OQ65K"},{"path":"items/hive/hub/friends.json","key":"FM3IXHL5UMFN5WBSZ6YNJXTYOFXNFQOS"},{"path":"textures/particle/hive/emote/smirk.png","key":"4VOKLKEVY4FAGRXUHNGCLJPOJ2CI6ULK"},{"path":"entity/hive/hub/arcade/portal.json","key":"EH5ZUASLBBDEI7PTGOGCPLSX7AUMFR3A"},{"path":"entity/hive/hub/arcade/cakestand/single.json","key":"GICAGQUQT3UKYVT2LU5B63PWPMUFLLYN"},{"path":"animations/hive/hub/arcade/laser.json","key":"UH2XNXETN5NBOYTDSH2VVBQ3IJSGIX3S"},{"path":"particles/emote/dizzy_face_burst.json","key":"3ZSEN7F54I56VT2TN7XLZN7DW7LHXMX3"},{"path":"entity/hive/hub/npc/region.json","key":"2F7SWK2QDUK7UZI4ZNQUYMP6IKRGUBZY"},{"path":"animations/hive/hub/arcade/monorail/carriage.json","key":"I2TOQA5MVTP35RJASODDITFXB7O2VDFS"},{"path":"entity/hive/hub/arcade/stage_lights.json","key":"QIQPLOV7QASRKRSFFEOQSZPNKDSXBUZQ"},{"path":"textures/entity/hive/hub/arcade/chair/green.png","key":"FPK6IEPTZWW4YDF4JFXQEEUVYPBMWNPN"},{"path":"entity/hive/hub/npc/animals/hedgehog.json","key":"EQWUHBDZXDU2E5VSE5L4JNYJUQS5HAPV"},{"path":"models/entity/hive/hub/arcade/laser.json","key":"UCYWLE5CEOBH4PIKKJGGW5LGDSL3NDG3"},{"path":"textures/entity/hive/hub/game/hologram/digit/8.png","key":"TPDSN66DH7QNA6XXKL6YWKYPF7MECLLF"},{"path":"particles/npc/game/murder.particle.json","key":"G5QNQH345REU66KMMNBFQ5TVTZS7MEGL"},{"path":"particles/emote/sick.json","key":"L6ZKOFXQMB2JWJ466BVKS2VJLLR2S7TT"},{"path":"textures/entity/hive/hub/arcade/microphone.png","key":"KMU4JPKEFOCNTKGKIRIPTL7E7Z4H666H"},{"path":"animations/hive/hub/override/player.json","key":"R6F7P3IYS7T34QIXSH2QZAI3CK35QQ5E"},{"path":"particles/emote/kekw.json","key":"UYYVZIJQ3FFXWVMSMVZL3XG2D4GURU4X"},{"path":"textures/entity/hive/hub/arcade/npc/human_1/two.png","key":"MHTWKROGXEAMESK43RO2SLMIHBSLZNIA"},{"path":"particles/emote/kekw_burst.json","key":"Z47LONBCDYLXD4MTTHS57NDEHIXOR6D2"},{"path":"particles/emote/skull.json","key":"3X2RZPB5ULX6RYNSBW3U3U7EPP5QR4B6"},{"path":"entity/hive/hub/arcade/mailbot_collectible.json","key":"TV2S55ECOLYTJ6KT2YY6NKRVA6KCNESR"},{"path":"entity/hive/hub/game/ground.json","key":"GFZ52U56TDP4EQNNFUHNES6NLBONQDHE"},{"path":"models/entity/hive/hub/arcade/drink.json","key":"YIRLFUIKP7L6KKZCTJJR6BCTPZS5PTXF"},{"path":"entity/hive/hub/arcade/mailbot_screen.json","key":"RGFJ2KPFF5UL7ZCK7AOV6FQ2V6RW6RSK"},{"path":"render_controllers/hive/hub/billboard.json","key":"57F5BDCRAFCDTYVPEEE5PVAXFJETQ7LN"},{"path":"models/entity/hive/hub/arcade/station_sign/sign.json","key":"PHDF5V7WBSP4ADO2R4K77JNH52XD2TGJ"},{"path":"models/entity/hive/hub/game/hologram/plate_hide.json","key":"VF7DCAFDTGZJQW2DUJUESSG6L2P43WJP"},{"path":"animations/hive/hub/arcade/mailbox.json","key":"C3N7Q42HXPGAKL2DP4YAWPNKQWUBPQKO"},{"path":"textures/entity/hive/hub/game/hologram/dr_plate.png","key":"FO6STKUVANC4T7XORZ3HUAUAUU4DZHYC"},{"path":"models/entity/hive/hub/arcade/mailbot_screen.json","key":"2PFRO6SNQJ55YVSPYDGHB7D3KUUOCW5J"},{"path":"textures/entity/hive/hub/arcade/pressure_plate.png","key":"LZ2MFJET2NEJHATWR4XJHKATFCXJB4JT"},{"path":"textures/entity/hive/hub/game/hologram/kits.png","key":"5ZHRABZCLI6KRDGMGMHEGFOPBSKEHMHH"},{"path":"textures/entity/hive/hub/game/bridge/male.png","key":"LCTPAAS5SVSVHD56WOISPKOOMRNJ5TP3"},{"path":"animation_controllers/hive/hub/arcade/elevator/elevator.json","key":"HBHJ6BZINTYTMQ5G2Y2F7F2BIE7ONGW2"},{"path":"animation_controllers/hive/hub/arcade/portal.json","key":"MKQNNYBNKDNCY3B6Y6OHCZ52AOJJ6VJL"},{"path":"textures/entity/hive/hub/npc/animals/hedgehog.png","key":"5UPKWJEVHAFVIBS75S5EKTGYTYYQLSMS"},{"path":"models/entity/hive/hub/game/hologram/plate_drop.json","key":"KITRBQ6LAMQHEEKG52T65SPWD7EKDJNJ"},{"path":"textures/entity/hive/hub/game/hologram/ground_plate.png","key":"IR7HDDSHR6USBL54K5QQYH4JK5YG3SZG"},{"path":"render_controllers/hive/hub/arcade/floating_platform.json","key":"SVSKALB4MX4FXKF4RPBXPJH5GVJNVT6M"},{"path":"models/entity/hive/hub/game/hologram/plate_dr.json","key":"FUWFNGJAXMY7HCNC2XSE3PD6PYHT73AW"},{"path":"render_controllers/hive/hub/arcade/search_light.json","key":"GP7S7A5UJW5OWJUM34WJZ2U7DNHX6IY4"},{"path":"models/entity/hive/hub/arcade/npc/alien_1.json","key":"L3KLYLGSVJYJQQINLH4ATGPBCZIXZCWR"},{"path":"animation_controllers/hive/hub/arcade/floating_platform.json","key":"ECXDZCYDCIWZDUM3MAZQULF36M6EK6Y4"},{"path":"entity/hive/hub/game/gi.json","key":"6TELRTBGLL5NGLOB7HBRCPOVO3EPUMI7"},{"path":"textures/particle/hive/emote/neutral.png","key":"LBTT5UT2COAJBMSYKV3F2POYFAULEN73"},{"path":"textures/entity/hive/hub/game/hologram/hide.png","key":"5W2GWMTAPHJNDZYECG4BAHYN32J7X5ZM"},{"path":"models/entity/hive/hub/game/hologram/digit_5.json","key":"AVRJLG6QPYFQBL5556KHIEOH5EBD4MIJ"},{"path":"textures/entity/hive/hub/game/hologram/icon.png","key":"24QKYYKPSPJAPOYMF5TXPAJ2PMWVWLYD"},{"path":"textures/entity/hive/hub/arcade/npc/robot/yellow.png","key":"J3XBT6JQG2IIBFIJ6VOHL3BICYA6TNKT"},{"path":"models/entity/hive/hub/arcade/sign/text.json","key":"MRXI2WX2L5UFWJSAUINJ4HLGVA4OJQDL"},{"path":"particles/emote/smile_tear.json","key":"O3B3ACFWAJTGIM3JCPCEU4Y2OQHT3WI3"},{"path":"textures/entity/hive/hub/arcade/vehicle/car/red.png","key":"E5WOIVUB6WGRW4JBJYFR2TQAEH3O5ALD"},{"path":"entity/hive/hub/arcade/checkpoint.json","key":"MANS5UPLGD7P76SLZHESEOQ3V45GSFUP"},{"path":"animations/hive/hub/game/wars.json","key":"EVPVVS3EAFZODUVPNUD6G4FOPGZJPHFQ"},{"path":"textures/entity/hive/hub/game/sg/female.png","key":"SM5JPJSRLMTNGQ7WLNA5LGMN4PC2JAVG"},{"path":"textures/particle/hive/arcade/glitter.png","key":"6Y5MPCD22PTOQQSOB4CTMHYSYBLYPHRD"},{"path":"models/entity/hive/hub/arcade/fan/wall.json","key":"WOQ6WQUJRPIPFKK5ZDOSMUXA3BOI5JQ4"},{"path":"models/entity/hive/hub/game/ctf/male.json","key":"D53QSD3QHKIJ7IAKCJT2JWGOXJZ6Y6WQ"},{"path":"models/entity/hive/hub/arcade/monorail/engine.json","key":"VLNYEZE4JGVJZP42LZMSBHRRODQ5N3G7"},{"path":"models/entity/hive/hub/game/sg/female.json","key":"VOTNJN5TAJOKTKQBJVJNBFCX3MRY6URL"},{"path":"entity/hive/hub/npc/animals/owl.json","key":"YDJYP6YMYXLSETNQUETKNQFGRKGBS5WM"},{"path":"models/entity/hive/hub/game/hologram/name.json","key":"W3KBBPRHVTCT5X46DCF344ZEGPPR23LH"},{"path":"textures/particle/hive/emote/pleading.png","key":"4HU5RWI25RV2M2Y6AOHYMWSSMC5QQJHQ"},{"path":"entity/hive/hub/npc/plus.json","key":"KL3OSJAMOTAWCANRT5GL3QPXBP4GBP6M"},{"path":"entity/hive/hub/arcade/pressure_plate.json","key":"YJO644PVOLAQAZ6XDLWS73KN3H2I444A"},{"path":"models/entity/hive/hub/arcade/monorail/carriage.json","key":"GLTOONXXPASPCAJB3SG7ZAM25P5A7AF4"},{"path":"textures/entity/hive/hub/arcade/elevator/elevator.png","key":"OU32PALG6XUHY3NZBWKXSOOBKMW7YB5E"},{"path":"animation_controllers/hive/hub/arcade/mailbot_screen.json","key":"RPVFVVKUNSHO442AXCGCUWKD2ELUG55N"},{"path":"animation_controllers/hive/hub/arcade/monorail/monorail.json","key":"CGYCNDCNQEKJQNHV4DDYX2RNBWZGTOZD"},{"path":"textures/entity/hive/hub/arcade/table/large.png","key":"4VQMGEN5KCDIZLOEHRJAVNX55KPXY75J"},{"path":"models/entity/hive/hub/npc/pirates.json","key":"FVEQL7EUS3SDSAFSSBEGOHIFWNU3UOT2"},{"path":"textures/entity/hive/hub/game/hologram/digit/9.png","key":"HSOKZIQQXEC7KWL4OKUPSRM35ZSJTF7S"},{"path":"models/entity/hive/hub/arcade/portal/layer_foreground.json","key":"VPGB3CZJZLQABI6VPQTOUTJG3UTNOKXA"},{"path":"models/entity/hive/hub/game/hologram/digit_3.json","key":"BUJDTMGS42SIU2Y6YIMY2H46LZTHSYSN"},{"path":"animation_controllers/hive/hub/arcade/clerk.json","key":"RUXM2JOLZQTTIEHKZDPGH4BLD3NEDFGF"},{"path":"textures/entity/hive/hub/arcade/floating_platforms/orange.png","key":"JD2PAHQ6TTRKEXSCOHEPRWJE2E43LZ2T"},{"path":"particles/emote/raised_eyebrow.json","key":"RXIECAYOKMOJIS4RKFDDJL2UHLVRB7ML"},{"path":"particles/npc/game/hide.particle.json","key":"BSCXWCEHCURYJDC3ZITIUUEKALPCQ2KX"},{"path":"models/entity/hive/hub/arcade/cakestand/row.json","key":"AASSGCBHNZK2ZDVIZB54UKUDQR66X5A4"},{"path":"textures/particle/hive/emote/sunglasses.png","key":"LVDUUE6SVZ6QIKPKUE4EEOZ4J7IHYX7D"},{"path":"textures/particle/hive/emote/vomiting.png","key":"AVWS3UWTPT4WLCFULKJ6JJYUXUE36COW"},{"path":"textures/entity/hive/hub/game/hologram/hide_plate.png","key":"Z3YF3T55KXTRVXDLLPCU42IRKYFOCKHG"},{"path":"textures/entity/hive/hub/game/hologram/bridge_plate.png","key":"TDS3BCL3HO33V3SYYVHABUDTSYF33PUU"},{"path":"particles/emote/sleeping_burst.json","key":"2S7PMGJHH7WLJJ6YSXD4PJ5QUANQ4TPM"},{"path":"models/entity/hive/hub/game/build/female.json","key":"66YH7KKFKL5OQWIK7O3V7JAHTISMAMVI"},{"path":"textures/entity/hive/hub/arcade/elevator/elevator_vip.png","key":"ZGNEJNZOVQD6YPMGUUUOLPUYIILXEKQS"},{"path":"textures/entity/hive/hub/arcade/speakers.png","key":"WSPBZQYTMDUQ557W24DHG3Q2KY5335MY"},{"path":"entity/hive/hub/arcade/laser.json","key":"ZATJQAMJEAIJHK5JLIQHERNAODFJ7FW6"},{"path":"textures/entity/hive/hub/arcade/floating_platforms/blue.png","key":"5ILCACQC5IA77Q53UW7DH2RZOTH5TORT"},{"path":"entity/hive/hub/arcade/platform/timed.json","key":"VUPXME34RWKSPCVCD736FJ52ECPDMM7B"},{"path":"particles/emote/robot_face_burst.json","key":"UNT2TXO33P3EWDG2IJV5ZCOKKSQGQQ5T"},{"path":"textures/entity/hive/hub/npc/animals/deer.png","key":"MVP7HZFIYGNGDEJVGUV3FM3DHW4RHEEP"},{"path":"animations/hive/hub/arcade/parkour/start.json","key":"3YPIG6SK2MYGLG6RUHUE6JCENTZ6NVTT"},{"path":"models/entity/hive/hub/arcade/portal/frame.json","key":"EDWCLLTDDFA635RCCCDJWL4E33MJ3LLN"},{"path":"particles/emote/innocent_burst.json","key":"6OYOQULCVK6YI6OME7AUVUBL2UGMHRBC"},{"path":"entity/hive/hub/arcade/vehicle/car.json","key":"CAR2GNTCOLTULP3S6GM4X6IPT3HVQ3AR"},{"path":"models/entity/hive/hub/game/ground.json","key":"KXHMBZJTBLMWVGCXPFXEX54WJD73VPTZ"},{"path":"textures/particle/hive/emote/innocent.png","key":"3LB7N7HMHLIGPFK7XUEEGKU6SWZZV7NY"},{"path":"render_controllers/hive/hub/arcade/vehicle/bus.json","key":"ELI2WZ3NXL4U3437SVQV2RGSGZH2Z3NK"},{"path":"models/entity/hive/hub/arcade/duck.json","key":"E5SEVI4S6LN3NZL3TGWQXBHYWEYCHCEL"},{"path":"particles/emote/sunglasses_burst.json","key":"44V67ZETICMREVXETDU5YRVZZYVPO5XK"},{"path":"animations/hive/hub/arcade/hive_sign.json","key":"ZTKRXRXFKOKVX7TNXAKYJRXJMTQJL4R3"},{"path":"textures/particle/hive/emote/flushed.png","key":"E3WZS65XMHZQNWQIQFAYIXNOWJLBKXLN"},{"path":"models/entity/hive/hub/arcade/couch.json","key":"I2FTMP3S2CJMTCNRAIOHSNYJIGQAAHQD"},{"path":"textures/entity/hive/hub/arcade/portal/layer_background.png","key":"KJOYPCOC6B2SLOFTTSHJTKRQ6CA2PM3C"},{"path":"particles/npc/game/drop.particle.json","key":"VUWA4AQ35P4UKCTVEPKACGQWXGQIT6Q7"},{"path":"particles/emote/zany_burst.json","key":"Z4E2IJTZFN3JU6GTK3YMG225TSGCON4K"},{"path":"textures/particle/hive/emote/gg.png","key":"TXC4YSZ75DYPBVZSTLSRZSDJCIKFHI2F"},{"path":"animation_controllers/hive/hub/game/idle.json","key":"IBFJ2C42V572GIWB563YG5C3A67T4EPM"},{"path":"entity/hive/hub/npc/postbox.json","key":"QXTB3LMRN2ECDS6F7B7PQ7QNFDCYQQL7"},{"path":"models/entity/hive/hub/game/hologram/plate_build.json","key":"VJHPVWXYCXYRHSAMR5GO7FHDQRMGS2TP"},{"path":"textures/entity/hive/hub/arcade/npc/human_2/two.png","key":"EKDSOKYQU5CYSQPAMRV3XENBH4ZYDAL6"},{"path":"animations/hive/hub/npc/plus.json","key":"GBLL6DWMQBZY4RU5SC44TDND7JP4RSPE"},{"path":"render_controllers/hive/hub/arcade/chair.json","key":"53T2ACGYO2UQJUV2ZG6T6S4FZQ2FFPFF"},{"path":"textures/entity/hive/hub/arcade/npc/alien_1/one.png","key":"QTEAZ756BL5KZCUREEKIFROD5JBKO5NT"},{"path":"models/entity/hive/hub/arcade/portal.json","key":"6RJB4II5JNHMMIXZYIVGY4UWGOXTHAKG"},{"path":"particles/npc/game/wars.particle.json","key":"3JR3QBDAZYDTQQT3QUGRJFL7ZX3EONL7"},{"path":"textures/particle/hive/emote/nerd.png","key":"OFJGUCWBB22CWQAOCO7GQXM5MVEDXPRK"},{"path":"animations/hive/hub/game/murder.json","key":"SQEYQWGSGSPZEV4LT22KWCB7KZEOLQGS"},{"path":"particles/npc/game/gi.particle.json","key":"WRGBWB7DVRU5IQC43PMFVSYYDVHYN53C"},{"path":"textures/entity/hive/hub/game/hologram/digit/2.png","key":"GWGURNKWHA2LSRJSA6N3RLT2OXVXJMYU"},{"path":"entity/hive/hub/arcade/clerk/human.json","key":"X6CDETVEBYO7AAADPKAXNMRKNF46EKMG"},{"path":"entity/hive/hub/arcade/search_light.json","key":"Q6NB2Z2FQEYZ2ZB744XZB6D33TM6J7ON"},{"path":"models/entity/hive/hub/game/sky/male.json","key":"PUGHCMXHI6PH36ZKCFMG2AJKIROKN5KV"},{"path":"textures/entity/hive/hub/arcade/npc/alien_2/two.png","key":"QZVYX2XGGHZSYP2SV4USBNV7TWNCLKWL"},{"path":"animations/hive/hub/arcade/juke_box.json","key":"FA6MGQRYINJYNX35M2Z7G6MXZZ36BKK7"},{"path":"animation_controllers/hive/hub/arcade/pressure_plate.json","key":"UFZXE3HHMEG7MM5UKXO3O43NDVWIDME5"},{"path":"particles/arcade/laser.json","key":"4CVF74QVI7CHGFORBJXQ54EWGYN25DQU"},{"path":"models/entity/hive/hub/billboard/animals/graphic.json","key":"72N2YQX4A7SYDZW4LPZUEMCNK4XQZ2SO"},{"path":"render_controllers/hive/hub/arcade/duck.json","key":"E4HKOZGTF3BIW744GRTCUCN2ICJ6LDMK"},{"path":"models/entity/hive/hub/arcade/microphone.json","key":"IKQX4LROFEIUGU7JQY2763AN5ZFFADGE"},{"path":"particles/npc/game/bridge.particle.json","key":"GPHLUYLWQK3YITETXCDJXNEQNLYNKN3G"},{"path":"textures/entity/hive/hub/game/hologram/digit/1.png","key":"CW74RDVZCID6QFXZB2JAJO534YSQJ63Z"},{"path":"particles/emote/eyes.json","key":"GCFT5QVHATW55HWJK5B7F4S555H4BTVO"},{"path":"textures/item_texture.json","key":"GJKBRIWWOGPOOPFNWZK5RRFNJEWIJFVT"},{"path":"particles/emote/sleeping.json","key":"N2AAODMY2FT75PCMKAKTB44ZJ3SZP5V4"},{"path":"textures/entity/hive/hub/npc/animals/owl.png","key":"CRZDQLWTB77663HITMIHTTSSV4QXOCWW"},{"path":"textures/items/hive/hub/checkpoint.png","key":"FLFWLCRVAPAPNILZW4O52PBZY2RDGJH5"},{"path":"models/entity/hive/hub/game/hologram/plate_kits.json","key":"XVEGIE7H6MKZ4A6BYTZ6MQRQNNN4L42E"},{"path":"entity/hive/hub/arcade/hive_sign.json","key":"RGBW5YFRVOTDSXRDWA4PVUB5HKR6PSFB"},{"path":"textures/entity/hive/hub/arcade/cakestand/row.png","key":"UXDYT442ZDV2KYX4D5KHYJUFIVCCA7YB"},{"path":"models/entity/hive/hub/game/sky/female.json","key":"GYYJDOUJRRGZ7UAMPPJPL2YWPFWAPCTX"},{"path":"textures/entity/hive/hub/arcade/platforms/red.png","key":"6UXNJHV6BLD6MZDWV633PEDDN5QENQXD"},{"path":"textures/entity/hive/hub/arcade/fan/floor.png","key":"SZ57QW7BI6R7SXF7XRX3F4LQOLKXJAVR"},{"path":"textures/items/hive/hub/party.png","key":"M5MX6E2MOSAAWHC3EGXFQXWKOAZRCLNX"},{"path":"textures/particle/hive/emote/stuck_out_tongue.png","key":"IS5GVM2BD5DQ57ZZSCC6LV5LKR7O7VWP"},{"path":"entity/hive/hub/billboard/animals.json","key":"5MOJPICNABGXCSL2AWXTCUUFV2AG7TSE"},{"path":"entity/hive/hub/arcade/microphone.json","key":"YVQ3PEC227H252PVQT3ZVNR64XUUASXA"},{"path":"textures/entity/hive/hub/arcade/stage_lights.png","key":"FFT6MQSSLL3IGM3NDEQ6SYR4FF2BH72R"},{"path":"animation_controllers/hive/hub/npc/postbox.json","key":"NVDFFRAA5ADNBCGA3JKP5QHLTWGE7CL6"},{"path":"textures/entity/hive/hub/arcade/mailbot_collectible.png","key":"G6DAF7G4DZZMHBX6W3FVNZ3FMQ3PNN4H"},{"path":"entity/hive/hub/arcade/soccer_ball.json","key":"3RQETHPYUJTJV7WWD7OHYS3EYYJPXU57"},{"path":"entity/hive/hub/arcade/speakers.json","key":"3D23DJK6HDSIWRGHRPKNGUO2AZ6YLBDR"},{"path":"models/entity/hive/hub/game/hologram/plate_sg.json","key":"ZQFRRFSSQUNRZIPUWQTZJ5YW76BQN6IW"},{"path":"animations/hive/hub/arcade/dj_booth.json","key":"4HSZRKWHPFRY52E7VL667DIVG22B2G36"},{"path":"textures/items/hive/hub/locker.png","key":"64DAMOHVIT57JP2JWQTFNWBJL3RUD5QJ"},{"path":"textures/entity/hive/hub/game/ground.png","key":"X24OBKPRV63S23J2LKFZC6NM577KYXRV"},{"path":"entity/hive/hub/arcade/elevator/elevator.json","key":"GKMKN34MHF6DNERPKZA3AQUE2MAKEZK7"},{"path":"items/hive/hub/locker.json","key":"ZNJATXCG3GRTWEREWOBWEGZRR4XA25UD"},{"path":"textures/entity/hive/hub/game/sky/female.png","key":"PQWBXFXDXAK7ORGYD43L726QSVDJTFMP"},{"path":"textures/entity/hive/hub/arcade/duck/white.png","key":"MEV7UYXDUNCBMI42LR2TF3TT3MZ6SYTP"},{"path":"textures/entity/hive/hub/game/hologram/build.png","key":"LAT2HBALXB7ERLG7EVQWCAHMKKITFROD"},{"path":"particles/emote/pleading.json","key":"7NBR6E5CATYUGNM2JGVXJYMBOET2MJN3"},{"path":"textures/entity/hive/hub/arcade/floating_platforms/green.png","key":"5Q3GHBQTXFDW7P6BAJWTCC3JKS7HOSZO"},{"path":"texts/en_US.lang","key":"BFWLGO6IADAZIBYOIM3CLLNVSB2DP3DC"},{"path":"textures/entity/hive/hub/arcade/elevator/door_vip.png","key":"SMPHPEHJ5SBKBB5ZSTUTRQO2MPHX2RXF"},{"path":"items/hive/hub/pet_egg.json","key":"6EHT3KQIDD2IGYPMPKXG3Z7I5ZU6RAQN"},{"path":"models/entity/hive/hub/arcade/speakers.json","key":"UZUI3AKTILCHYMGFW6BWC3NPHD3DE4EV"},{"path":"animations/hive/hub/arcade/security_bot.json","key":"T7RSZXW77CJPHHBN4AOM4RGAR7AQYOFY"},{"path":"models/entity/hive/hub/game/hologram/icon.json","key":"RADMSY4NYEJ74JTNOZ3D72YFWS27VPYN"},{"path":"animation_controllers/hive/hub/arcade/juke_box.json","key":"UPF4HT2DQBYPW2OYZ22XIZJLNWK64G47"},{"path":"particles/emote/confounded.json","key":"PROKJDQYSJCDBNN7AWKT33OQWGNLBSQH"},{"path":"models/entity/hive/hub/game/hologram/digit_4.json","key":"YLE3LAT7SQJVOOWYELZRUUOXWY3EPOWZ"},{"path":"particles/emote/smirk_burst.json","key":"2JAUULFUDLHKK63UDVM3ZPWZ4JIHK6Q3"},{"path":"render_controllers/hive/hub/arcade/npc/human.json","key":"BDCHX7KGRPP4CGD2EEXXPFYR6BANNYAY"},{"path":"models/entity/hive/hub/arcade/npc/human_1.json","key":"2IIPGFZFFLDMDTMRVFOZV74YLRL4HFBG"},{"path":"animation_controllers/hive/hub/arcade/monorail/carriage.json","key":"K47FOOM4SI5G3F3ENNDF64OUI6XGVVOE"},{"path":"textures/entity/hive/hub/billboard/animals/graphic.jpg","key":"XBE4TE4F2NVNKJD7E6O7CGWIER6W7ARR"},{"path":"entity/hive/hub/game/kits.json","key":"C6474LGX4T4B37IM2OUZ22MNYRJJD32P"},{"path":"models/entity/hive/hub/arcade/vehicle/bus.json","key":"KLMXL7O5YRWTPE6PFRTCIP5GKHF5H7MY"},{"path":"models/entity/hive/hub/game/hologram/plate_gi.json","key":"B3QPXYQQFXWBMAG6ZVYSMHP3F4Z2CZ34"},{"path":"animations/hive/hub/arcade/speakers.json","key":"RVLDDZUCSFEBFX3JEQ5CBZNDMJR4T6EY"},{"path":"particles/emote/shocked.json","key":"MRUZC424JBZNPM3N3MPDT7JNELM4AMMH"},{"path":"render_controllers/hive/hub/arcade/drink.json","key":"KUHMYK2YUJ7XF4MYLXFYBK4DNH4TXZPE"},{"path":"textures/particle/hive/emote/thinking_face.png","key":"WELGZT3RRMIMQYQN4VXQ7RLCMLTEWQUP"},{"path":"textures/entity/hive/hub/game/bridge/female.png","key":"P5VO6TLQXR4YICCOR6BAL7FHDUSCBFU4"},{"path":"models/entity/hive/hub/arcade/microgame_terminal/terminal.json","key":"65U7YKVUJFGRB72EC4FOO5T5QDDJ7VRW"},{"path":"textures/entity/hive/hub/arcade/portal/layer_sky.png","key":"QXUG3ECG3KNCBSSD2MMOWJYMLAAUECHP"},{"path":"entity/hive/hub/arcade/monorail/carriage.json","key":"VRUW642WHYNI23AKWEPAWWOSUGEOYIR2"},{"path":"textures/entity/hive/hub/arcade/monorail/carriage.png","key":"OTJREDLYPFWIFJ323WKFSIDCBABHQ774"},{"path":"textures/entity/hive/hub/game/hologram/digit/3.png","key":"43AZUNHE7UCWBUWXGOMEXEZGK4ZW4UQ4"},{"path":"animations/hive/hub/billboard/cubee.json","key":"Y7QCLISIKQA4EHL633R4AKPG5VPGJAC7"},{"path":"animations/hive/hub/arcade/sign.json","key":"Z23K7JTIQN3GCXWDEGATCRCCEUNMQZKX"},{"path":"models/entity/hive/hub/arcade/checkpoint.json","key":"CXSCQ7OL3BH2FLNT2INE7TY6DNY4UY2Z"},{"path":"animation_controllers/hive/hub/arcade/duck.json","key":"QQKT7MT77G5XV5ETODH4ZGTMSVZKXLW5"},{"path":"entity/hive/hub/arcade/cakestand/row.json","key":"NVBBJHKOV2SNVD5GDL6CRUMJ664XRYD5"},{"path":"models/entity/hive/hub/arcade/dj_booth.json","key":"Y36LGEJ2L2SIC2I3YGTUY6ISNCQZA7CP"},{"path":"animation_controllers/hive/hub/arcade/microgame_terminal.json","key":"JVQDUMOMUQS6DJZTVRPHIFLUYZSFCR6Q"},{"path":"animations/hive/hub/game/sky.json","key":"D2UKNBV3GM63LLKL35RVWKC7JQKYLSJA"},{"path":"particles/emote/smile.json","key":"S7IQHAHNYFNTC66KOA3FPLMDRQ6TM52T"},{"path":"textures/entity/hive/hub/arcade/vehicle/bus/silver.png","key":"AF6ZCLUGYNUHK44A3DKMXUNPHWUR767R"},{"path":"textures/entity/hive/hub/game/hologram/bridge.png","key":"TOURNGHWKYXZWHGQRGMGP6XGIHF4KZGY"},{"path":"render_controllers/hive/hub/game/murder.json","key":"QCCEHWDBWEAVJ2PAVZOHJEFCEFZJP6GX"},{"path":"models/entity/hive/hub/arcade/pressure_plate.json","key":"W3KMWNEYWN7FOYC2NS7BJUTOSUPI3NOV"},{"path":"render_controllers/hive/hub/arcade/clerk/robot.json","key":"27L2NHU62WZXJZCMP2UVYZCEC6BCCZBN"},{"path":"models/entity/hive/hub/game/hologram/plate_wars.json","key":"2DKSITJ7VDTWUDOGQYXKR62MCJN5VYAK"},{"path":"models/entity/hive/hub/arcade/hive_sign.json","key":"W6ITBPWZKUDDQ4ESJVMYKLVIRV55RLUG"},{"path":"particles/arcade/fan/floor.json","key":"5NIA6B5WX3XCSQ4OPLJ2KXCICBJN3YBL"},{"path":"entity/hive/hub/game/wars.json","key":"GBAHONGZQNKH567YUNTLLIOIPDL6NDVQ"},{"path":"entity/hive/hub/arcade/chair.json","key":"2LUAI5KO6ZUUMZYECN2G5TDECL3QY5ZW"},{"path":"textures/particle/hive/arcade/ad/test2.png","key":"H4LU2HGT4ZT47OZFHNGYXMSVIX74ORG2"},{"path":"animation_controllers/hive/hub/arcade/mailbot_collectible.json","key":"SLHALYOOZO7Z3T64ZWTXGSLATJVCYSKX"},{"path":"textures/entity/hive/hub/game/hologram/sg.png","key":"ZUJYHUJNGRFKQ3W4DYWAPINPHSQEK7NN"},{"path":"textures/particle/hive/emote/exclamation.png","key":"NIG5YZ4D62EETEMZG52HHROEJW2ELGHM"},{"path":"textures/entity/hive/hub/game/hologram/snow_plate.png","key":"FH6M6D3RVQKHLN6HVOIYP4IRN6MKBLDY"},{"path":"textures/entity/hive/hub/arcade/platforms/green.png","key":"OZVDV7QTBQHGD23BCAEWAKV276S7H4TP"},{"path":"textures/entity/hive/hub/arcade/portal/layer_midground.png","key":"KD5I2P2ULSS5VY7JJBGV2AXXBXXSGG35"},{"path":"animation_controllers/hive/hub/game/hologram.json","key":"DUL73NXIAAWZBDTPEEIMWPCV2QXYAI6N"},{"path":"textures/entity/hive/hub/npc/postbox.png","key":"S2DSKQ2YDY2HNTWBKV2I6SQ4XSUUG6NP"},{"path":"entity/hive/hub/arcade/mailbox.json","key":"FDYL2ZLBNNAYWXKM3GLHQSE2Z4BMDMMN"},{"path":"models/entity/hive/hub/npc/animals/owl.json","key":"GOTXSLWDLUJ4TZLGQGVLLHAMTR5E3PVM"},{"path":"models/entity/hive/hub/game/hologram/plate_ctf.json","key":"6LPWFOX3U4GY5WKZHHO7FVJPHFJQBE2X"},{"path":"models/entity/hive/hub/game/dr.json","key":"I7XMCIYVD7XUESJYE66B5LJUJ6ZS25IL"},{"path":"particles/npc/game/ground.particle.json","key":"HQOQP2X73HOYXXUVGTHOK4FPAWVC6UNT"},{"path":"textures/entity/hive/hub/arcade/floating_platforms/red.png","key":"GTG36SN2MNMYV3RNJIIG5ISJAHCLDHL6"},{"path":"animations/hive/hub/arcade/clerk.json","key":"BHUI2NUNV2KZ2X3IIL6JFJKK6NY5Y7MF"},{"path":"textures/entity/hive/hub/arcade/clerk/human/blue.png","key":"6KZF5U5TPYEQXW2NR5WZTQ4XVC2CV7CY"},{"path":"animations/hive/hub/arcade/search_light.json","key":"ZI5N3RWH5JTLK5UES7NY2EXSKAZYRN3B"},{"path":"models/entity/hive/hub/arcade/table/small.json","key":"UW6SDXDIXI25SQK2PND47XSTEKZRC6E3"},{"path":"textures/entity/hive/hub/billboard/animals/frame.png","key":"6L2ZCCKQ3NL3SHBDB6IDDSQX3H5W5K34"},{"path":"textures/entity/hive/hub/game/hologram/drop.png","key":"7G5GDCM3WW52VKDCPWAPN7DRGYIK5WAU"},{"path":"entity/hive/hub/arcade/bench.json","key":"ATVPZJA75BFMAYHAALTYLWE7MP7VJBRB"},{"path":"particles/npc/game/ctf.particle.json","key":"UHCAEP2XUDUIJ4MRCONEDVPDRD2SRSAU"},{"path":"animations/hive/hub/game/hide.json","key":"KFLYLJKYIAZMACVGUNFATLDJVDNXZ2SB"},{"path":"models/entity/hive/hub/npc/animals/deer.json","key":"AYWPC26GFT4SWVH4BRBIPN2PBTV7ZC3Q"},{"path":"models/entity/hive/hub/billboard/cubee/graphic.json","key":"SRQOXY72HWGRY4LDVTQ2N7LGWGRO2YCK"},{"path":"models/entity/hive/hub/game/ctf/female.json","key":"ZJFT7ACXEMZ5W7N5S2JRV36RCGPM5Y26"},{"path":"particles/emote/exclamation_burst.json","key":"RXYQUB5YUITGRGR2EVFZC4CTJBCDM2LG"},{"path":"particles/emote/kissing_heart_burst.json","key":"YB7F5VH4QVSK2S4Z47TFQVQ2T77ICB2G"},{"path":"textures/particle/hive/emote/smile.png","key":"26M54W2XH6SW5WMKJ5PE2EVHEWVNHHLY"},{"path":"render_controllers/hive/hub/arcade/mailbot_collectible.json","key":"POCWQTA4W3D2T3A4TRDZBUYP6UM4I5FM"},{"path":"particles/emote/neutral_burst.json","key":"3FFTN55K3JWHUXKGSAMEMRL3I4BFFU7C"},{"path":"textures/entity/hive/hub/arcade/hive_sign.png","key":"SF2LCXW3BKADSADMN42GDP5NRMMOIZIZ"},{"path":"animations/hive/hub/arcade/elevator/door.json","key":"OJ2S3L5XGCRUDNB627WNJI522PUW5WMC"},{"path":"particles/arcade/fan/wall.json","key":"SX5PIFR5YS3TCADK6YO6W27GJRIT4OZF"},{"path":"particles/emote/confounded_burst.json","key":"Y3DLOKVNTCCFFTX5RYP2UR37TMS27QJ2"},{"path":"textures/entity/hive/hub/game/hologram/gi.png","key":"DYQTHKY7K6GE3POYSQMMREVGG6DRYRWQ"},{"path":"textures/entity/hive/hub/game/sg/male.png","key":"WKXU3I7BCJRPLFAOQKMHCH55LNFQXGVR"},{"path":"textures/entity/hive/hub/arcade/sign/sign.png","key":"6BPZP6SGHJNU2XBRQT2N4IRJDQ6RKFZE"},{"path":"particles/emote/rolling_on_the_floor_laughing.json","key":"MTRSJ7XIMFFS5ELVKFJ2OJCUOJ3HKYJX"},{"path":"animations/hive/hub/game/drop.json","key":"V76QZWH2Q5MJJZ6MH243V3HLQPDYYWPC"},{"path":"textures/entity/hive/hub/arcade/floating_platforms/purple.png","key":"LMAOZ6CUB4Y557RZ4WJYGWLLNRZWZ4J2"},{"path":"particles/emote/innocent.json","key":"AKXJPI6EZEFTM6BD7BSUU2UOW2XGAPZF"},{"path":"particles/world/fall/fall_leaves_red.particle.json","key":"RURFHV3JPBFVXON6TPOM2W7NXAV5OHVW"},{"path":"entity/hive/hub/arcade/parkour/start.json","key":"ZRZYS6GL3IMGKTUG5CJUJVAIOOOWRM25"},{"path":"textures/entity/hive/hub/arcade/drink/orange.png","key":"ENHA2FDSHYSQPCJUTWXKGFXJHOEXTYEL"},{"path":"textures/entity/hive/hub/billboard/cubee/graphic.jpg","key":"HAHIMDYG33TSZ6JFTHAZEKAZHRI4WEKQ"},{"path":"particles/emote/exclamation.json","key":"UR6HCSQ5JPM4POO2263ZIKKO22J6U7AO"},{"path":"particles/emote/expressionless.json","key":"FDDK7OY3JGJIKVCOLWTRFGRKVSRBG3TV"},{"path":"particles/emote/expressionless_burst.json","key":"ZX4AZAT2UCWW2KAHCK2V6E3CVZSFKRLW"},{"path":"entity/hive/hub/arcade/juke_box.json","key":"QWOQN4AFLJ2E2RVBNRCLHSGXNR35BFRM"},{"path":"animations/hive/hub/game/bridge.json","key":"TV3FOSMDXRXWBMYMUFOGXUM4J3FWPK2C"},{"path":"models/entity/hive/hub/game/snow.json","key":"633SEPPPEGTG3KMZIOORQYCCP6KYGXAW"},{"path":"textures/entity/hive/hub/game/hologram/wars_plate.png","key":"RYQTWD4KE2LYCGTPWLDFWIYTDTTWZJZY"},{"path":"entity/hive/hub/arcade/npc/alien_2.json","key":"XL5JIVBRUJWVOURZSPSYC3GZY7ZXZFQN"},{"path":"particles/emote/sunglasses.json","key":"TUG57XNPY3K6CMNDQQDSNJ4VEOD4RPZL"},{"path":"animations/hive/hub/arcade/fan/wall.json","key":"TLUBCYOSFLLKGPZ6MPWXT4NVOPPQXHW2"},{"path":"textures/particle/hive/emote/smile_tear.png","key":"L63C6JRJLDLQN6J72JCNIST3N6FQK2IZ"},{"path":"textures/entity/hive/hub/game/hologram/digit/4.png","key":"25WSIJNHTUHRDB3QBAXVKWWHNIZDRSJD"},{"path":"animation_controllers/hive/hub/arcade/sign.json","key":"JFIWYW7CX5ZGZTSKRZUDNTIWBXPZ2RDY"},{"path":"particles/emote/blush.particle.json","key":"STOSBX4YKG4EUHT2DLD675HCLBNTFBKQ"},{"path":"particles/emote/stuck_out_tongue.json","key":"AN6BFST6632ECJETLUVGAKVR6IDAK27I"},{"path":"textures/particle/hive/emote/raised_eyebrow.png","key":"CNJDV7EVKGYTX7G7CCJRJFWAULHAKNNO"},{"path":"animations/hive/hub/game/hologram.json","key":"DX6IIYTG6APLPJMZT7HC34TGL64TSADH"},{"path":"animations/hive/hub/arcade/vehicle/bus.json","key":"JWEA2ATQJKMSRWWWM22WREHMIMKCOEHX"},{"path":"animation_controllers/hive/hub/arcade/fan.json","key":"FDS7QRY2QOADOXZI5Q3N6PQTWQCSGHPB"},{"path":"entity/hive/hub/game/hologram.json","key":"I52Z2I2KYQHOACCL5AXOCU3B5LDISGXQ"},{"path":"textures/entity/hive/hub/game/murder.png","key":"KDBANAFPQK7K3DM2C4G5EU4MHZKYXIUP"},{"path":"models/entity/hive/hub/arcade/elevator.json","key":"XFEXVMM47HRWOFU7BM7AVTRIFHSJOOZI"},{"path":"textures/entity/hive/hub/arcade/parkour/finish.png","key":"R5GV7XXW4BDZD22AEZX6LANVMD2YJ7VW"},{"path":"models/entity/hive/hub/arcade/clerk/robot.json","key":"WULFZHLK24ZPUXQNSVZZ6MTLNBADLZWJ"},{"path":"textures/entity/hive/hub/game/wars/male.png","key":"O3CHO2TS7U26DTEC5DHXN7XOL27TFLAL"},{"path":"render_controllers/hive/hub/game/hologram.json","key":"LE4SKN2K7ABTH7VK4YIJAUV7BL7TQSCT"},{"path":"particles/emote/sob_burst.json","key":"XCPZE7DWLUSIAL2GD5TJL6TILVKVAQO2"},{"path":"textures/entity/hive/hub/game/hologram/digit/blank.png","key":"IL3PVH2U5Z2DINMQ7O6M2TAUGNHDNRB4"},{"path":"textures/entity/hive/hub/arcade/cakestand/single.png","key":"3AQISRQVUUJ2VSA5KJFVN6O3OVXDZFPM"},{"path":"textures/entity/hive/hub/arcade/couch/green.png","key":"4A5I4UM4CJY4XBUR6XRW4LNRBOZCOFXX"},{"path":"textures/particle/hive/emote/kekw.png","key":"BYBCUMTYWMUQO7EXOIWCJPPGPRHEQ7HM"},{"path":"particles/npc/game/sg.particle.json","key":"BMC3J3PKNSCSJFY4E6VHKC6NKIGCYSK5"},{"path":"models/entity/hive/hub/arcade/sign/sign.json","key":"7XIQSMDKHGX3SRIT7ZGEFD7XCQI5Y3RI"},{"path":"textures/entity/hive/hub/arcade/vehicle/bus/taxi.png","key":"3VKWAUGDUKYQTHEGHSPA4A5MMDGBZ7SY"},{"path":"models/entity/hive/hub/game/hologram/digit_1.json","key":"TVPIX4TLCXT46BW5QHE6NQS2WUUTTAUR"},{"path":"particles/emote/smirk.json","key":"GVXB4AO6MML5SATAV3VX7QB6QEM455DS"},{"path":"textures/particle/hive/emote/confounded.png","key":"N6ZMCTUIDN4XZPUMZXYK5IUJ3UXGMOYE"},{"path":"animations/hive/hub/game/build.json","key":"ZH3I7S4GHVHUD7322TPWZICJ6PCS5AGI"},{"path":"animation_controllers/hive/hub/arcade/laser.json","key":"2XJJJYTHBBCTEEVQJOWBXA2YLLSV6HOM"},{"path":"entity/hive/hub/game/ctf.json","key":"KKQZ24PAGBJ44CNBJCPHPL5T5F63Q5UZ"},{"path":"particles/emote/cold_face.json","key":"6ZFBWMGFORSKLEBTZ4IGEABLTEWBGDJG"},{"path":"animations/hive/hub/arcade/portal.json","key":"T2LKSMI5XXEGJPSNOIE57BZ3Z4HELE4F"},{"path":"textures/particle/hive/emote/dizzy_face.png","key":"ODAMCD6HXI36DLMAN3PVDV6LF6KPGM7A"},{"path":"particles/emote/smile_tear_burst.json","key":"VVCEKDIN2WM5TO32N3MVBCJTBQXKI5GX"},{"path":"textures/particle/hive/emote/robot_face.png","key":"XRQP3P2ML6VKE7L5CPKAWYSFWOIP2DO7"},{"path":"animation_controllers/hive/hub/arcade/microphone.json","key":"HRSMUME5W4RH2OL4IMUPWLB3GDSBBPTE"},{"path":"particles/emote/sick_burst.json","key":"MNERQ4L4OXYBSWUVE5Q4K4RAZB2Z3EHJ"},{"path":"entity/hive/hub/arcade/station_sign.json","key":"5HDTNNSJNOY7JT6PS64BPCAFAESZEO3T"},{"path":"textures/entity/hive/hub/arcade/clerk/robot.png","key":"BTOMMEJJCSELJETQVH5BABMMPRRL4HGE"},{"path":"textures/particle/hive/world/fall/leaf.png","key":"XG24LZOY7BWSTMSAYVFZYR3QF3ALPC3F"},{"path":"textures/entity/hive/hub/arcade/clerk/human/green_tie.png","key":"UZ3KHE5JJJLBJNCQLKGXPX4NO3PI3OPC"},{"path":"models/entity/hive/hub/billboard/cubee/frame.json","key":"YAEFDRXSVWZPEDQMQ77GFVONE5FX6O37"},{"path":"render_controllers/hive/hub/arcade/clerk/human.json","key":"5755Q3SZ635YGOUVCEP2AU5A5ZTDXHPU"},{"path":"textures/items/hive/hub/pet/egg_alert.png","key":"J3HSIYDGPRX5Q7JTUBQG3DTAV2ZTUDA6"},{"path":"animation_controllers/hive/hub/arcade/checkpoint.json","key":"E7FCECDKAN5AVP2HQMX5QR6JUY2FQDJL"},{"path":"textures/entity/hive/hub/game/build/male.png","key":"JAJVGTDULX2ESBO6Q2NKGF2WPKEUJDDW"},{"path":"models/entity/hive/hub/arcade/elevator/door.json","key":"FXL2YCIR5MHISDCI3TAUKJWUJDIGL7CT"},{"path":"textures/entity/hive/hub/arcade/dj_booth.png","key":"IZH5OXZUYTMWHZAR56NAOJTSOF7IHUAZ"},{"path":"particles/emote/thinking_face_burst.json","key":"3C5JGOQIYLKCLHTOERY4DR75HDLW5S3H"},{"path":"particles/emote/flushed.json","key":"I6E7HW4WXFDP3UYU6GCCF47EEIMQBPBE"},{"path":"textures/entity/hive/hub/arcade/npc/alien_2/one.png","key":"BMQIDVURSJ5X36OIAGNFRCWLUEYDTWIB"},{"path":"models/entity/hive/hub/game/wars/male.json","key":"4QPZE4F3FHUHW52TSRZYYMLD7IVBYVW6"},{"path":"textures/entity/hive/hub/game/hologram/sg_plate.png","key":"QI37ANGBKI6FVYZR5OAVQ3R52R7FAFSA"},{"path":"entity/hive/hub/arcade/couch.json","key":"CMYULB2KZ7LBLOCKCFOVD2SWMPETNWRW"},{"path":"textures/entity/hive/hub/arcade/npc/alien_1/two.png","key":"MHMZS6UXD3GPTW7N7TQOFDZA7KAD2BE5"},{"path":"models/entity/hive/hub/arcade/mailbox.json","key":"PED6PLEYIZKW5DBDWNJHHAC2W3Z7WGYK"},{"path":"models/entity/hive/hub/arcade/clerk/human.json","key":"F353IDZMQV3FTP2UBSWIWLHAYI6UM5M7"},{"path":"models/entity/hive/hub/game/hologram/plate_ground.json","key":"DA3CMYNX4UCR2ZI6YHHUV62OXWIXBIRA"},{"path":"render_controllers/hive/hub/arcade/npc/alien.json","key":"VIMM6VVBJMQMUBYJWN5EJR6MSCSV2WH4"},{"path":"models/entity/hive/hub/arcade/portal/layer_sky.json","key":"UUS4ZIEWDCQBGEBLVLZCACGNZKAZTDNL"},{"path":"animation_controllers/hive/hub/arcade/stage_lights.json","key":"VO73XVMBYUOMDBJHUKULNYCJVOTBC5D6"},{"path":"render_controllers/hive/hub/arcade/npc/robot.json","key":"N3LH4MOP6LIJWOZ56AI3ZLOGKYBQPJON"},{"path":"entity/hive/hub/npc/locker.json","key":"P3RT5P4KYQDZDBVQKNL3X4CZVJV3BCS7"},{"path":"textures/entity/hive/hub/game/wars/female.png","key":"J7J6YHRYWOGACI5NHPB4SF65I6A5K6DH"},{"path":"animations/hive/hub/npc/animals/deer.json","key":"LBNYRUDYZLZT4U4MIJLC3ZBJ4YIKG7ZQ"},{"path":"textures/entity/hive/hub/arcade/security_bot.png","key":"FUCIB77G4D6LKNF42MQOMVTACFZZ4PAE"},{"path":"models/entity/hive/hub/npc/locker.json","key":"IC5CNC5JKNUFHBRG6CAYWQPMAJJOUFE3"},{"path":"animations/hive/hub/npc/animals/owl.json","key":"AAPZXQTIZXXKUOQOU4AL7IAP5D7KVGZ2"},{"path":"animations/hive/hub/generic.json","key":"J7DUU4QVSSCLQ5P3AU7ICFPYHNHEPBUS"},{"path":"animations/hive/hub/arcade/stage_lights.json","key":"MZJ2SQJKAMGA4KDVWZFP4VAO4ILEPUFT"},{"path":"animations/hive/hub/arcade/pressure_plate.json","key":"UJ2MPS4MKOH7FT75TSONVWMFC3L443U4"},{"path":"entity/hive/hub/game/build.json","key":"7JDJC4O4DJWMSQZR5GQ4EHMC7QWPU5NH"},{"path":"animations/hive/hub/game/kits.json","key":"T5QBTH7XJN5I5TA3DEYL24DXSGZPWFNB"},{"path":"textures/entity/hive/hub/game/drop/male.png","key":"6ZQAS3RL6Y7QGS3BC2VQWXOH6ZC6LAXE"},{"path":"entity/hive/hub/arcade/floating_platform.json","key":"LOEUFOBPS7KBF7PGMVVLLTB3NDQGPY7O"},{"path":"textures/entity/hive/hub/arcade/npc/human_2/one.png","key":"FAHI5FLKFW3PYZBXM3ES7J2TLUOAMW5U"},{"path":"textures/entity/hive/hub/game/hologram/digit/5.png","key":"TFIJCBQ2A7K6PQK2BIB62LE5SYNZP5DC"},{"path":"particles/emote/raised_eyebrow_burst.json","key":"4R33NX7OJ433UIVJPHDJGNGRTPN2MP5G"},{"path":"particles/emote/vomiting_burst.json","key":"RXLVTXEWIWOLPIUKUODW7RG3H2TBKZNU"},{"path":"textures/entity/hive/hub/arcade/parkour/start.png","key":"UIGGS22RTQKX6LGQMAWP7O3RDSZC34YF"},{"path":"textures/entity/hive/hub/npc/locker.png","key":"JVWBO7FNZ2Q5ZCI2CCHHFGZFLHCR4QYQ"},{"path":"models/entity/hive/hub/arcade/npc/human_2.json","key":"3MXT77VO6ZWEUS4FDRB5RZAUCFYHZMMO"},{"path":"particles/emote/mailbot_burst.json","key":"TXCGZWHQHVLCTOFLDMIHOZY5CH757M2I"},{"path":"models/entity/hive/hub/arcade/security_bot.json","key":"ZULFPPOOC3VOPM22CPCNBCPCKGQN2VD2"},{"path":"textures/entity/hive/hub/arcade/portal/frame.png","key":"5WEIGVN4ICKGLLZRSLL5Q2N6OPDWNDFK"},{"path":"animation_controllers/hive/hub/billboard/cubee.json","key":"KYP5A5GOWY3NTT6AV54MQ5UFJJTBRDID"},{"path":"models/entity/hive/hub/arcade/parkour/start.json","key":"SWQCRNNXOCG3WVRKFU6RGXKSQ4PXS4LD"},{"path":"animations/hive/hub/npc/region.json","key":"4VZJ6OPQFCVIIK3IFFLI5IHJJ4F5SWOM"},{"path":"animation_controllers/hive/hub/arcade/monorail/engine.json","key":"U56TDKXLV2E3HJUVMT7BONVMGQ7RQT37"},{"path":"entity/hive/hub/arcade/dj_booth.json","key":"KIMR3YQYVS53BAPSVCYH3SKX4FHC27DW"},{"path":"textures/entity/hive/hub/arcade/table/small.png","key":"HFLNHG2CIGMC7532DYKJGADQDL6VHEZB"},{"path":"textures/entity/hive/hub/arcade/vehicle/car/green.png","key":"SY4OMPUMHY45OMGP776LI5SNL2BYADG5"},{"path":"textures/particle/hive/arcade/ad/test.png","key":"CDCCACISHWUW55USSA4JIFSTXKYCRXTZ"},{"path":"textures/items/hive/hub/compass.png","key":"NL2TGCZXTXKUCCI346YLAVSQ5SYJFZAY"},{"path":"particles/emote/thinking_face.json","key":"WJXN56NQWRAKTGIPLNUHFWP7IEM3BUKO"},{"path":"animation_controllers/hive/hub/arcade/hive_sign.json","key":"UDDEUGV7AJMDNMHX4LUUUIULDKETX5EH"},{"path":"particles/emote/kissing_heart.json","key":"3AS2YK5YJGSQV5CZJTZEPVJMXRJSBGDP"},{"path":"particles/emote/nerd.json","key":"B3TRJ4IGJ3UEZUMTPOXDDJIMTFJWC2QR"},{"path":"textures/entity/hive/hub/game/hologram/build_plate.png","key":"ZWBRN5H5D6DB4E3R233OZILG6UQJH7FD"},{"path":"models/entity/hive/hub/game/hologram/plate_generic.json","key":"SOBUEMZUM5KX7ZQEJ2T4KEJBGGNNJ6OI"},{"path":"entity/hive/hub/npc/animals/deer.json","key":"XNW35OOQVV6YT36CMD66DG3BDVJDOMPT"},{"path":"particles/emote/eyes_burst.json","key":"GQGWQYN3FLAA7XI6CTJBJD3KND7RCELV"},{"path":"entity/hive/hub/game/drop.json","key":"YEFKLE7SAK5KDDGTV6DHULCOQYQ4KSPW"},{"path":"models/entity/hive/hub/game/build/male.json","key":"N3OGDLHKUQOOIEM7DRMR7UQUF4O6YYP7"},{"path":"textures/particle/hive/emote/shocked.png","key":"PC74L2FTB4Y2GT3GCYZZZPWBEXLDBSFM"},{"path":"animations/hive/hub/arcade/duck.json","key":"SZYBP7J3OURI6BGHTCNEIDGXHPWFIWYG"},{"path":"textures/entity/hive/hub/arcade/drink/blue.png","key":"NBQT7Z6WCOVYB5XSPBGQBYATAF4YLZ5Y"},{"path":"models/entity/hive/hub/arcade/soccer_ball.json","key":"ZD5LU7XNL62H73BDCQA4ZTBUUHJGSUP3"},{"path":"textures/entity/hive/hub/arcade/microgame_terminal.png","key":"AWWNXG6E52DPRREWJ34V5YNT624NBJAL"},{"path":"materials/entity.material","key":"G4KZ4CPDMAB4PUJGOP2DSMHAFIP24KXY"},{"path":"render_controllers/hive/hub/game/male_female.json","key":"L2PBSQO5SQUEGS32DQO6C57BRCG2JZW2"},{"path":"textures/particle/hive/npc/plus.png","key":"XCAUJCFFXR3T7JBZAJGG5WNRMP24JYSG"},{"path":"entity/hive/hub/arcade/elevator/door.json","key":"WAV3WNQGW6GYWBB77J5Y2BPHF3KRDAOF"},{"path":"textures/entity/hive/hub/arcade/duck/yellow.png","key":"VEMZ7USLZQYVMHWZADNL2QXB7SLPGMBA"},{"path":"entity/hive/hub/game/bridge.json","key":"2RF5VT333BEIJPFTQ6TXX2LHTIPKANIL"},{"path":"models/entity/hive/hub/game/sg/male.json","key":"CPGEC4TAT3EWIUY6STF4HWZHTWSIPSHA"},{"path":"render_controllers/hive/hub/arcade/elevator.json","key":"BW6ZDQPARQRJSABFNRRDMJSKUTDHYXFG"},{"path":"textures/environment/clouds.png","key":"TX6Z624REWK23T3ZVVP3GIN2N2VULPS2"},{"path":"textures/items/hive/hub/pet/egg.png","key":"KDA6X4APH6V4MMANT3LXKPBKSWVYZQQ7"},{"path":"particles/npc/game/snow.particle.json","key":"ZSPYGYWHKJBYHL4P3HJBBP5VJWIZS3QP"},{"path":"entity/hive/hub/arcade/npc/robot.json","key":"NV3CQOO7BNTZ2MNFYQIOLHTKVQZMFISV"},{"path":"particles/npc/game/dr.particle.json","key":"WQZ5YMS3TPDDJYD7LHODMEUM2RMCC5PU"},{"path":"models/entity/hive/hub/arcade/mailbot_collectible.json","key":"PAJ3Z4P4XRKZUMB2PKY7CJBWTYWMHJIN"},{"path":"models/entity/hive/hub/game/hologram/plate_bridge.json","key":"5QYMHPHORIDPPYKQOCSVZERBRZDWR52G"},{"path":"particles/emote/joy_burst.json","key":"ZXVYBIO64FAYFBCKPSP4S6JDJ7FR2FXE"},{"path":"textures/entity/hive/hub/arcade/platforms/purple.png","key":"JXDKNPP7M5IRMNBOUB3NNFI2HUCY6GLJ"},{"path":"render_controllers/hive/hub/arcade/microgame_terminal.json","key":"YR57BYDRPDQWCT7AJ7OXPRBOU552G33V"},{"path":"animations/hive/hub/game/gi.json","key":"ONWR2FPN6N2GVQUI4ZSGS57JZRLRGHAI"},{"path":"animations/hive/hub/npc/postbox.json","key":"OCVW66SM3L52IOXLE3QZGBCT6BD3HGIY"},{"path":"models/entity/hive/hub/billboard/animals/frame.json","key":"JEIXZFRMTRLYDRF62TNXKH2PYHV6UN3Z"},{"path":"textures/entity/hive/hub/arcade/parkour_finish_zone.png","key":"4DO3XMTA23GUWMSY2CYMFGZBLWOUZKQI"},{"path":"textures/entity/hive/hub/npc/plus.png","key":"4YPIARC3ZD47QQHIOJJUAEL6JFVRNW5R"},{"path":"models/entity/hive/hub/arcade/vehicle/car.json","key":"4VIP6QT6O4G4PBEI5BNXGGQBX5VLIM5U"},{"path":"render_controllers/hive/hub/arcade/station_sign.json","key":"NYIJ4CSTY4UYZPOQSWRD33PDYRBCJ55W"},{"path":"textures/entity/hive/hub/arcade/couch/pink.png","key":"P4WLJPBLHJR2I5UOVZCXSZDJXRGLZRUS"},{"path":"entity/hive/hub/game/hide.json","key":"LYK5IDEFZWM7EWMNOPM6LX7ANWMVBMZT"},{"path":"textures/entity/hive/hub/arcade/checkpoint.png","key":"EIPSEY3EROEJV7RCF6OIW36SQAPU2PSS"},{"path":"textures/entity/hive/hub/game/hologram/gi_plate.png","key":"J3FIAAPZWHK3W7LKQ3FBSCXGIJXU5RBN"},{"path":"models/entity/hive/hub/game/murder.json","key":"6RRJWACZX6CDZPJNS2OM2GMWVBQNIYVW"},{"path":"animation_controllers/hive/hub/npc/plus.json","key":"VUZIPEVMZQM3RA66BQ4INHNKA3XBCRA5"},{"path":"animation_controllers/hive/hub/arcade/speakers.json","key":"R7ZFGV3AVU3PKAGRR2TSEPGDWJ3UJIFO"},{"path":"entity/hive/hub/arcade/npc/human_2.json","key":"HZHUIEL3MHEGJIMV5TNDGTG47SPTCSCV"},{"path":"particles/emote/shocked_burst.json","key":"4WTIQWCD3GC6HXGJ2B2HKU6QFXSESZUG"},{"path":"animation_controllers/hive/hub/npc/animals/deer.json","key":"M7DUQ7ZNO6DQYCC254IXKTNC4OCOJG43"},{"path":"models/entity/hive/hub/game/hologram/plate_snow.json","key":"OI4MJQQ3X6QU2QPJMDWMF6C6KKYIYQOB"},{"path":"textures/entity/hive/hub/arcade/portal/layer_foreground.png","key":"HZRYBUMAWE2N7PGTIZCE3RPONQFDVBHT"},{"path":"animation_controllers/hive/hub/arcade/elevator/door.json","key":"FDHYOQ2HVJ3UFTQ2UWOGBCUPX3XQZBCZ"},{"path":"entity/hive/hub/arcade/platform/moving.json","key":"WGUNMK5CLZPCUEQ7BAWA5YKBWI4T77LR"},{"path":"textures/entity/hive/hub/game/hologram/digit/6.png","key":"ROE63GUIQ3TY3AN3RGFE46KFN3MVQTWU"},{"path":"textures/entity/hive/hub/game/kits.png","key":"7MMING24VDLC7VGOLGGZFVAKDUQQD5LB"},{"path":"models/entity/hive/hub/arcade/cakestand/single.json","key":"5VQZFQGU6AETQVQAESSNETT5QFADPH2W"},{"path":"particles/emote/gg_burst.json","key":"PIGSXPX2GN2QEJPJ7X6MFSVQDUAIXTWR"},{"path":"particles/emote/nerd_burst.json","key":"XF2ZTSQU5UTNPBCSUCCZMAOZAHKD53FK"},{"path":"textures/entity/hive/hub/game/ctf/male.png","key":"CV2GV5LUYPPDD7I2YSSDWIIAUYJ3TGJ3"},{"path":"models/entity/hive/hub/arcade/search_light/beam.json","key":"CUITKD7UAZQOZFA4DKXYI7VG2XYSAMCE"},{"path":"particles/emote/robot_face.json","key":"RYC3BY4KMWIJTUHOFGVJV6ONSI5V473X"},{"path":"textures/particle/hive/emote/sob.png","key":"ITWXIMWAPFLGOJ5XCAOOR5J4VPZLJJ4R"},{"path":"textures/entity/hive/hub/arcade/clerk/human/yellow.png","key":"IKEJGQ7JCJIMGYGPTO2RAEKB5CDDWACZ"},{"path":"entity/hive/hub/arcade/fan/floor.json","key":"BUD6QOFEUCULF34KLEQN6X56D7CEVIXQ"},{"path":"particles/emote/pleading_burst.json","key":"YG6OLJISEGBVMHXA2SK4QWIV7YMEZR66"},{"path":"animations/hive/hub/arcade/microgame_terminal.json","key":"MT576P2VZGHZ5TINVTUJ5NDKGNRZMGRH"},{"path":"particles/emote/joy.json","key":"VRRFML3YMGJHZMY5O33FJ3IGANUHY7HX"},{"path":"textures/entity/hive/hub/arcade/vehicle/car/gray.png","key":"OCVRLT4FK4S5NIE7LNH5Z6WR2ONTLOSO"},{"path":"animations/hive/hub/arcade/vehicle/car.json","key":"HEZEKFF6Q23H5ZAK5IOTLAFAYBERIXT5"},{"path":"entity/hive/hub/arcade/npc/alien_1.json","key":"XJMWB4ISTEYAUMDNSIHFUMGKZ63CENOO"},{"path":"entity/hive/hub/game/sg.json","key":"3LKDPNEBETL6AOHZMJISRGB7LIDOHZUO"},{"path":"textures/entity/hive/hub/arcade/clerk/human/blue_tie.png","key":"N3G5FVWKNIZB7ZFWQYI3WYHRMKWBQ3CE"},{"path":"animations/hive/hub/arcade/elevator.json","key":"LUQ3FZULCFYXCLF365C6YCES35GTPZ7W"},{"path":"models/entity/hive/hub/arcade/npc/robot.json","key":"GUPSU4MTP4X4IY45RRUQDMVBGOCTMQOP"},{"path":"animations/hive/hub/arcade/fan/floor.json","key":"EUY4DLN67GSQIADELBKTSWQHB4ZQDTKX"},{"path":"models/entity/hive/hub/arcade/parkour/finish.json","key":"IHC6CNF5CYHCYNR5FFDTBO7DFYWM24G7"},{"path":"models/entity/hive/hub/arcade/portal/layer_background.json","key":"V6EZSVJRIQHPVIF3V7K72DVCQOJP7CAS"},{"path":"entity/hive/hub/npc/animals/bear.json","key":"46OJOXU4AWNH574J7EYTGSUNBUJIOGWE"},{"path":"particles/emote/zany.json","key":"YJUBXP7V4QNISYYBYPXPZ767VSCXSA32"},{"path":"entity/hive/hub/game/sky.json","key":"TQT2OPDO3REBIDANUNJOA5PJ2OANZIS7"},{"path":"particles/emote/stuck_out_tongue_burst.json","key":"AIHOQ2F3ZFAW272KL4KFUQZFBXNKAGSZ"},{"path":"textures/entity/hive/hub/arcade/station_sign/sign.png","key":"HBGY2TY44VPX5WCHPPRENPBSCYQJEQYY"},{"path":"models/entity/hive/hub/arcade/station_sign/text.json","key":"XL34ZQ5QNGECRIKRYUEIPUNHZ3WN4XHB"},{"path":"textures/entity/hive/hub/arcade/vehicle/bus/blue.png","key":"E4GD4MBRCPER3CKP5GI3TE4DFBUD4OY5"},{"path":"animations/hive/hub/game/dr.json","key":"22XW3IEVMY2HDJDPBFSR6DD3P5ZU4BVR"},{"path":"textures/entity/hive/hub/arcade/npc/robot/blue.png","key":"UYU4CK2DXVG4E5SBLJA2JGUEKAYQEASN"},{"path":"entity/hive/hub/arcade/platform/disappearing.json","key":"YHK3ZFTQ3QPT4AAJEFHUAZND7JZR4TC6"},{"path":"textures/entity/hive/hub/game/hologram/sky.png","key":"GVMTAHPKVRGB4O6QDNDVAVBMQONONSJC"},{"path":"models/entity/hive/hub/game/kits.json","key":"LOVD7XQSVYHCZGMF4JJ7MGAQDTVPCMW4"},{"path":"animations/hive/hub/arcade/monorail/engine.json","key":"VCCZVY7XCNL5PQBBO5OPDLWZFIESZFVL"},{"path":"models/entity/hive/hub/npc/region.json","key":"RR4HAQRCHZGDN5A7MDVAH5JJ7XKKEQKM"},{"path":"textures/entity/hive/hub/game/hologram/sky_plate.png","key":"DV2PWVM3TZLBPGWMJETBBBZXDDVWJQSM"},{"path":"textures/entity/hive/hub/game/gi.png","key":"EOPA6IRNDH6NWQBHLM7KKPVWC5ZZR5E4"},{"path":"textures/particle/hive/emote/sweat_smile.png","key":"IZOAGVLIBLKJRK4ESJF3WXHGG7ZL4JJ2"},{"path":"textures/entity/hive/hub/arcade/chair/pink.png","key":"3MZRLZRRLITIBQI72VYPILF72PEYL6RE"},{"path":"animations/hive/hub/game/ground.json","key":"RHPOB4WWNAMAUVB34ND5GKRH4V46BESC"},{"path":"particles/emote/rolling_on_the_floor_laughing_burst.json","key":"54FHEYVHIX55HTYAU52Z55XL2TRRBTSS"},{"path":"textures/entity/hive/hub/game/hologram/ground.png","key":"ETB5VRZA2ATGEZO4XDKUYVGXJYJ3V5LP"},{"path":"textures/entity/hive/hub/npc/region.png","key":"FW5ZYWY32WHIDRCPZCXBZECD3TBGUNTD"},{"path":"particles/arcade/ad/ad_test.particle.json","key":"3DN6WS62A7KIDGBJT7X3FCN5ZGBAXYVU"},{"path":"textures/items/hive/hub/friends.png","key":"YXERXRVKGXDOGGTJH7PZ3RKNXNGAPQQV"},{"path":"textures/particle/hive/emote/joy.png","key":"ABX6USEVFT5XMHY7MAMZVUBPP7PGY66N"},{"path":"animations/hive/hub/arcade/checkpoint.json","key":"REKTNJMX747LAPNDCUZN6OMW2JNSDGKC"},{"path":"entity/hive/hub/arcade/drink.json","key":"Q4EFABHH3RM27YLM5R3GOTCEMZQTJXV5"},{"path":"particles/emote/cold_face_burst.json","key":"LOIJBMNBJS43WOLRZCXQW4ZJJHTRAUTZ"},{"path":"textures/entity/hive/hub/arcade/fan/wall.png","key":"QJRGJITJ5K2VVNTHCNBTY3BGF54RWLXZ"},{"path":"models/entity/hive/hub/game/gi.json","key":"6AT2G27SORMBV7KASJWNO5GJHYXI2XO6"},{"path":"textures/particle/hive/emote/blush.png","key":"Y7RNKVVPN3JX22JK5GN2NJPK7MFQPNQA"},{"path":"entity/hive/hub/arcade/table/large.json","key":"EMR52SUP4QR4NLXIQKPOJLDQARQHG3S5"},{"path":"render_controllers/hive/hub/arcade/checkpoint.json","key":"YXFFANAO424JMREFOBH2G7F2NQLV2MKL"},{"path":"particles/emote/vomiting.json","key":"ZMZOX3TPBYWSFYFNRV2ETZ2JKSEHIDER"},{"path":"textures/particle/hive/emote/expressionless.png","key":"7TZB4MP3YOEBRCHPYG7BU5DGUNFFQAD4"},{"path":"models/entity/hive/hub/arcade/search_light/light.json","key":"6USP2F7CLAB4M3QJQWWCRJEOCXLJWK7T"},{"path":"animations/hive/hub/arcade/mailbot_collectible.json","key":"Q6RKKDA4X7KEX2ZD7MB6ZDN2RCU3MNUI"},{"path":"textures/particle/hive/emote/sick.png","key":"4USHXWP74TACQMSPHXGMYINOGQ3XZW57"},{"path":"entity/hive/hub/arcade/clerk/robot.json","key":"K2XGN6KACJIHXGBLD3N7DWJFZNX3UCF2"},{"path":"textures/entity/hive/hub/game/hologram/snow.png","key":"4GQJDGEDN5OV5UOSSJGX4NCE7HH6JJ2Y"},{"path":"textures/entity/hive/hub/arcade/mailbot_screen.png","key":"GW3KKJOTIGCEY45DSCTYD4L2ELXMZ46R"},{"path":"textures/entity/hive/hub/game/hologram/ctf_plate.png","key":"G4WY6IBYTDQ7IKYSQXQU4PIUGHGRJ2WK"},{"path":"textures/entity/hive/hub/arcade/soccer_ball.png","key":"RMJ4C3OEILJWSCTPLVVCII3YL4SD3433"},{"path":"textures/particle/hive/emote/sleeping.png","key":"F47WT266O5BR3UBPVA2RLZ5LVZGYNKHA"},{"path":"items/hive/hub/pet_egg_alert.json","key":"WJE22Z465H5CWCQVAI5UNWTHCXA2YQDS"},{"path":"particles/emote/dizzy_face.json","key":"IDNCQU4WUSM5LIHVRUF346JRLMVBXRGP"},{"path":"render_controllers/hive/hub/arcade/couch.json","key":"JI37NBZLTHZKX7A5BI7VBG7R2HYLOW2A"},{"path":"animations/hive/hub/npc/animals/hedgehog.json","key":"HVUMJ4DXYS4MXE5FT7KNNJUEG2YNUPEM"},{"path":"textures/entity/hive/hub/arcade/npc/robot/purple.png","key":"YJDJWQZ6RBYMK2XCCIWNTPK3FYT6JHWA"}]}