{"content":[{"path":"animations/hive/sg/launchpad.json","key":"TMXET66VUDDIUFF7IVRKHE2FSUJGL7H4"},{"path":"entity/hive/parachute.json","key":"4UOBTOZID44EEUU3YO4YND7OFCHAA52W"},{"path":"textures/hive/launchpad/regular/futuristic.png","key":"SHKIV33WB5IWOCMTTBN5QA3545VBSZBP"},{"path":"sounds/hive/crate/open.ogg","key":"SDBLV5EL5NFCPOQS6UBYPEMBDASGCNXL"},{"path":"models/entity/hive/sg.launchpad_vertical.json","key":"3ZDAQPICMPX5E2GBJODA4FYFRFOORD2E"},{"path":"textures/hive/particles/flare_smoke.png","key":"7JYWH56NTAUDVHXNMJA4HM72HNXZN4MB"},{"path":"entity/hive/crate_marker.json","key":"4AAWJVB6RBGWVYNCEKWGORCCS7EDENAZ"},{"path":"items/activity_sensor.json","key":"XDVGLAMNOB5BU5ZMWFE332HFFO5WMKM7"},{"path":"sounds/sound_definitions.json","key":"ZQBWUI3L66BIFD4BCUO3ON64SN3XIIF5"},{"path":"render_controllers/hive/default.json","key":"XM5ZX5WC6ET2PGLDJBXGJ5VDZEGGNKKG"},{"path":"entity/hive/teleporter.json","key":"7XTVSKDX5RWR5CAUGDYN6SSU5PCFOMAY"},{"path":"entity/hive/launchpad_vertical.json","key":"TZRO52LV44YL3DMTS4AMQM3FS6VEEZYF"},{"path":"items/activity_sensor_off.json","key":"QIJZSNWFO53H7SOTCYKHYQDTECJHPVPP"},{"path":"textures/hive/cow/blue.png","key":"JSWAGRFOZSPZN4US3NZ5377LLGOQYEGF"},{"path":"textures/hive/items/item_activity_sensor.png","key":"DKSCVVKSUQM7GZNAING5YUTLDTPBPV64"},{"path":"render_controllers/hive/sg.teleporter.json","key":"6JPDWHJXK5GGARGYQYJG7U6L6ZFUFOLI"},{"path":"sounds/hive/crate/land.ogg","key":"5QJJ6BMH7QJGZHZKW2UDP54Q73ZUWASF"},{"path":"particles/hive/sg.crate_marker.json","key":"24GLSLJMSMISEV54KNH5CO345FGJIHZ7"},{"path":"textures/hive/launchpad/vertical/futuristic.png","key":"CPVSU4T5MIHXSUC7SL6ACZH6NQQTY5ZY"},{"path":"render_controllers/hive/sg.launchpad.json","key":"D7ZR2YQVRZZJKZCFPJJ5GPX2KCXSO2E2"},{"path":"animations/hive/sg/supply_crate.json","key":"I6D2B3PH6PH3FEL37Q53UFLBVHLFJTB4"},{"path":"models/entity/hive/sg.parachute.json","key":"YWLZYY7IT6G2CAWUCOXSOYW52VQTVCFK"},{"path":"models/entity/hive/sg.supply_crate.json","key":"XDMVCI4XDIWTMBDHI5GTQOUOJZOWUO4H"},{"path":"render_controllers/hive/sg.crate_marker.json","key":"RC5CN3SIBPX3W4A6LW5HTL573NVR4MAE"},{"path":"animation_controllers/hive/sg.helicopter.json","key":"552BGDDFZ3QUIAEG3GZPFZN3AGYDKWBY"},{"path":"entity/hive/cache_cow.json","key":"YORXSOLZBXS6R5PCDTMB4XODL64GZUAC"},{"path":"textures/hive/parachute.png","key":"M5NHU2CNCDTHO7PQHFCLH4WNKI7QP2RG"},{"path":"animation_controllers/hive/sg.crate_marker.json","key":"FJZSCTKRI2QNC5BG5BEPGPPN4LIX4UGX"},{"path":"textures/hive/teleporter.tga","key":"SWFS2N2NITYNXSGVUV25WHL2O43ULCPA"},{"path":"animations/hive/sg/teleporter.json","key":"RH6AFREPAFXI47H5THOSIWLBIP7BL6Q4"},{"path":"entity/hive/launchpad.json","key":"O7TL76Y2YVQSJO4WYY7K3ON2L74JQILP"},{"path":"animation_controllers/hive/sg.teleporter.json","key":"ENQYX7YA7GDBYYJG7SN67AICDYVLAQMU"},{"path":"animation_controllers/hive/sg.parachute.json","key":"4CZHUW3JAKJUVSDD2OCNRYX7HVC2XP52"},{"path":"render_controllers/hive/sg.flare.json","key":"4HMLUV7OP7KTCFLTHZ5OHCR64ZFTI7EJ"},{"path":"textures/item_texture.json","key":"UU4FZ6PJFHA45Y7W4CAH2TQPSV2B2WS3"},{"path":"particles/hive/sg.launchpad_steam.json","key":"MRIIOHKWQYOXXG4C2VAZRMGYMC4MXYHY"},{"path":"textures/hive/supply_crate.png","key":"YIGVO6OA4FLRF65WFKE3HVXSP7OAKPGS"},{"path":"models/entity/hive/sg.helicopter.json","key":"AOEJE6KEPNY5HQMFPTMM2KO7MDAOYXA7"},{"path":"animations/hive/sg/launchpad_vertical.json","key":"TLGYXCWWCQOYH6ASPMVBBV4BKI2XNYFR"},{"path":"models/entity/hive/sg.launchpad.json","key":"I7KXUXW4E4DJXTMNVHGUPIUT6GAJ7DUQ"},{"path":"textures/hive/launchpad/vertical/medieval.png","key":"JHKV7J24OSESCBFHQGPRLPJQRM3AGL4A"},{"path":"animations/hive/sg/base_pose.json","key":"RIMGAEXBRBOSW3DJ5SB26VQ2CMWUK6K3"},{"path":"textures/hive/empty.png","key":"27VKM2UNMIDCEFQ2ELKUKOGCAZ35MIYU"},{"path":"particles/hive/sg.teleporter_active.json","key":"64HKSQCGZRMF7ZOIVB7SJKVJVYD6AKSA"},{"path":"textures/hive/cow/gold.png","key":"AOLEZSFIKDZVZVTKXTS6EUESYQEFLRUL"},{"path":"materials/entity.material","key":"Z6QURE4SKL75RWS4L3XKDVBY4VJS226Q"},{"path":"particles/hive/totem.json","key":"LQCXAXS3E4G3O3OREOXBKZY67YHKN3SE"},{"path":"fogs/hive/mobius.json","key":"2KOCX2HFAOY4ZZZ3SSNRBY7LMOV2IYPB"},{"path":"models/entity/hive/sg.flare.json","key":"5IYSKLIP4CHSC5WVD6TRDLN6QS2JXZH4"},{"path":"sounds/hive/flare/throw.ogg","key":"7RDRXCXLWJLLEMSY7KCKF25K6XNQA2YP"},{"path":"sounds.json","key":"MCY6A4GZ2TW6C2PPZV2NG5ZQ5PUCA3L2"},{"path":"sounds/hive/launchpad/normal.ogg","key":"4O4ZMM3PXG47EWEHMB42HRBICPGAKALB"},{"path":"animation_controllers/hive/sg.flare.json","key":"VQMMMWZGM44DX5YH67E3EG7NXZA5UFFZ"},{"path":"render_controllers/hive/sg.cache_cow.json","key":"XS4R4E25HHHPGKQAGCRPFTVHEB6LUOLP"},{"path":"items/flare.json","key":"TS2B63JZ7BXKMDCUOMESODNNIRRTN6EK"},{"path":"render_controllers/hive/sg.helicopter.json","key":"IFAZNRA4ETZPXBVQV6XRPG4MD2A23FRQ"},{"path":"textures/hive/cow/red.png","key":"NTONM42VGY37VQDK3YUFGTBJE2QCN4AZ"},{"path":"entity/hive/helicopter.json","key":"M5WU325H7V4FGAGW3NATMSTLWCDOOBTN"},{"path":"models/entity/hive/sg.crate_marker.json","key":"6K6YQDDUGP6S4I7UPU6CXZUCZRLZ2RKQ"},{"path":"entity/hive/flare.json","key":"AUEXELYARCWFYZEAAVCVHDUKTR3KSVPM"},{"path":"textures/hive/items/item_activity_sensor_off.png","key":"3YD2HAP2TR6QQ4BP35LJM2CXBG3DROHP"},{"path":"models/entity/hive/sg.cache_cow.json","key":"Q3VTIRTZQRZNRFY7QTYOZSKRJLRMZQAG"},{"path":"textures/hive/cow/green.png","key":"5ZOQVUGZIINAMJQTYS376G25C3LKLUMA"},{"path":"animation_controllers/hive/sg.launchpad.json","key":"J4S4D6GH22KAWT5WQFVOLWVJVHGTRJZE"},{"path":"animation_controllers/hive/sg.supply_crate.json","key":"O3HRWPKVEINKJU4FWEG7MMT5ET7PNM3K"},{"path":"particles/hive/basic_smoke.json","key":"NVLEHXOX2WNXIFTFAINUD2NUMOXZPNOH"},{"path":"particles/hive/sg.teleporter_ambient.json","key":"IQBC7XD2JNJL27F26BTGJW7T3F3WA6YW"},{"path":"animations/hive/sg/helicopter/spin.json","key":"3DJ7WOHJ7ZUVLUEUC6HV5SMGVLYE3PZR"},{"path":"textures/hive/flare.png","key":"FN7Z2WJIVJZ5IFHAK54YOBC6FVIAR6XU"},{"path":"textures/hive/crate_marker.png","key":"OGXKHTW4OBYV5DVZ77NQSNMXVXFOUQ3S"},{"path":"animation_controllers/hive/sg.launchpad_vertical.json","key":"W2RHHL4AKE7YTK3BLRP6LXOKHZZGGMM6"},{"path":"textures/hive/items/item_flare.png","key":"DR56TU6N4YS6VK5OGPVFCYJNSHWE6F5M"},{"path":"particles/hive/sg.flare.json","key":"BA7KL665GUK4GBHKV3JVPOLGVFS4UJNJ"},{"path":"textures/hive/helicopter.png","key":"X5WG7G2EQIXC4SF5UOOM6MZ5KZ4GIL2E"},{"path":"sounds/hive/activity/detected.ogg","key":"WKVOVFZSCQKTDJN63W33CRDMNYEBKRG2"},{"path":"animation_controllers/hive/sg.cache_cow.json","key":"GSQI3GFQALG3CRUJ33PPBW74RRGO7LOW"},{"path":"sounds/hive/launchpad/vertical.ogg","key":"2WAPF6XXNEXANEQ3V7EYLWB4HEJI3FQU"},{"path":"textures/hive/launchpad/regular/medieval.png","key":"HJSDQRSLSNBR6FARM3TWWFFCURF6ABKB"},{"path":"texts/en_US.lang","key":"GGOI47Y3T4FA5L6Z7GYYX3AQ53GIWO2S"},{"path":"render_controllers/hive/sg.supply_crate.json","key":"NPD7364P2P677GSOY7HI7YO2NZEASDFL"},{"path":"entity/hive/supply_drop.json","key":"RAR7SZ7CK4MV7PIDZMYMPLGWANBLKFRA"},{"path":"models/entity/hive/sg.teleporter.json","key":"2LK6QHVFT7OBIDHFYSI3A7DYVWEXF5XU"}]}