{"format_version":"1.8.0","animations":{"animation.hive.wars.bridge.builder.invader.idle":{"loop":true,"bones":{"root":{"rotation":["math.cos(query.anim_time * 100) ","math.sin(query.anim_time * 80)","math.cos(query.anim_time * 120)"],"position":[0,"math.cos(query.anim_time * 100)",0]},"antenna":{"rotation":["1 - math.cos(query.anim_time * 100) ","math.sin(query.anim_time * 60) * 0.5","math.cos(query.anim_time * 75) * 0.5"]},"fieldB":{"scale":["math.cos((query.anim_time + 50) * 100)",1,"math.cos((query.anim_time + 50 ) * 100)"]},"fieldA":{"scale":["math.cos(query.anim_time * 100)",1,"math.cos(query.anim_time * 100)"]}}}}}