{"format_version":"1.12.0","minecraft:geometry":[{"description":{"identifier":"geometry.hive.territory.powerup.golden.rain.of.pain","texture_width":128,"texture_height":128,"visible_bounds_width":3,"visible_bounds_height":4,"visible_bounds_offset":[0,1,0]},"bones":[{"name":"root","pivot":[0,0,0]},{"name":"Egg","parent":"root","pivot":[0,3,0],"cubes":[{"origin":[-9,3,-9],"size":[18,17,18],"uv":[0,0]},{"origin":[-7,0,-7],"size":[14,3,14],"uv":[42,40]},{"origin":[-7,20,-7],"size":[14,5,14],"uv":[0,35]}]}]}]}