{"hud_screen@common.base_screen":{"$screen_content":"hud.hud_content"},"hud_tip_text@hud.item_name_text":{"$offset|default":[0,"50%-78px"],"variables":[{"requires":"$pocket_screen","$offset":[0,"50%-55px"]}],"offset":"$offset"},"root_panel":{"modifications":[{"array_name":"controls","operation":"replace","control_name":"hud_title_text_area","value":[{"hud_title_text_area":{"type":"panel","factory":{"name":"hud_title_text_factory","control_ids":{"hud_title_text":"hud_title_text@hud.hive_dynamic_hud_title_text"}}}},{"notification_panel":{"type":"panel","anchor_from":"top_right","anchor_to":"top_right","$offset|default":[-5,5],"variables":[{"requires":"$pocket_screen","$offset":[-5,15]}],"offset":"$offset","size":["100%","100%c"],"max_size":["100%","100%"],"$flag_scoreboard_ui":"support.playhive.com/ui","controls":[{"notification_tray":{"type":"stack_panel","factory":{"name":"chat_item_factory","max_children_size":50,"control_ids":{"chat_item":"chat_item@hud.notification"}},"controls":[{"scoreboard_padding":{"type":"panel","$size|default":[0,20],"variables":[{"requires":"$pocket_screen","$size":[0,25]}],"size":"$size","bindings":[{"binding_name":"#objective_sidebar_name","binding_type":"global"},{"binding_name":"#scoreboard_sidebar_size","binding_type":"global"},{"source_property_name":"(#objective_sidebar_name \u003d $flag_scoreboard_ui and #scoreboard_sidebar_size \u003e 0)","binding_type":"view","target_property_name":"#visible"}]}}]}}]}}]}]},"hive_dynamic_hud_title_text":{"type":"panel","size":["100%","100%"],"controls":[{"title_check":{"type":"panel","$flag_ui":"§m§a","size":["100%","100%"],"controls":[{"hud_title_text@hud.hud_title_text":{}}],"bindings":[{"binding_name":"#hud_title_text_string","binding_type":"global"},{"source_property_name":"(((#hud_title_text_string - $flag_ui) \u003d #hud_title_text_string)) or (not ((#hud_title_text_string - \u0027§h§i§v§e\u0027) \u003d #hud_title_text_string)))","binding_type":"view","target_property_name":"#visible"}]}},{"hive_info_title_check":{"type":"panel","$flag_ui":"§m§a","size":["100%","100%"],"controls":[{"hud_title_text@hud.hive_info_hud_title_text":{}}],"bindings":[{"binding_name":"#hud_title_text_string","binding_type":"global"},{"source_property_name":"(not ((#hud_title_text_string - $flag_ui) \u003d #hud_title_text_string))) and ((#hud_title_text_string - \u0027§h§i§v§e\u0027) \u003d #hud_title_text_string))","binding_type":"view","target_property_name":"#visible"}]}}]},"hive_info_hud_title_text":{"type":"stack_panel","alpha":"@hud.anim_title_text_alpha_in","propagate_alpha":true,"size":["40%","100%c"],"layer":50,"orientation":"vertical","anchor_from":"center","anchor_to":"center","controls":[{"title":{"type":"image","texture":"textures/ui/hive/hive_rounded_corners","color":[0.29,0,0.4235],"keep_ratio":false,"alpha":0.8,"layer":51,"anchor_from":"top_left","anchor_to":"top_left","size":["100%",30],"controls":[{"modal_title":{"type":"label","font_type":"MinecraftTen","localize":false,"text":"#hud_title_text_string","color":"white","text_alignment":"left","font_scale_factor":2,"anchor_from":"top_left","anchor_to":"top_left","size":["default",20],"offset":[10,1],"layer":53,"shadow":false,"bindings":[{"binding_name":"#hud_title_text_string","binding_type":"global","binding_condition":"once"}]}},{"modal_title_shadow":{"type":"label","font_type":"MinecraftTen","localize":false,"text":"#hud_title_text_string","color":"black","alpha":0.21,"text_alignment":"left","font_scale_factor":2,"anchor_from":"top_left","anchor_to":"top_left","offset":[11,2],"size":["default",21],"layer":52,"shadow":false,"bindings":[{"binding_name":"#hud_title_text_string","binding_type":"global","binding_condition":"once"}]}}]}},{"bottom_padding":{"type":"panel","size":["100%c",5],"anchor_from":"top_left","anchor_to":"top_left"}},{"body_wrapper":{"type":"image","texture":"textures/ui/hive/hive_rounded_corners","color":[0,0,0],"keep_ratio":false,"alpha":0.7,"layer":51,"size":["100%","100%c"],"controls":[{"text":{"type":"label","offset":[10,10],"size":["100% - 20px","default"],"text":"#hud_subtitle_text_string","shadow":false,"layer":52,"line_padding":5,"font_scale_factor":1,"anchor_from":"top_left","anchor_to":"top_left","text_alignment":"left","bindings":[{"binding_name":"#hud_subtitle_text_string","binding_type":"global"}]}},{"bottom_padding":{"type":"panel","size":["100%c",20],"anchor_from":"top_left","anchor_to":"top_left"}}]}}]},"anim_hive_notification_offset_in":{"anim_type":"offset","easing":"linear","duration":0.25,"from":[0,25],"to":[0,0]},"anim_hive_notification_alpha_in":{"anim_type":"alpha","easing":"linear","duration":0.5,"from":0,"to":1,"next":"@hud.anim_hive_notification_alpha_wait"},"anim_hive_notification_alpha_wait":{"anim_type":"wait","duration":4,"next":"@hud.anim_hive_notification_alpha_out"},"anim_hive_notification_alpha_out":{"anim_type":"alpha","easing":"in_expo","duration":1,"from":1.0,"to":0},"anim_hive_notification_size_in":{"anim_type":"size","easing":"linear","duration":0,"from":[150,"100%c + 5px"],"to":[150,"100%c + 5px"],"next":"@hud.anim_hive_notification_size_wait"},"anim_hive_notification_size_wait":{"anim_type":"wait","duration":5,"next":"@hud.anim_hive_notification_size_out"},"anim_hive_notification_size_out":{"anim_type":"size","easing":"in_expo","duration":0.5,"from":[150,"100%c + 5px"],"to":[150,0],"destroy_at_end":"chat_grid_item"},"notification_icon_renderer":{"type":"panel","size":[18,18],"$flag_item":"§m§a","controls":[{"icon_text_content_wrapper":{"type":"panel","size":["100%c + 3px","100%c"],"controls":[{"text_icon":{"type":"label","size":["default","default"],"offset":[-1,1],"text":"#icon_text","layer":52,"font_scale_factor":1.5,"text_alignment":"left","bindings":[{"binding_name":"#jukebox_text","binding_type":"global","binding_condition":"once"},{"binding_type":"view","source_property_name":"((\u0027%.16s\u0027 * #jukebox_text) - \u0027\t\u0027)","target_property_name":"#icon_text","binding_condition":"once"},{"binding_type":"view","source_property_name":"((#icon_text - $flag_item) \u003d #icon_text)","target_property_name":"#visible","binding_condition":"once"}]}}],"bindings":[{"binding_name":"#jukebox_text","binding_type":"global","binding_condition":"once"},{"binding_type":"view","source_property_name":"((\u0027%.16s\u0027 * #jukebox_text) - \u0027\t\u0027)","target_property_name":"#icon_text","binding_condition":"once"},{"binding_type":"view","source_property_name":"((#icon_text - $flag_item) \u003d #icon_text)","target_property_name":"#visible","binding_condition":"once"}]}},{"item_icon":{"type":"custom","renderer":"inventory_item_renderer","size":["100%","100%"],"layer":52,"property_bag":{"#item_id_aux":3538944},"bindings":[{"binding_name":"#jukebox_text","binding_type":"global","binding_condition":"once"},{"binding_type":"view","source_property_name":"((\u0027%.16s\u0027 * #jukebox_text) - \u0027\t\u0027)","target_property_name":"#icon_text","binding_condition":"once"},{"binding_type":"view","source_property_name":"(not ((#icon_text - $flag_item) \u003d #icon_text))","target_property_name":"#visible","binding_condition":"once"},{"binding_type":"view","source_property_name":"(#icon_text - $flag_item)","target_property_name":"#item_id_aux","binding_condition":"once"}]}}]},"inner_notification":{"type":"stack_panel","size":"@hud.anim_hive_notification_size_in","offset":"@hud.anim_hive_notification_offset_in","alpha":"@hud.anim_hive_notification_alpha_in","propagate_alpha":true,"anchor_from":"top_right","anchor_to":"top_right","layer":50,"orientation":"vertical","controls":[{"body_wrapper":{"type":"image","texture":"textures/ui/hive/hive_rounded_corners","color":[0,0,0],"keep_ratio":false,"alpha":0.7,"layer":51,"size":["100%","100%c"],"controls":[{"icon_body":{"type":"stack_panel","orientation":"horizontal","size":["100% - 6px","100%cm + 7px"],"offset":[0,3],"controls":[{"icon_wrapper_wrapper":{"type":"panel","size":["100%c","100%c"],"controls":[{"icon_wrapper":{"type":"image","texture":"textures/ui/hive/hive_rounded_corners","color":"black","keep_ratio":false,"offset":[0,1],"alpha":0.4,"layer":52,"size":["100%c + 4px","100%c + 4px"],"controls":[{"icon@hud.notification_icon_renderer":{}}]}}]}},{"spacer":{"type":"panel","size":[5,2.5]}},{"text_body":{"type":"stack_panel","orientation":"vertical","size":["fill","100%c"],"controls":[{"title_text_content_wrapper":{"type":"panel","size":["100%","100%cm"],"controls":[{"title_text_content":{"type":"label","size":["100%","default"],"font_type":"MinecraftTen","text":"#title_text","line_padding":0,"offset":[-0.5,-1],"shadow":false,"layer":52,"font_scale_factor":1.2,"anchor_from":"top_left","anchor_to":"top_left","text_alignment":"left","bindings":[{"binding_name":"#jukebox_text","binding_type":"global","binding_condition":"once"},{"binding_type":"view","source_property_name":"((\u0027%.100s\u0027 * (#jukebox_text - (\u0027%.16s\u0027 * #jukebox_text))) - \u0027\t\u0027)","target_property_name":"#title_text","binding_condition":"once"}]}},{"title_text_content_shadow":{"type":"label","size":["100%","default"],"font_type":"MinecraftTen","text":"#title_text","line_padding":0,"offset":[0.5,0],"shadow":false,"layer":51,"alpha":0.3,"font_scale_factor":1.2,"anchor_from":"top_left","anchor_to":"top_left","text_alignment":"left","bindings":[{"binding_name":"#jukebox_text","binding_type":"global","binding_condition":"once"},{"binding_type":"view","source_property_name":"((\u0027%.100s\u0027 * (#jukebox_text - (\u0027%.16s\u0027 * #jukebox_text))) - \u0027\t\u0027)","target_property_name":"#title_text","binding_condition":"once"}]}}]}},{"main_text_content_wrapper":{"type":"panel","size":["100%","100%c"],"controls":[{"main_text_content":{"type":"label","offset":[0,-0.5],"size":["100%","default"],"text":"#content_text","shadow":false,"layer":52,"font_scale_factor":1,"anchor_from":"top_left","anchor_to":"top_left","text_alignment":"left","bindings":[{"binding_name":"#jukebox_text","binding_type":"global","binding_condition":"once"},{"binding_type":"view","source_property_name":"(#jukebox_text - (\u0027%.116s\u0027 * #jukebox_text))","target_property_name":"#content_text","binding_condition":"once"}]}}]}}]}}]}}]}}]},"notification":{"$flag_notif":"§m§a","type":"panel","size":["100%","100%c"],"controls":[{"inner_notification@inner_notification":{"bindings":[{"binding_name":"#jukebox_text","binding_type":"global","binding_condition":"once"},{"binding_name":"#chat_text","binding_name_override":"#text","binding_type":"collection","binding_collection_name":"chat_text_grid","binding_condition":"once"},{"binding_type":"view","source_property_name":"((not ((#text - $flag_notif) \u003d #text)) and (not ((#jukebox_text - \u0027\t\u0027) \u003d #jukebox_text)))","target_property_name":"#visible","binding_condition":"once"},{"binding_type":"view","source_property_name":"(not ((#text - $flag_notif) \u003d #text))","target_property_name":"#enabled","binding_condition":"once"}]}}]},"jukebox_popup_text":{"visible":false},"chat_grid_item":{"modifications":[{"array_name":"controls","operation":"replace","control_name":"chat_background","value":[{"chat_background":{"type":"image","texture":"textures/ui/Black","alpha":0.7,"size":["100%","100%c + 4px"],"anims":["@hud.anim_chat_bg_wait"],"controls":[{"chat_text@chat_label":{"anchor_from":"top_left","anchor_to":"top_left","offset":[2,2]}}],"$flag_notif":"§m§a","bindings":[{"binding_name":"#chat_text","binding_name_override":"#text","binding_type":"collection","binding_collection_name":"chat_text_grid","binding_condition":"once"},{"binding_type":"view","source_property_name":"((#text - $flag_notif) \u003d #text)","target_property_name":"#visible","binding_condition":"once"},{"binding_type":"view","source_property_name":"((#text - $flag_notif) \u003d #text)","target_property_name":"#enabled","binding_condition":"once"}]}}]}]},"chat_label":{"$flag_notif":"§m§a","bindings":[{"binding_name":"#chat_text","binding_name_override":"#text","binding_type":"collection","binding_collection_name":"chat_text_grid","binding_condition":"once"},{"binding_type":"view","source_property_name":"((#text - $flag_notif) \u003d #text)","target_property_name":"#visible","binding_condition":"once"},{"binding_type":"view","source_property_name":"((#text - $flag_notif) \u003d #text)","target_property_name":"#enabled","binding_condition":"once"}]}}