{"minecraft:geometry":[{"description":{"identifier":"geometry.hive.replay.props.camera.stand","texture_width":64,"texture_height":64,"visible_bounds_width":6,"visible_bounds_height":6,"visible_bounds_offset":[0,2,0]},"bones":[{"name":"root","pivot":[0,0,0]},{"name":"bone","parent":"root","pivot":[0,0,0],"cubes":[{"origin":[-2,17,-2],"size":[4,6,4],"uv":[48,0]},{"origin":[-5,22,-5],"size":[10,0,10],"uv":[18,0]}]},{"name":"camera","parent":"bone","pivot":[0,22,0],"cubes":[{"origin":[-6,29.01,-4],"size":[2,0,7],"pivot":[-4,29,0],"rotation":[0,0,-30],"uv":[51,57]},{"origin":[4,29.01,-4],"size":[2,0,7],"pivot":[4,29,0],"rotation":[0,0,30],"uv":[51,57],"mirror":true},{"origin":[-7,24,4],"size":[3,5,0],"pivot":[-4,26,4],"rotation":[0,20,0],"uv":[46,59],"mirror":true},{"origin":[-8.12061,23,6.12203],"size":[2,7,2],"pivot":[-4,26,4],"rotation":[0,-25,0],"uv":[14,47]},{"origin":[4,24,4],"size":[3,5,0],"pivot":[4,26,4],"rotation":[0,-20,0],"uv":[46,59]},{"origin":[6.12061,23,6.12203],"size":[2,7,2],"pivot":[4,26,4],"rotation":[0,25,0],"uv":[14,47],"mirror":true},{"origin":[-3,24,6],"size":[0,4,3],"uv":[46,46]},{"origin":[3,24,6],"size":[0,4,3],"uv":[46,46],"mirror":true},{"origin":[0,31,-1],"size":[0,2,4],"pivot":[0,31,-1],"rotation":[-10,0,0],"uv":[20,25]},{"origin":[-2,33,-5],"size":[4,6,12],"pivot":[0,31,-1],"rotation":[-10,0,0],"uv":[0,20]},{"origin":[-3,24,-10],"size":[0,6,4],"pivot":[-3,27,-6],"rotation":[0,30,0],"uv":[0,22]},{"origin":[3,24,-10],"size":[0,6,4],"pivot":[3,27,-6],"rotation":[0,-30,0],"uv":[0,22]},{"origin":[-2,25,-11],"size":[4,4,5],"uv":[46,40]},{"origin":[-5,29,-10],"size":[10,7,0],"pivot":[0,29,-10],"rotation":[45,0,0],"uv":[41,10]},{"origin":[-5,18,-10],"size":[10,7,0],"pivot":[0,25,-10],"rotation":[-45,0,0],"uv":[0,57]},{"origin":[-9,23,-10],"size":[7,8,0],"pivot":[-2,27,-10],"rotation":[0,-45,0],"uv":[0,49],"mirror":true},{"origin":[2,23,-10],"size":[7,8,0],"pivot":[2,27,-10],"rotation":[0,45,0],"uv":[0,49]}]},{"name":"emissive","parent":"camera","pivot":[0,24,9],"cubes":[{"origin":[-4,23,-6],"size":[8,8,12],"uv":[0,0]},{"origin":[-4,23,9],"size":[8,6,2],"pivot":[0,24,9],"rotation":[15,0,0],"uv":[42,17]}]},{"name":"stand","parent":"bone","pivot":[0,2,0],"rotation":[0,-45,0],"cubes":[{"origin":[-4,15,-4],"size":[8,2,8],"uv":[24,30]},{"origin":[-1,-3,-4],"size":[2,20,2],"pivot":[0,17,-4],"rotation":[-30,0,0],"uv":[38,40]},{"origin":[-1,-3,2],"size":[2,20,2],"pivot":[0,17,4],"rotation":[30,0,0],"uv":[30,40]},{"origin":[-4,-3,-1],"size":[2,20,2],"pivot":[-4,17,0],"rotation":[0,0,30],"uv":[22,40]},{"origin":[2,-3,-1],"size":[2,20,2],"pivot":[4,17,0],"rotation":[0,0,-30],"uv":[22,40],"mirror":true},{"origin":[-12,0,0],"size":[11,9,0],"uv":[0,38]},{"origin":[1,0,0],"size":[11,9,0],"uv":[0,38],"mirror":true},{"origin":[0,0,-12],"size":[0,9,11],"uv":[20,9],"mirror":true},{"origin":[0,0,1],"size":[0,9,11],"uv":[0,27]},{"origin":[-1,6,-1],"size":[2,9,2],"uv":[0,0]}]}]}],"format_version":"1.12.0"}