{"format_version":"1.12.0","minecraft:geometry":[{"description":{"identifier":"geometry.hive.replay.props.camera.dolly","texture_width":80,"texture_height":80,"visible_bounds_width":6,"visible_bounds_height":6,"visible_bounds_offset":[0,2,0]},"bones":[{"name":"root","pivot":[0,0,0]},{"name":"dolly","parent":"root","pivot":[0,6,-10],"cubes":[{"origin":[-5,3,-10],"size":[10,3,20],"uv":[0,0]},{"origin":[-7,6,-10],"size":[14,6,0],"pivot":[0,6,-10],"rotation":[35,0,0],"uv":[48,30]}]},{"name":"wheelsRight","parent":"dolly","pivot":[-5,4,0],"rotation":[0,0,-15.5],"cubes":[{"origin":[-9,1,-11],"size":[2,6,6],"uv":[46,51]},{"origin":[-7,4,-9],"size":[2,0,18],"uv":[22,0]},{"origin":[-9,1,5],"size":[2,6,6],"uv":[46,51]}]},{"name":"wheelsRight2","parent":"dolly","pivot":[5,4,0],"rotation":[0,0,15.5],"cubes":[{"origin":[7,1,-11],"size":[2,6,6],"uv":[46,51],"mirror":true},{"origin":[5,4,-9],"size":[2,0,18],"uv":[22,0],"mirror":true},{"origin":[7,1,5],"size":[2,6,6],"uv":[46,51],"mirror":true}]},{"name":"stand","parent":"root","pivot":[0,2,0],"cubes":[{"origin":[-4,17,-4],"size":[8,2,8],"pivot":[0,2,0],"rotation":[0,-45,0],"uv":[0,43]},{"origin":[-4,11,-4],"size":[8,2,8],"pivot":[0,-4,0],"rotation":[0,-45,0],"uv":[0,43]},{"origin":[-2,13,-2],"size":[4,4,4],"pivot":[0,0,0],"rotation":[0,-45,0],"uv":[33,59]},{"origin":[-2,1,-2],"size":[4,10,4],"uv":[0,0]},{"origin":[0,6,-7],"size":[0,5,5],"uv":[0,9]}]},{"name":"cameraAndChair","parent":"root","pivot":[0,0,0],"rotation":[0,50,0],"cubes":[{"origin":[-2,19,-2],"size":[4,6,4],"uv":[56,45]},{"origin":[-5,24,-5],"size":[10,0,10],"uv":[34,0]}]},{"name":"seat","parent":"cameraAndChair","pivot":[0,0,0],"cubes":[{"origin":[0,6,2],"size":[0,7,12],"uv":[28,11]},{"origin":[-4,13,11],"size":[8,2,8],"uv":[40,10]},{"origin":[-5,15,19],"size":[10,8,0],"pivot":[0,15,19],"rotation":[-15,0,0],"uv":[32,49]},{"origin":[-1,5,14],"size":[2,8,2],"uv":[0,23]}]},{"name":"camera","parent":"cameraAndChair","pivot":[0,24,0],"cubes":[{"origin":[-6,31.01,-4],"size":[2,0,7],"pivot":[-4,31,0],"rotation":[0,0,-30],"uv":[9,0]},{"origin":[4,31.01,-4],"size":[2,0,7],"pivot":[4,31,0],"rotation":[0,0,30],"uv":[9,0],"mirror":true},{"origin":[-7,26,4],"size":[3,5,0],"pivot":[-4,28,4],"rotation":[0,20,0],"uv":[57,63],"mirror":true},{"origin":[-8.12061,25,6.12203],"size":[2,7,2],"pivot":[-4,28,4],"rotation":[0,-25,0],"uv":[49,63]},{"origin":[4,26,4],"size":[3,5,0],"pivot":[4,28,4],"rotation":[0,-20,0],"uv":[57,63]},{"origin":[6.12061,25,6.12203],"size":[2,7,2],"pivot":[4,28,4],"rotation":[0,25,0],"uv":[49,63],"mirror":true},{"origin":[-3,26,6],"size":[0,4,3],"uv":[0,40]},{"origin":[3,26,6],"size":[0,4,3],"uv":[0,40]},{"origin":[0,33,-1],"size":[0,2,4],"pivot":[0,33,-1],"rotation":[-10,0,0],"uv":[28,26]},{"origin":[-2,35,-5],"size":[4,6,12],"pivot":[0,33,-1],"rotation":[-10,0,0],"uv":[28,31]},{"origin":[-3,26,-10],"size":[0,6,4],"pivot":[-3,29,-6],"rotation":[0,30,0],"uv":[10,10]},{"origin":[3,26,-10],"size":[0,6,4],"pivot":[3,29,-6],"rotation":[0,-30,0],"uv":[10,10]},{"origin":[-2,27,-11],"size":[4,4,5],"uv":[15,56]},{"origin":[-5,31,-10],"size":[10,7,0],"pivot":[0,31,-10],"rotation":[45,0,0],"uv":[52,23]},{"origin":[-5,20,-10],"size":[10,7,0],"pivot":[0,27,-10],"rotation":[-45,0,0],"uv":[48,36]},{"origin":[2,25,-10],"size":[7,8,0],"pivot":[2,29,-10],"rotation":[0,45,0],"uv":[0,61]},{"origin":[-9,25,-10],"size":[7,8,0],"pivot":[-2,29,-10],"rotation":[0,-45,0],"uv":[62,55]}]},{"name":"emissive","parent":"camera","pivot":[0,24,0],"cubes":[{"origin":[-4,25,9],"size":[8,6,2],"pivot":[0,26,9],"rotation":[15,0,0],"uv":[0,53]},{"origin":[-4,25,-6],"size":[8,8,12],"uv":[0,23]}]}]}]}