{"minecraft:geometry":[{"description":{"identifier":"geometry.hive.replay.props.donuts","texture_width":64,"texture_height":64,"visible_bounds_width":3,"visible_bounds_height":4,"visible_bounds_offset":[0,1,0]},"bones":[{"name":"root","pivot":[0,0,0]},{"name":"snack","parent":"root","pivot":[0,0,2],"cubes":[{"origin":[-8,0,-4],"size":[16,2,12],"uv":[0,0]},{"origin":[-8,2,-4],"size":[16,2,0],"uv":[0,15]},{"origin":[-8,2,8],"size":[16,2,0],"uv":[0,37]},{"origin":[-8,2,-4],"size":[0,2,12],"uv":[0,5]},{"origin":[8,2,-4],"size":[0,2,12],"uv":[0,5],"mirror":true},{"origin":[-7,2,-2],"size":[4,2,4],"uv":[48,38]},{"origin":[2,2,-3],"size":[4,2,4],"pivot":[4,3,-1],"rotation":[0,-12.5,0],"uv":[48,20]},{"origin":[-2,2,2],"size":[4,2,4],"pivot":[0,2,4],"rotation":[0,15,0],"uv":[48,32]},{"origin":[-3,0,-9],"size":[4,2,4],"pivot":[-1,0,-7],"rotation":[0,-32.5,0],"uv":[48,14]},{"origin":[3,2,2],"size":[4,2,4],"uv":[48,26]},{"origin":[3,0.1,-9],"size":[4,0,3],"pivot":[5,0.1,-7.5],"rotation":[0,-15,0],"uv":[0,0]}]},{"name":"lid","parent":"snack","pivot":[0,4,8],"rotation":[-45,0,0],"cubes":[{"origin":[-7.925,4,-4],"size":[16,0,12],"uv":[-12,19]},{"origin":[-7.925,1,-4],"size":[16,3,0],"uv":[0,34]},{"origin":[-7.926,1,-4],"size":[0,3,12],"uv":[0,19]},{"origin":[8.076,1,-4],"size":[0,3,12],"uv":[0,19],"mirror":true}]}]}],"format_version":"1.12.0"}