{"content":[{"path":"items/hive/drop/drop_restore_block.json","key":"TDHFUSH5CLFR23ZTLALV4KZSXW6C7QWE"},{"path":"items/hive/drop/drop_safe_walk.json","key":"76QSMMZUDI2RX2VMSB5ZRUJDMAMWHKCS"},{"path":"items/hive/drop/drop_jump_boost.json","key":"DPK5GZBWP7K62BG3HE5CTEQ6E3ABSMWI"},{"path":"animation_controllers/hive/drop/beacon.json","key":"34NC3JHG4KT7SKFC6SP6VKNNRG6U5WU7"},{"path":"textures/items/hive/drop/restore_blocks.png","key":"XH5DAH3VKUFVUBJL6XJE7D75O7WOYKI6"},{"path":"textures/items/hive/drop/speed_boost.png","key":"DFXPMDWHD7DMKUMZWQQUB6BF5CZOI2OV"},{"path":"textures/items/hive/drop/jump_boost.png","key":"M4XGDYFZCZMNNCEJ5DYXNFIBASH7NBEE"},{"path":"textures/item_texture.json","key":"H5NLZWQSWI4YTOADGJ2KZCMWSXXNEN5P"},{"path":"textures/items/hive/drop/vault.png","key":"UH5A52C6EHTWVY3ZHACN2IWLMPSLIPZR"},{"path":"entity/hive/drop/beacon.json","key":"IV47Z4JMKLKCDVMHBIP5LTOMXI2QLG64"},{"path":"texts/languages.json","key":"TICWGEU67MZOELQITRN4QY4IJJ3TNT45"},{"path":"models/entity/hive/drop/beacon.json","key":"J4BL6YQ5VZD4WEF53IBKIKOJEIMALT2D"},{"path":"items/hive/drop/drop_vault.json","key":"LOGSLZLZICRTYRKLXFATHAG4UEYTUGEB"},{"path":"textures/entity/hive/drop/beacon.png","key":"SKWIKRLO4D5IJAGR2ERW4WSPD5O37JHC"},{"path":"items/hive/drop/drop_speed_boost.json","key":"7EV6TRCRJXBYCPWZOFFSLXXY5IQCHSIW"},{"path":"texts/en_US.lang","key":"NU3IWLDK34K35VB7PWJ5YOBD2C3GWKBH"},{"path":"animations/hive/drop/beacon.json","key":"ED3CYKBHGTEW5Z57NZ6FTPNOPEYTKUHJ"},{"path":"textures/items/hive/drop/safe_walk.png","key":"M6VIEFPP43BB45KDZFXAK23F2KZ2KQZ6"}]}