{"format_version":"1.10.0","particle_effect":{"description":{"identifier":"hivesky:butterflies","basic_render_parameters":{"material":"particles_alpha","texture":"textures/particle/hive/sky/killeffects/butterflies"}},"components":{"minecraft:emitter_initialization":{"creation_expression":"variable.size \u003d 0.1;variable.lifetime \u003d 1.6;"},"minecraft:emitter_rate_steady":{"spawn_rate":10,"max_particles":250},"minecraft:emitter_lifetime_once":{"active_time":1},"minecraft:emitter_shape_sphere":{"offset":["math.random(-0.8,0.8)","(variable.emitter_age*2)","math.random(-0.8,0.8)"],"radius":0.2,"surface_only":true,"direction":["math.random(-1,1)",1,"math.random(-1,1)"]},"minecraft:particle_lifetime_expression":{"max_lifetime":"variable.lifetime"},"minecraft:particle_initial_spin":{"rotation":"math.random(-1,1)*(variable.particle_random_1 *30)","rotation_rate":"math.random(-1,1)*(variable.particle_random_1 *60)"},"minecraft:particle_initial_speed":0.8,"minecraft:particle_motion_dynamic":{"linear_drag_coefficient":1},"minecraft:particle_appearance_billboard":{"size":["variable.size*(variable.lifetime-variable.particle_age)","variable.size*(variable.lifetime-variable.particle_age)"],"facing_camera_mode":"rotate_xyz","uv":{"texture_width":8,"texture_height":40,"flipbook":{"base_UV":[0,0],"size_UV":[8,8],"step_UV":[0,8],"frames_per_second":8,"max_frame":4,"loop":true}}},"minecraft:particle_appearance_tinting":{"color":{"interpolant":"variable.particle_age*0.4","gradient":{"0.08000000000000002":"#FF84C8E9","0.25":"#FF83D47E","0.42":"#FFE0D775"}}}}}}