{"format_version":"1.10.0","particle_effect":{"description":{"identifier":"hivesky:explosion","basic_render_parameters":{"material":"particles_alpha","texture":"textures/particle/hive/sky/killeffects/explosion"}},"components":{"minecraft:emitter_local_space":{"position":true},"minecraft:emitter_rate_instant":{"num_particles":20},"minecraft:emitter_lifetime_once":{"active_time":2},"minecraft:emitter_shape_sphere":{"offset":[0,0.9,0],"radius":0.6,"direction":"outwards"},"minecraft:particle_lifetime_expression":{"max_lifetime":1},"minecraft:particle_initial_spin":{"rotation":"variable.particle_random_1*100","rotation_rate":"variable.particle_random_1*100"},"minecraft:particle_initial_speed":1.2,"minecraft:particle_motion_dynamic":{},"minecraft:particle_appearance_billboard":{"size":["(1-(variable.particle_age/variable.particle_lifetime))*0.3","(1-(variable.particle_age/variable.particle_lifetime))*0.3"],"facing_camera_mode":"lookat_xyz","uv":{"texture_width":16,"texture_height":160,"flipbook":{"base_UV":[0,0],"size_UV":[16,16],"step_UV":[0,16],"frames_per_second":2,"max_frame":10,"stretch_to_lifetime":true}}},"minecraft:particle_appearance_tinting":{"color":[1,1,1,1]}}}}