{"format_version":"1.10.0","particle_effect":{"description":{"identifier":"hivesky:hearts","basic_render_parameters":{"material":"particles_alpha","texture":"textures/particle/hive/sky/killeffects/hearts"}},"components":{"minecraft:emitter_rate_steady":{"spawn_rate":15,"max_particles":100},"minecraft:emitter_lifetime_once":{"active_time":1},"minecraft:emitter_shape_point":{"offset":[0,1.2,0]},"minecraft:particle_lifetime_expression":{"max_lifetime":1.5},"minecraft:particle_initial_spin":{"rotation_rate":"math.random(-40,40)"},"minecraft:particle_initial_speed":2,"minecraft:particle_motion_dynamic":{"linear_acceleration":["variable.particle_random_1 \u003e 0.5 ? math.sin(variable.particle_age*20)*1.5 : -math.cos(variable.particle_age*20)*1.5",3,"variable.particle_random_3 \u003e 0.5 ? math.cos(variable.particle_age*20)*1.5 : -math.sin(variable.particle_age*20)*1.5"],"linear_drag_coefficient":5},"minecraft:particle_appearance_billboard":{"size":["variable.particle_age \u003c 0.7 ? variable.particle_age/5 : 0.15*(variable.particle_lifetime-variable.particle_age)","variable.particle_age \u003c 0.7 ? variable.particle_age/5 : 0.15*(variable.particle_lifetime-variable.particle_age)"],"facing_camera_mode":"rotate_xyz","uv":{"texture_width":8,"texture_height":56,"flipbook":{"base_UV":[0,0],"size_UV":[8,8],"step_UV":[0,8],"frames_per_second":3,"max_frame":7}}},"minecraft:particle_appearance_tinting":{"color":{"interpolant":"variable.particle_age","gradient":{"0.35":"#FFD53F4A","1.0":"#FFD7638A"}}}}}}