{"format_version":"1.10.0","particle_effect":{"description":{"identifier":"hivesky:rainbow_burst","basic_render_parameters":{"material":"particles_alpha","texture":"textures/particle/hive/sky/killeffects/rainbow_burst"}},"components":{"minecraft:emitter_rate_instant":{"num_particles":40},"minecraft:emitter_lifetime_once":{"active_time":0.4},"minecraft:emitter_shape_point":{"offset":[0,0.9,0]},"minecraft:particle_lifetime_expression":{"max_lifetime":"Math.Random(1, 1.5)"},"minecraft:particle_initial_spin":{"rotation_rate":"math.random(-50,50)"},"minecraft:particle_initial_speed":2,"minecraft:particle_motion_dynamic":{"linear_drag_coefficient":2},"minecraft:particle_appearance_billboard":{"size":["variable.particle_age \u003e 0.2 ? (1-(variable.particle_age/variable.particle_lifetime))*0.1 : variable.particle_age*0.1","variable.particle_age \u003e 0.2 ? (1-(variable.particle_age/variable.particle_lifetime))*0.1 : variable.particle_age*0.1"],"facing_camera_mode":"lookat_xyz","uv":{"texture_width":8,"texture_height":48,"flipbook":{"base_UV":[0,0],"size_UV":[8,8],"step_UV":[0,8],"max_frame":6,"stretch_to_lifetime":true}}},"minecraft:particle_appearance_tinting":{"color":["Math.clamp(Math.clamp(variable.particle_random_1 * 0.9 + 0.5, 0, 1), 0, 1)","Math.clamp(Math.clamp(variable.particle_random_2 * 0.9 + 0.5, 0, 1), 0, 1)","Math.clamp(Math.clamp(variable.particle_random_3 * 0.9 + 0.5, 0, 1), 0, 1)",1]}}}}