{"format_version":"1.10.0","particle_effect":{"description":{"identifier":"hivesky:snow_flurry_2","basic_render_parameters":{"material":"particles_alpha","texture":"textures/particle/particles"}},"components":{"minecraft:emitter_lifetime_expression":{"activation_expression":"(variable.emitter_age \u003e 1 ? 1.0 : 0.0)","expiration_expression":"(variable.emitter_age \u003e 2 ? 1.0 : 0.0)"},"minecraft:emitter_rate_steady":{"spawn_rate":15,"max_particles":30},"minecraft:emitter_lifetime_once":{"active_time":2},"minecraft:emitter_shape_sphere":{"offset":[0,2.1,0],"radius":0.2,"surface_only":true,"direction":["Math.random(-1, 1)",-1,"Math.random(-1, 1)"]},"minecraft:particle_lifetime_expression":{"max_lifetime":2.7},"minecraft:particle_initial_spin":{"rotation":"variable.particle_random_3*360","rotation_rate":"math.random(-60,60)"},"minecraft:particle_initial_speed":1,"minecraft:particle_motion_dynamic":{"linear_acceleration":["variable.particle_age \u003e 2 ? 0 : math.sin(variable.particle_age*100)*math.random(-3,3)",-1,"variable.particle_age \u003e 2 ? 0 : math.sin(variable.particle_age*100)*math.random(-3,3)"],"linear_drag_coefficient":1},"minecraft:particle_appearance_billboard":{"size":["(1-(variable.particle_age/variable.particle_lifetime))*0.1","(1-(variable.particle_age/variable.particle_lifetime))*0.1"],"facing_camera_mode":"rotate_xyz","uv":{"texture_width":128,"texture_height":128,"uv":["math.floor(variable.particle_random_2*8)*8",72],"uv_size":[8,8]}},"minecraft:particle_motion_collision":{"collision_drag":1,"collision_radius":0.01},"minecraft:particle_appearance_tinting":{"color":[0.82353,0.93333,1,1]}}}}