{"format_version":"1.12.0","minecraft:geometry":[{"description":{"identifier":"geometry.hive.wars.upgrade.bot","texture_width":64,"texture_height":64,"visible_bounds_width":3,"visible_bounds_height":4,"visible_bounds_offset":[0,1,0]},"bones":[{"name":"root","pivot":[0,0,0]},{"name":"leftLeg","parent":"root","pivot":[1.9,12,0],"cubes":[{"origin":[-0.1,0,-2],"size":[4,12,4],"uv":[48,16],"mirror":true},{"origin":[-0.1,0,-4],"size":[4,3,2],"uv":[52,41],"mirror":true},{"origin":[0.9,6,-3],"size":[4,3,3],"uv":[50,34],"mirror":true}]},{"name":"rightLeg","parent":"root","pivot":[-1.9,12,0],"cubes":[{"origin":[-3.9,0,-2],"size":[4,12,4],"uv":[48,16]},{"origin":[-4.9,6,-3],"size":[4,3,3],"uv":[50,34]},{"origin":[-3.9,0,-4],"size":[4,3,2],"uv":[52,41]}]},{"name":"waist","parent":"root","pivot":[0,12,0]},{"name":"body","parent":"waist","pivot":[0,24,0],"cubes":[{"origin":[-4,12,-2],"size":[8,12,4],"uv":[0,0]},{"origin":[-3,16,-3],"size":[6,6,1],"uv":[24,0]}]},{"name":"key","parent":"body","pivot":[0,18,2],"cubes":[{"origin":[0,14,2],"size":[0,8,6],"pivot":[0,18,2],"rotation":[0,0,32.5],"uv":[24,2]}]},{"name":"head","parent":"body","pivot":[0,24,0],"cubes":[{"origin":[-4,24,-4],"size":[8,9,8],"uv":[0,16]},{"origin":[-4,28,-5],"size":[3,3,1],"uv":[0,33]},{"origin":[1,28,-5],"size":[3,3,1],"uv":[0,33],"mirror":true},{"origin":[-6,26,-2],"size":[2,4,4],"uv":[0,37]},{"origin":[4,26,-2],"size":[2,4,4],"uv":[0,37],"mirror":true},{"origin":[-6,28,-0.5],"size":[0,5,1],"pivot":[-6,28,0],"rotation":[0,0,-20],"uv":[12,32]},{"origin":[6,28,-0.5],"size":[0,5,1],"pivot":[6,28,0],"rotation":[0,0,20],"uv":[12,32],"mirror":true}]},{"name":"leftArm","parent":"body","pivot":[5,21.5,0],"cubes":[{"origin":[4,21,-2],"size":[4,3,4],"uv":[32,16],"mirror":true},{"origin":[4,16,-1.5],"size":[3,5,3],"uv":[34,23],"mirror":true},{"origin":[4,12,-2],"size":[4,4,4],"uv":[32,32],"mirror":true}]},{"name":"rightArm","parent":"body","pivot":[-5,21.5,0],"cubes":[{"origin":[-8,21,-2],"size":[4,3,4],"uv":[32,16]},{"origin":[-8,12,-2],"size":[4,4,4],"uv":[32,32]},{"origin":[-7,16,-1.5],"size":[3,5,3],"uv":[34,23]}]}]}]}