{"format_version":"1.10.0","particle_effect":{"description":{"identifier":"hivesky:solar_orbit","basic_render_parameters":{"material":"particles_blend","texture":"textures/particle/hive/sky/spawnvehicles/solar_orbit"}},"components":{"minecraft:emitter_rate_instant":{"num_particles":30},"minecraft:emitter_lifetime_looping":{"active_time":20},"minecraft:emitter_shape_box":{"half_dimensions":[1.5,0.5,1.5],"direction":["Math.random(-0.001, 0.001)","Math.random(-0.001, 0.001)","Math.random(-0.001, 0.001)"]},"minecraft:particle_lifetime_expression":{"max_lifetime":20},"minecraft:particle_initial_spin":{"rotation_rate":"math.random(-80,80)"},"minecraft:particle_initial_speed":0,"minecraft:particle_motion_dynamic":{"linear_acceleration":["variable.particle_random_1 \u003e 0.6 ? math.sin(variable.particle_age*2)*0.5 : -math.sin(variable.particle_age*2)*0.5","math.cos(variable.particle_age*(variable.particle_random_1*10))*0.4","variable.particle_random_3 \u003e 0.6 ? math.cos(variable.particle_age*2)*0.5 : -math.cos(variable.particle_age*2)*0.5"],"linear_drag_coefficient":30},"minecraft:particle_appearance_billboard":{"size":["variable.particle_age \u003e 0.5 ? (1-(variable.particle_age/variable.particle_lifetime))*0.1 : variable.particle_age*0.2","variable.particle_age \u003e 0.5 ? (1-(variable.particle_age/variable.particle_lifetime))*0.1 : variable.particle_age*0.2"],"facing_camera_mode":"lookat_xyz","uv":{"texture_width":8,"texture_height":24,"uv":[0,"variable.particle_random_3 \u003c 0.5 ? Math.round(variable.particle_random_2 * 2) * 8 + 8 : Math.round(variable.particle_random_2 * 3) * 8"],"uv_size":[8,8]}},"minecraft:particle_appearance_tinting":{"color":[0.49412,0.83137,1,1]}}}}