{"minecraft:geometry":[{"description":{"identifier":"geometry.hive.hub.arcade.monorail.carriage","texture_width":300,"texture_height":300,"visible_bounds_width":16,"visible_bounds_height":8,"visible_bounds_offset":[0,2,0]},"bones":[{"name":"root","pivot":[0,0,0]},{"name":"monorail","parent":"root","pivot":[0,0,0],"cubes":[{"origin":[-24,58,-56],"size":[48,10,112],"uv":{"north":{"uv":[17,224],"uv_size":[48,10]},"east":{"uv":[184,104],"uv_size":[112,10]},"south":{"uv":[17,224],"uv_size":[48,10]},"west":{"uv":[184,104],"uv_size":[112,10]},"up":{"uv":[136,0],"uv_size":[48,112]}}},{"origin":[-20,66,-36],"size":[15,5,72],"pivot":[-5,70,-20],"rotation":[0,0,7.5],"uv":{"north":{"uv":[169,185],"uv_size":[15,5]},"east":{"uv":[184,75],"uv_size":[72,5]},"south":{"uv":[169,185],"uv_size":[15,5]},"west":{"uv":[184,80],"uv_size":[72,5]},"up":{"uv":[136,114],"uv_size":[15,72]}}},{"origin":[5,66,-36],"size":[15,5,72],"pivot":[5,70,-20],"rotation":[0,0,-7.5],"uv":{"north":{"uv":[184,185],"uv_size":[-15,5]},"east":{"uv":[256,80],"uv_size":[-72,5]},"south":{"uv":[184,185],"uv_size":[-15,5]},"west":{"uv":[256,75],"uv_size":[-72,5]},"up":{"uv":[151,114],"uv_size":[-15,72]}}},{"origin":[-34,0,-56],"size":[68,6,112],"uv":{"north":{"uv":[17,234],"uv_size":[68,6]},"east":{"uv":[169,122],"uv_size":[112,6]},"south":{"uv":[17,234],"uv_size":[68,6]},"west":{"uv":[169,122],"uv_size":[112,6]},"up":{"uv":[0,0],"uv_size":[68,112]},"down":{"uv":[68,112],"uv_size":[68,-112]}}},{"origin":[-34,50,-56],"size":[68,8,112],"uv":{"north":{"uv":[169,138],"uv_size":[68,8]},"east":{"uv":[151,114],"uv_size":[112,8]},"south":{"uv":[169,138],"uv_size":[68,8]},"west":{"uv":[151,114],"uv_size":[112,8]},"up":{"uv":[0,112],"uv_size":[68,112]},"down":{"uv":[68,224],"uv_size":[68,-112]}}},{"origin":[-34,40,-1],"size":[0,10,12],"uv":{"east":{"uv":[208,155],"uv_size":[12,10]}}},{"origin":[-34,40,-46],"size":[0,10,12],"uv":{"north":{"uv":[0,0],"uv_size":[0,10]},"east":{"uv":[5,224],"uv_size":[12,10]},"south":{"uv":[0,0],"uv_size":[0,10]},"up":{"uv":[0,0],"uv_size":[0,12]},"down":{"uv":[0,12],"uv_size":[0,-12]}}},{"origin":[-33.9,58,-47],"size":[10,14,20],"pivot":[-33.9,58,-41],"rotation":[0,0,45],"uv":{"north":{"uv":[266,130],"uv_size":[10,14]},"east":{"uv":[0,240],"uv_size":[20,14]},"south":{"uv":[74,240],"uv_size":[10,14]}}},{"origin":[-33.9,58,27],"size":[10,14,20],"pivot":[-33.9,58,41],"rotation":[0,0,45],"uv":{"north":{"uv":[266,130],"uv_size":[10,14]},"east":{"uv":[0,240],"uv_size":[20,14]},"south":{"uv":[74,240],"uv_size":[10,14]}}},{"origin":[23.9,58,-47],"size":[10,14,20],"pivot":[33.9,58,-41],"rotation":[0,0,-45],"uv":{"north":{"uv":[276,130],"uv_size":[-10,14]},"south":{"uv":[84,240],"uv_size":[-10,14]},"west":{"uv":[20,240],"uv_size":[-20,14]}}},{"origin":[23.9,58,27],"size":[10,14,20],"pivot":[33.9,58,41],"rotation":[0,0,-45],"uv":{"north":{"uv":[276,130],"uv_size":[-10,14]},"south":{"uv":[84,240],"uv_size":[-10,14]},"west":{"uv":[20,240],"uv_size":[-20,14]}}},{"origin":[-34,6,-56],"size":[5,44,10],"uv":{"north":{"uv":[105,251],"uv_size":[5,44]},"east":{"uv":[113,224],"uv_size":[10,44]},"south":{"uv":[238,150],"uv_size":[-5,44]},"west":{"uv":[123,224],"uv_size":[10,44]},"up":{"uv":[147,273],"uv_size":[5,10]},"down":{"uv":[183,283],"uv_size":[5,-10]}}},{"origin":[-29,6,-56],"size":[58,44,4],"uv":{"north":{"uv":[0,254],"uv_size":[58,44]},"south":{"uv":[164,219],"uv_size":[58,44]}}},{"origin":[-29,6,52],"size":[58,44,4],"uv":{"north":{"uv":[164,219],"uv_size":[58,44]},"south":{"uv":[0,254],"uv_size":[58,44]}}},{"origin":[-34,6,11],"size":[5,44,10],"uv":{"north":{"uv":[233,150],"uv_size":[5,44]},"east":{"uv":[133,224],"uv_size":[10,44]},"south":{"uv":[244,150],"uv_size":[-5,44]},"west":{"uv":[143,224],"uv_size":[10,44]},"up":{"uv":[188,273],"uv_size":[5,10]},"down":{"uv":[193,283],"uv_size":[5,-10]}}},{"origin":[-34,15,-46],"size":[5,5,57],"uv":{"north":{"uv":[76,254],"uv_size":[5,5]},"east":{"uv":[184,85],"uv_size":[57,5]},"south":{"uv":[274,167],"uv_size":[5,5]},"west":{"uv":[184,90],"uv_size":[57,5]},"up":{"uv":[245,150],"uv_size":[5,57]},"down":{"uv":[178,281],"uv_size":[5,-57]}}},{"origin":[-31.5,20,-46],"size":[0,30,57],"uv":{"north":{"uv":[0,0],"uv_size":[0,30]},"east":{"uv":[184,44],"uv_size":[57,30]},"south":{"uv":[0,0],"uv_size":[0,30]},"west":{"uv":[184,44],"uv_size":[57,30]},"up":{"uv":[0,0],"uv_size":[0,57]},"down":{"uv":[0,57],"uv_size":[0,-57]}}},{"origin":[-29,6,-46],"size":[0,9,57],"uv":{"north":{"uv":[0,0],"uv_size":[0,9]},"south":{"uv":[0,0],"uv_size":[0,9]},"west":{"uv":[169,146],"uv_size":[57,9]},"up":{"uv":[0,0],"uv_size":[0,57]},"down":{"uv":[0,57],"uv_size":[0,-57]}}},{"origin":[-34,5,-46],"size":[1,10,57],"pivot":[-34,15,0],"rotation":[0,0,-17.5],"uv":{"east":{"uv":[169,128],"uv_size":[57,10]},"up":{"uv":[60,257],"uv_size":[1,57]},"down":{"uv":[104,319],"uv_size":[1,-57]}}},{"origin":[-34,6,46],"size":[5,44,10],"uv":{"north":{"uv":[239,150],"uv_size":[5,44]},"east":{"uv":[153,224],"uv_size":[10,44]},"south":{"uv":[110,251],"uv_size":[-5,44]},"west":{"uv":[133,224],"uv_size":[-10,44]},"up":{"uv":[66,274],"uv_size":[5,10]},"down":{"uv":[71,284],"uv_size":[5,-10]}}},{"origin":[29,6,46],"size":[5,44,10],"uv":{"north":{"uv":[238,150],"uv_size":[-5,44]},"east":{"uv":[123,224],"uv_size":[10,44]},"south":{"uv":[105,251],"uv_size":[5,44]},"west":{"uv":[113,224],"uv_size":[10,44]},"up":{"uv":[152,283],"uv_size":[-5,-10]},"down":{"uv":[188,273],"uv_size":[-5,10]}}},{"origin":[33,5,-11],"size":[1,10,57],"pivot":[34,15,0],"rotation":[0,0,17.5],"uv":{"west":{"uv":[169,128],"uv_size":[57,10]},"up":{"uv":[61,314],"uv_size":[-1,-57]},"down":{"uv":[105,262],"uv_size":[-1,57]}}},{"origin":[29,15,-11],"size":[5,5,57],"uv":{"north":{"uv":[274,167],"uv_size":[5,5]},"east":{"uv":[184,90],"uv_size":[57,5]},"south":{"uv":[76,254],"uv_size":[5,5]},"west":{"uv":[184,85],"uv_size":[57,5]},"up":{"uv":[250,207],"uv_size":[-5,-57]},"down":{"uv":[183,224],"uv_size":[-5,57]}}},{"origin":[29,6,-21],"size":[5,44,10],"uv":{"north":{"uv":[244,150],"uv_size":[-5,44]},"east":{"uv":[143,224],"uv_size":[10,44]},"south":{"uv":[233,150],"uv_size":[5,44]},"west":{"uv":[133,224],"uv_size":[10,44]},"up":{"uv":[193,283],"uv_size":[-5,-10]},"down":{"uv":[198,273],"uv_size":[-5,10]}}},{"origin":[34,40,-11],"size":[0,10,12],"uv":{"north":{"uv":[0,0],"uv_size":[0,10]},"south":{"uv":[0,0],"uv_size":[0,10]},"west":{"uv":[208,155],"uv_size":[12,10]},"up":{"uv":[0,12],"uv_size":[0,-12]},"down":{"uv":[0,0],"uv_size":[0,12]}}},{"origin":[34,40,34],"size":[0,10,12],"uv":{"north":{"uv":[0,0],"uv_size":[0,10]},"south":{"uv":[0,0],"uv_size":[0,10]},"west":{"uv":[5,224],"uv_size":[12,10]},"up":{"uv":[0,12],"uv_size":[0,-12]},"down":{"uv":[0,0],"uv_size":[0,12]}}},{"origin":[29,6,-56],"size":[5,44,10],"uv":{"north":{"uv":[110,251],"uv_size":[-5,44]},"east":{"uv":[133,224],"uv_size":[-10,44]},"south":{"uv":[239,150],"uv_size":[5,44]},"west":{"uv":[153,224],"uv_size":[10,44]},"up":{"uv":[71,284],"uv_size":[-5,-10]},"down":{"uv":[76,274],"uv_size":[-5,10]}}},{"origin":[29,6,-11],"size":[0,9,57],"uv":{"north":{"uv":[0,0],"uv_size":[0,9]},"east":{"uv":[169,146],"uv_size":[57,9]},"south":{"uv":[0,0],"uv_size":[0,9]},"up":{"uv":[0,57],"uv_size":[0,-57]},"down":{"uv":[0,0],"uv_size":[0,57]}}},{"origin":[31.5,20,-11],"size":[0,30,57],"uv":{"north":{"uv":[0,0],"uv_size":[0,30]},"east":{"uv":[184,44],"uv_size":[57,30]},"south":{"uv":[0,0],"uv_size":[0,30]},"west":{"uv":[184,44],"uv_size":[57,30]},"up":{"uv":[0,57],"uv_size":[0,-57]},"down":{"uv":[0,0],"uv_size":[0,57]}}},{"origin":[-31,-22,-44],"size":[9,22,88],"pivot":[-31,0,-40],"rotation":[0,0,-25],"uv":{"north":{"uv":[237,128],"uv_size":[9,22]},"east":{"uv":[184,0],"uv_size":[88,22]},"south":{"uv":[246,128],"uv_size":[-9,22]},"west":{"uv":[184,22],"uv_size":[88,22]},"down":{"uv":[160,210],"uv_size":[9,-88]}}},{"origin":[-22,-22,-44],"size":[7,10,0],"pivot":[-31,0,-40],"rotation":[0,0,-25],"uv":{"north":{"uv":[272,25],"uv_size":[7,10]},"east":{"uv":[0,0],"uv_size":[0,10]},"south":{"uv":[279,25],"uv_size":[-7,10]},"west":{"uv":[0,0],"uv_size":[0,10]},"up":{"uv":[0,0],"uv_size":[7,0]},"down":{"uv":[0,0],"uv_size":[7,0]}}},{"origin":[15,-22,-44],"size":[7,10,0],"pivot":[31,0,-40],"rotation":[0,0,25],"uv":{"north":{"uv":[279,25],"uv_size":[-7,10]},"east":{"uv":[0,0],"uv_size":[0,10]},"south":{"uv":[272,25],"uv_size":[7,10]},"west":{"uv":[0,0],"uv_size":[0,10]},"up":{"uv":[7,0],"uv_size":[-7,0]},"down":{"uv":[7,0],"uv_size":[-7,0]}}},{"origin":[-22,-22,44],"size":[7,10,0],"pivot":[-31,0,40],"rotation":[0,0,-25],"uv":{"north":{"uv":[272,25],"uv_size":[7,10]},"east":{"uv":[0,0],"uv_size":[0,10]},"south":{"uv":[279,25],"uv_size":[-7,10]},"west":{"uv":[0,0],"uv_size":[0,10]},"up":{"uv":[0,0],"uv_size":[7,0]},"down":{"uv":[0,0],"uv_size":[7,0]}}},{"origin":[15,-22,44],"size":[7,10,0],"pivot":[31,0,40],"rotation":[0,0,25],"uv":{"north":{"uv":[279,25],"uv_size":[-7,10]},"east":{"uv":[0,0],"uv_size":[0,10]},"south":{"uv":[272,25],"uv_size":[7,10]},"west":{"uv":[0,0],"uv_size":[0,10]},"up":{"uv":[7,0],"uv_size":[-7,0]},"down":{"uv":[7,0],"uv_size":[-7,0]}}},{"origin":[22,-22,-44],"size":[9,22,88],"pivot":[31,0,-40],"rotation":[0,0,25],"uv":{"north":{"uv":[246,128],"uv_size":[-9,22]},"east":{"uv":[272,22],"uv_size":[-88,22]},"south":{"uv":[237,128],"uv_size":[9,22]},"west":{"uv":[272,0],"uv_size":[-88,22]},"down":{"uv":[169,210],"uv_size":[-9,-88]}}},{"origin":[-21,6,-72],"size":[42,44,16],"uv":{"north":{"uv":[251,151],"uv_size":[42,44]},"east":{"uv":[223,209],"uv_size":[16,44]},"west":{"uv":[223,209],"uv_size":[16,44]},"up":{"uv":[164,284],"uv_size":[-42,-16]},"down":{"uv":[164,268],"uv_size":[-42,16]}}}]},{"name":"rightRamp","parent":"monorail","pivot":[-23,4,34],"cubes":[{"origin":[-33,3,22],"size":[10,2,23],"uv":{"north":{"uv":[252,228],"uv_size":[10,2]},"east":{"uv":[240,225],"uv_size":[23,2]},"south":{"uv":[252,228],"uv_size":[10,2]},"west":{"uv":[240,225],"uv_size":[23,2]},"up":{"uv":[250,251],"uv_size":[-10,-23]},"down":{"uv":[262,254],"uv_size":[-10,-23]}}}]},{"name":"leftRamp","parent":"monorail","pivot":[23,4,-34],"cubes":[{"origin":[23,3,-45],"size":[10,2,23],"uv":{"north":{"uv":[252,228],"uv_size":[10,2]},"east":{"uv":[240,225],"uv_size":[23,2]},"south":{"uv":[252,228],"uv_size":[10,2]},"west":{"uv":[240,225],"uv_size":[23,2]},"up":{"uv":[240,228],"uv_size":[10,23]},"down":{"uv":[252,231],"uv_size":[10,23]}}}]},{"name":"lights1","parent":"monorail","pivot":[20,28,51.9]},{"name":"red1","parent":"lights1","pivot":[20,28,51.9],"cubes":[{"origin":[18,28,51.999],"size":[2,1,0],"uv":{"north":{"uv":[243,215],"uv_size":[2,1]},"east":{"uv":[0,0],"uv_size":[0,1]},"west":{"uv":[0,0],"uv_size":[0,1]},"up":{"uv":[2,0],"uv_size":[-2,0]},"down":{"uv":[2,0],"uv_size":[-2,0]}}}]},{"name":"green1","parent":"lights1","pivot":[20,28,51.9],"cubes":[{"origin":[20,28,51.999],"size":[2,1,0],"uv":{"north":{"uv":[243,218],"uv_size":[2,1]},"east":{"uv":[0,0],"uv_size":[0,1]},"west":{"uv":[0,0],"uv_size":[0,1]},"up":{"uv":[2,0],"uv_size":[-2,0]},"down":{"uv":[2,0],"uv_size":[-2,0]}}}]},{"name":"lights2","parent":"monorail","pivot":[-20,28,-51.9]},{"name":"red2","parent":"lights2","pivot":[-20,28,-51.9],"cubes":[{"origin":[-20,28,-51.999],"size":[2,1,0],"uv":{"east":{"uv":[0,0],"uv_size":[0,1]},"south":{"uv":[243,215],"uv_size":[2,1]},"west":{"uv":[0,0],"uv_size":[0,1]},"up":{"uv":[0,0],"uv_size":[2,0]},"down":{"uv":[0,0],"uv_size":[2,0]}}}]},{"name":"green2","parent":"lights2","pivot":[-20,28,-51.9],"cubes":[{"origin":[-22,28,-51.999],"size":[2,1,0],"uv":{"east":{"uv":[0,0],"uv_size":[0,1]},"south":{"uv":[243,218],"uv_size":[2,1]},"west":{"uv":[0,0],"uv_size":[0,1]},"up":{"uv":[0,0],"uv_size":[2,0]},"down":{"uv":[0,0],"uv_size":[2,0]}}}]},{"name":"rightDoor","parent":"monorail","pivot":[-33,6,32],"cubes":[{"origin":[-33,45,32],"size":[3,5,14],"uv":{"north":{"uv":[215,175],"uv_size":[3,5]},"east":{"uv":[208,175],"uv_size":[14,5]},"south":{"uv":[272,13],"uv_size":[3,5]},"west":{"uv":[222,175],"uv_size":[-14,5]},"up":{"uv":[272,0],"uv_size":[3,25]},"down":{"uv":[223,203],"uv_size":[3,-21]}}},{"origin":[-33,6,32],"size":[3,9,14],"uv":{"north":{"uv":[181,209],"uv_size":[3,9]},"east":{"uv":[170,209],"uv_size":[14,9]},"south":{"uv":[258,87],"uv_size":[3,9]},"west":{"uv":[181,209],"uv_size":[14,9]},"up":{"uv":[226,183],"uv_size":[3,21]},"down":{"uv":[272,25],"uv_size":[3,-25]}}},{"origin":[-33,15,42],"size":[3,30,4],"uv":{"north":{"uv":[110,234],"uv_size":[3,30]},"east":{"uv":[104,252],"uv_size":[-4,30]},"south":{"uv":[118,268],"uv_size":[3,30]},"west":{"uv":[100,252],"uv_size":[4,30]},"up":{"uv":[199,21],"uv_size":[3,4]},"down":{"uv":[271,271],"uv_size":[3,-4]}}},{"origin":[-31.5,15,32],"size":[0,30,10],"uv":{"north":{"uv":[0,0],"uv_size":[0,30]},"east":{"uv":[169,155],"uv_size":[10,30]},"south":{"uv":[0,0],"uv_size":[0,30]},"west":{"uv":[179,155],"uv_size":[-10,30]},"up":{"uv":[0,0],"uv_size":[0,17]},"down":{"uv":[0,17],"uv_size":[0,-17]}}}]},{"name":"rightDoor2","parent":"rightDoor","pivot":[-33,6,32],"cubes":[{"origin":[-31.5,15,25],"size":[0,30,7],"uv":{"north":{"uv":[0,0],"uv_size":[0,30]},"east":{"uv":[179,155],"uv_size":[7,30]},"south":{"uv":[0,0],"uv_size":[0,30]},"west":{"uv":[186,155],"uv_size":[-7,30]},"up":{"uv":[0,7],"uv_size":[0,-7]},"down":{"uv":[0,7],"uv_size":[0,-7]}}},{"origin":[-33,45,21],"size":[3,5,11],"uv":{"north":{"uv":[272,13],"uv_size":[3,5]},"east":{"uv":[222,175],"uv_size":[11,5]},"south":{"uv":[218,175],"uv_size":[3,5]},"west":{"uv":[208,175],"uv_size":[11,5]},"up":{"uv":[275,11],"uv_size":[-3,-11]},"down":{"uv":[226,201],"uv_size":[-3,-11]}}},{"origin":[-33,15,21],"size":[3,30,4],"uv":{"north":{"uv":[118,268],"uv_size":[3,30]},"east":{"uv":[100,252],"uv_size":[4,30]},"south":{"uv":[113,234],"uv_size":[-3,30]},"west":{"uv":[104,252],"uv_size":[-4,30]},"up":{"uv":[190,21],"uv_size":[3,4]},"down":{"uv":[274,197],"uv_size":[3,-4]}}},{"origin":[-33,6,21],"size":[3,9,11],"uv":{"north":{"uv":[258,87],"uv_size":[3,9]},"east":{"uv":[184,209],"uv_size":[11,9]},"south":{"uv":[182,209],"uv_size":[3,9]},"west":{"uv":[170,209],"uv_size":[11,9]},"up":{"uv":[229,198],"uv_size":[-3,-11]},"down":{"uv":[275,11],"uv_size":[-3,-11]}}}]},{"name":"leftDoor3","parent":"monorail","pivot":[33,6,-32],"cubes":[{"origin":[30,45,-46],"size":[3,5,14],"uv":{"north":{"uv":[272,13],"uv_size":[3,5]},"east":{"uv":[222,175],"uv_size":[-14,5]},"south":{"uv":[215,175],"uv_size":[3,5]},"west":{"uv":[208,175],"uv_size":[14,5]},"up":{"uv":[275,25],"uv_size":[-3,-25]},"down":{"uv":[226,182],"uv_size":[-3,21]}}},{"origin":[30,6,-46],"size":[3,9,14],"uv":{"north":{"uv":[258,87],"uv_size":[3,9]},"east":{"uv":[181,209],"uv_size":[14,9]},"south":{"uv":[181,209],"uv_size":[3,9]},"west":{"uv":[170,209],"uv_size":[14,9]},"up":{"uv":[229,204],"uv_size":[-3,-21]},"down":{"uv":[275,0],"uv_size":[-3,25]}}},{"origin":[30,15,-46],"size":[3,30,4],"uv":{"north":{"uv":[118,268],"uv_size":[3,30]},"east":{"uv":[100,252],"uv_size":[4,30]},"south":{"uv":[110,234],"uv_size":[3,30]},"west":{"uv":[104,252],"uv_size":[-4,30]},"up":{"uv":[202,25],"uv_size":[-3,-4]},"down":{"uv":[274,267],"uv_size":[-3,4]}}},{"origin":[31.5,15,-42],"size":[0,30,10],"uv":{"north":{"uv":[0,0],"uv_size":[0,30]},"east":{"uv":[179,155],"uv_size":[-10,30]},"south":{"uv":[0,0],"uv_size":[0,30]},"west":{"uv":[169,155],"uv_size":[10,30]},"up":{"uv":[0,17],"uv_size":[0,-17]},"down":{"uv":[0,0],"uv_size":[0,17]}}}]},{"name":"leftDoor4","parent":"leftDoor3","pivot":[33,6,-32],"cubes":[{"origin":[31.5,15,-32],"size":[0,30,7],"uv":{"north":{"uv":[0,0],"uv_size":[0,30]},"east":{"uv":[186,155],"uv_size":[-7,30]},"south":{"uv":[0,0],"uv_size":[0,30]},"west":{"uv":[179,155],"uv_size":[7,30]},"up":{"uv":[0,0],"uv_size":[0,7]},"down":{"uv":[0,0],"uv_size":[0,7]}}},{"origin":[30,45,-32],"size":[3,5,11],"uv":{"north":{"uv":[218,175],"uv_size":[3,5]},"east":{"uv":[208,175],"uv_size":[11,5]},"south":{"uv":[272,13],"uv_size":[3,5]},"west":{"uv":[222,175],"uv_size":[11,5]},"up":{"uv":[272,0],"uv_size":[3,11]},"down":{"uv":[223,190],"uv_size":[3,11]}}},{"origin":[30,15,-25],"size":[3,30,4],"uv":{"north":{"uv":[113,234],"uv_size":[-3,30]},"east":{"uv":[104,252],"uv_size":[-4,30]},"south":{"uv":[118,268],"uv_size":[3,30]},"west":{"uv":[100,252],"uv_size":[4,30]},"up":{"uv":[193,25],"uv_size":[-3,-4]},"down":{"uv":[277,193],"uv_size":[-3,4]}}},{"origin":[30,6,-32],"size":[3,9,11],"uv":{"north":{"uv":[182,209],"uv_size":[3,9]},"east":{"uv":[170,209],"uv_size":[11,9]},"south":{"uv":[258,87],"uv_size":[3,9]},"west":{"uv":[184,209],"uv_size":[11,9]},"up":{"uv":[226,187],"uv_size":[3,11]},"down":{"uv":[272,0],"uv_size":[3,11]}}}]},{"name":"table1","parent":"monorail","pivot":[-29,18,-17.5],"cubes":[{"origin":[-29,16,-26],"size":[24,2,17],"uv":{"north":{"uv":[276,136],"uv_size":[24,2]},"east":{"uv":[277,136],"uv_size":[17,2]},"south":{"uv":[276,136],"uv_size":[24,2]},"west":{"uv":[283,136],"uv_size":[17,2]},"up":{"uv":[85,234],"uv_size":[24,17]},"down":{"uv":[170,208],"uv_size":[24,-17]}}},{"origin":[-29,5,-21],"size":[24,11,0],"pivot":[-17,16,-21],"rotation":[7.5,0,0],"uv":{"north":{"uv":[242,44],"uv_size":[24,11]},"east":{"uv":[0,0],"uv_size":[0,11]},"west":{"uv":[0,0],"uv_size":[0,11]},"up":{"uv":[0,0],"uv_size":[24,0]},"down":{"uv":[0,0],"uv_size":[24,0]}}},{"origin":[-29,5,-14],"size":[24,11,0],"pivot":[-17,16,-14],"rotation":[-7.5,0,0],"uv":{"north":{"uv":[242,44],"uv_size":[24,11]},"east":{"uv":[0,0],"uv_size":[0,11]},"west":{"uv":[0,0],"uv_size":[0,11]},"up":{"uv":[0,0],"uv_size":[24,0]},"down":{"uv":[0,0],"uv_size":[24,0]}}}]},{"name":"cupAndStraw","parent":"table1","pivot":[-25,18,-15],"cubes":[{"origin":[-27.5,18,-17.5],"size":[5,5,5],"uv":{"north":{"uv":[259,204],"uv_size":[5,5]},"east":{"uv":[259,204],"uv_size":[5,5]},"south":{"uv":[259,204],"uv_size":[5,5]},"west":{"uv":[259,204],"uv_size":[5,5]},"up":{"uv":[5,9],"uv_size":[5,5]},"down":{"uv":[252,216],"uv_size":[5,-5]}}},{"origin":[-28.5,23,-18.5],"size":[7,2,7],"uv":{"north":{"uv":[258,202],"uv_size":[7,2]},"east":{"uv":[258,202],"uv_size":[7,2]},"south":{"uv":[258,202],"uv_size":[7,2]},"west":{"uv":[258,202],"uv_size":[7,2]},"up":{"uv":[251,202],"uv_size":[7,7]},"down":{"uv":[251,217],"uv_size":[7,-7]}}}]},{"name":"straw","parent":"cupAndStraw","pivot":[-25,25,-15],"cubes":[{"origin":[-25,25,-19],"size":[0,5,4],"pivot":[-25,25,-15],"rotation":[17.5,-45,0],"uv":{"north":{"uv":[4,20],"uv_size":[0,5]},"east":{"uv":[252,197],"uv_size":[4,5]},"south":{"uv":[8,20],"uv_size":[0,5]},"up":{"uv":[4,16],"uv_size":[0,4]},"down":{"uv":[4,20],"uv_size":[0,-4]}}}]},{"name":"table2","parent":"monorail","pivot":[29,18,17.5],"cubes":[{"origin":[5,16,9],"size":[24,2,17],"uv":{"north":{"uv":[276,136],"uv_size":[24,2]},"east":{"uv":[283,136],"uv_size":[17,2]},"south":{"uv":[276,136],"uv_size":[24,2]},"west":{"uv":[277,136],"uv_size":[17,2]},"up":{"uv":[109,251],"uv_size":[-24,-17]},"down":{"uv":[194,191],"uv_size":[-24,17]}}},{"origin":[5,5,21],"size":[24,11,0],"pivot":[17,16,21],"rotation":[-7.5,0,0],"uv":{"east":{"uv":[0,0],"uv_size":[0,11]},"south":{"uv":[242,44],"uv_size":[24,11]},"west":{"uv":[0,0],"uv_size":[0,11]},"up":{"uv":[24,0],"uv_size":[-24,0]},"down":{"uv":[24,0],"uv_size":[-24,0]}}},{"origin":[5,5,14],"size":[24,11,0],"pivot":[17,16,14],"rotation":[7.5,0,0],"uv":{"east":{"uv":[0,0],"uv_size":[0,11]},"south":{"uv":[242,44],"uv_size":[24,11]},"west":{"uv":[0,0],"uv_size":[0,11]},"up":{"uv":[24,0],"uv_size":[-24,0]},"down":{"uv":[24,0],"uv_size":[-24,0]}}}]},{"name":"sodaCan","parent":"table2","pivot":[25,18,22],"cubes":[{"origin":[23,18,20],"size":[4,6,4],"uv":{"north":{"uv":[258,210],"uv_size":[4,6]},"east":{"uv":[263,211],"uv_size":[4,6]},"south":{"uv":[258,216],"uv_size":[4,-6]},"west":{"uv":[267,211],"uv_size":[-4,6]},"up":{"uv":[252,218],"uv_size":[4,4]},"down":{"uv":[258,222],"uv_size":[4,-4]}}},{"origin":[24,24,23],"size":[2,0,2],"pivot":[25,24,23],"rotation":[30,0,0],"uv":{"north":{"uv":[2,12],"uv_size":[2,0]},"east":{"uv":[0,12],"uv_size":[2,0]},"south":{"uv":[6,12],"uv_size":[2,0]},"west":{"uv":[4,12],"uv_size":[2,0]},"up":{"uv":[245,210],"uv_size":[2,2]}}}]},{"name":"seatsRight","parent":"monorail","pivot":[-5,8,-1]},{"name":"seat1","parent":"seatsRight","pivot":[-5,8,-1],"cubes":[{"origin":[-29,6,-7],"size":[22,5,8],"uv":{"north":{"uv":[258,66],"uv_size":[22,5]},"east":{"uv":[234,128],"uv_size":[-8,5]},"west":{"uv":[226,128],"uv_size":[8,5]},"up":{"uv":[194,191],"uv_size":[22,8]}}},{"origin":[-29,6,1],"size":[22,17,4],"pivot":[-17,11,1],"rotation":[-7.5,0,0],"uv":{"north":{"uv":[186,172],"uv_size":[22,17]},"east":{"uv":[118,268],"uv_size":[-4,17]},"south":{"uv":[186,155],"uv_size":[22,17]},"west":{"uv":[114,268],"uv_size":[4,17]},"up":{"uv":[195,209],"uv_size":[22,4]}}}]},{"name":"seat2","parent":"seatsRight","pivot":[-5,8,-34],"cubes":[{"origin":[-29,6,-36],"size":[22,5,8],"uv":{"east":{"uv":[226,128],"uv_size":[8,5]},"south":{"uv":[258,66],"uv_size":[22,5]},"west":{"uv":[234,128],"uv_size":[-8,5]},"up":{"uv":[194,199],"uv_size":[22,-8]}}},{"origin":[-29,6,-40],"size":[22,17,4],"pivot":[-17,11,-36],"rotation":[7.5,0,0],"uv":{"north":{"uv":[186,155],"uv_size":[22,17]},"east":{"uv":[114,268],"uv_size":[4,17]},"south":{"uv":[186,172],"uv_size":[22,17]},"west":{"uv":[118,268],"uv_size":[-4,17]},"up":{"uv":[195,209],"uv_size":[22,4]}}}]},{"name":"seatsLeft","parent":"monorail","pivot":[5,8,1]},{"name":"seat3","parent":"seatsLeft","pivot":[5,8,1],"cubes":[{"origin":[7,6,-1],"size":[22,5,8],"uv":{"east":{"uv":[226,128],"uv_size":[8,5]},"south":{"uv":[258,66],"uv_size":[22,5]},"west":{"uv":[234,128],"uv_size":[-8,5]},"up":{"uv":[216,199],"uv_size":[-22,-8]}}},{"origin":[7,6,-5],"size":[22,17,4],"pivot":[17,11,-1],"rotation":[7.5,0,0],"uv":{"north":{"uv":[186,155],"uv_size":[22,17]},"east":{"uv":[114,268],"uv_size":[4,17]},"south":{"uv":[186,172],"uv_size":[22,17]},"west":{"uv":[118,268],"uv_size":[-4,17]},"up":{"uv":[217,213],"uv_size":[-22,-4]}}}]},{"name":"seat4","parent":"seatsLeft","pivot":[5,8,34],"cubes":[{"origin":[7,6,28],"size":[22,5,8],"uv":{"north":{"uv":[258,66],"uv_size":[22,5]},"east":{"uv":[234,128],"uv_size":[-8,5]},"west":{"uv":[226,128],"uv_size":[8,5]},"up":{"uv":[216,191],"uv_size":[-22,8]}}},{"origin":[7,6,36],"size":[22,17,4],"pivot":[17,11,36],"rotation":[-7.5,0,0],"uv":{"north":{"uv":[186,172],"uv_size":[22,17]},"east":{"uv":[118,268],"uv_size":[-4,17]},"south":{"uv":[186,155],"uv_size":[22,17]},"west":{"uv":[114,268],"uv_size":[4,17]},"up":{"uv":[217,213],"uv_size":[-22,-4]}}}]}]}],"format_version":"1.12.0"}