{"minecraft:geometry":[{"description":{"identifier":"geometry.hive.hub.arcade.monorail.engine","texture_width":272,"texture_height":288,"visible_bounds_width":27,"visible_bounds_height":9,"visible_bounds_offset":[0,2.5,0]},"bones":[{"name":"root","pivot":[0,0,0]},{"name":"monorail","parent":"root","pivot":[0,0,0],"cubes":[{"origin":[-34,0,-6],"size":[68,58,62],"uv":{"north":{"uv":[116,122],"uv_size":[68,58]},"east":{"uv":[116,180],"uv_size":[62,58]},"south":{"uv":[48,124],"uv_size":[68,58]},"west":{"uv":[178,180],"uv_size":[-62,58]},"up":{"uv":[48,0],"uv_size":[68,62]},"down":{"uv":[48,124],"uv_size":[68,-62]}}},{"origin":[-39,9,2],"size":[8,44,16],"pivot":[-36,27.5,10],"rotation":[0,0,-5],"uv":{"north":{"uv":[40,133],"uv_size":[8,44]},"east":{"uv":[0,183],"uv_size":[16,44]},"south":{"uv":[48,133],"uv_size":[-8,44]},"up":{"uv":[170,238],"uv_size":[8,16]},"down":{"uv":[178,254],"uv_size":[8,-16]}}},{"origin":[-34,48,-67],"size":[68,10,61],"uv":{"north":{"uv":[195,260],"uv_size":[68,10]},"east":{"uv":[184,124],"uv_size":[61,10]},"west":{"uv":[245,124],"uv_size":[-61,10]},"up":{"uv":[116,0],"uv_size":[68,61]},"down":{"uv":[116,122],"uv_size":[68,-61]}}},{"origin":[-20,0,-56],"size":[40,6,50],"uv":{"up":{"uv":[0,133],"uv_size":[40,50]},"down":{"uv":[40,232],"uv_size":[40,-50]}}},{"origin":[-34,0,-56],"size":[14,22,50],"uv":{"east":{"uv":[184,158],"uv_size":[50,22]},"west":{"uv":[50,232],"uv_size":[50,22]},"up":{"uv":[195,180],"uv_size":[14,50]},"down":{"uv":[209,230],"uv_size":[14,-50]}}},{"origin":[20,0,-56],"size":[14,22,50],"uv":{"east":{"uv":[100,232],"uv_size":[-50,22]},"west":{"uv":[234,158],"uv_size":[-50,22]},"up":{"uv":[209,180],"uv_size":[-14,50]},"down":{"uv":[223,230],"uv_size":[-14,-50]}}},{"origin":[-34,0,-67],"size":[68,22,11],"uv":{"north":{"uv":[184,70],"uv_size":[68,22]},"east":{"uv":[16,205],"uv_size":[11,22]},"south":{"uv":[184,92],"uv_size":[68,22]},"west":{"uv":[27,205],"uv_size":[-11,22]},"up":{"uv":[0,266],"uv_size":[68,11]},"down":{"uv":[195,281],"uv_size":[68,-11]}}},{"origin":[-34,9.99,-67],"size":[10,12,39],"pivot":[-34,16.99,-67],"rotation":[0,-14,0],"uv":{"north":{"uv":[272,0],"uv_size":[10,12]},"east":{"uv":[50,254],"uv_size":[39,12]},"south":{"uv":[252,82],"uv_size":[10,12]},"up":{"uv":[223,180],"uv_size":[10,39]},"down":{"uv":[234,189],"uv_size":[10,-39]}}},{"origin":[-27,48,-81],"size":[54,10,14],"uv":{"north":{"uv":[184,114],"uv_size":[50,10]},"east":{"uv":[134,269],"uv_size":[14,10]},"west":{"uv":[148,269],"uv_size":[-14,10]},"up":{"uv":[60,172],"uv_size":[-1,1]},"down":{"uv":[195,252],"uv_size":[54,-14]}}},{"origin":[-25,0,-91],"size":[50,22,24],"uv":{"north":{"uv":[100,238],"uv_size":[50,22]},"east":{"uv":[16,183],"uv_size":[24,22]},"south":{"uv":[150,238],"uv_size":[50,22]},"west":{"uv":[40,183],"uv_size":[-24,22]},"up":{"uv":[184,134],"uv_size":[50,24]},"down":{"uv":[0,256],"uv_size":[50,-24]}}},{"origin":[-24,58,-77],"size":[48,10,133],"uv":{"north":{"uv":[223,228],"uv_size":[48,10]},"east":{"uv":[0,277],"uv_size":[133,10]},"south":{"uv":[223,228],"uv_size":[48,10]},"west":{"uv":[133,277],"uv_size":[-133,10]},"up":{"uv":[0,0],"uv_size":[48,133]}}},{"origin":[-33.9,58,27],"size":[10,14,20],"pivot":[-33.9,58,41],"rotation":[0,0,45],"uv":{"north":{"uv":[160,238],"uv_size":[-10,14]},"east":{"uv":[252,94],"uv_size":[20,14]},"south":{"uv":[170,238],"uv_size":[-10,14]}}},{"origin":[-33.9,58,-34],"size":[10,14,20],"pivot":[-33.9,58,-41],"rotation":[0,0,45],"uv":{"north":{"uv":[160,238],"uv_size":[10,14]},"east":{"uv":[272,94],"uv_size":[-20,14]},"south":{"uv":[150,238],"uv_size":[10,14]}}},{"origin":[23.9,58,27],"size":[10,14,20],"pivot":[33.9,58,41],"rotation":[0,0,-45],"uv":{"north":{"uv":[150,238],"uv_size":[10,14]},"south":{"uv":[160,238],"uv_size":[10,14]},"west":{"uv":[272,94],"uv_size":[-20,14]}}},{"origin":[23.9,58,-34],"size":[10,14,20],"pivot":[33.9,58,-41],"rotation":[0,0,-45],"uv":{"north":{"uv":[170,238],"uv_size":[-10,14]},"south":{"uv":[160,238],"uv_size":[-10,14]},"west":{"uv":[252,94],"uv_size":[20,14]}}},{"origin":[31,9,2],"size":[8,44,16],"pivot":[36,27.5,10],"rotation":[0,0,5],"uv":{"north":{"uv":[48,133],"uv_size":[-8,44]},"south":{"uv":[40,133],"uv_size":[8,44]},"west":{"uv":[16,183],"uv_size":[-16,44]},"up":{"uv":[178,238],"uv_size":[-8,16]},"down":{"uv":[186,254],"uv_size":[-8,-16]}}},{"origin":[24,9.99,-67],"size":[10,12,39],"pivot":[34,16.99,-67],"rotation":[0,14,0],"uv":{"north":{"uv":[282,0],"uv_size":[-10,12]},"south":{"uv":[262,82],"uv_size":[-10,12]},"west":{"uv":[89,254],"uv_size":[-39,12]},"up":{"uv":[233,180],"uv_size":[-10,39]},"down":{"uv":[244,189],"uv_size":[-10,-39]}}},{"origin":[-22,-22,-44],"size":[7,9,0],"pivot":[-31,0,-40],"rotation":[0,0,-25],"uv":{"north":{"uv":[178,180],"uv_size":[7,9]},"east":{"uv":[0,0],"uv_size":[0,10]},"south":{"uv":[185,180],"uv_size":[-7,9]},"west":{"uv":[0,0],"uv_size":[0,10]},"up":{"uv":[0,0],"uv_size":[7,0]},"down":{"uv":[0,0],"uv_size":[7,0]}}},{"origin":[15,-22,-44],"size":[7,9,0],"pivot":[31,0,-40],"rotation":[0,0,25],"uv":{"north":{"uv":[185,180],"uv_size":[-7,9]},"east":{"uv":[0,0],"uv_size":[0,10]},"south":{"uv":[178,180],"uv_size":[7,9]},"west":{"uv":[0,0],"uv_size":[0,10]},"up":{"uv":[7,0],"uv_size":[-7,0]},"down":{"uv":[7,0],"uv_size":[-7,0]}}},{"origin":[15,-22,44],"size":[7,9,0],"pivot":[31,0,40],"rotation":[0,0,25],"uv":{"north":{"uv":[185,180],"uv_size":[-7,9]},"east":{"uv":[0,0],"uv_size":[0,10]},"south":{"uv":[178,180],"uv_size":[7,9]},"west":{"uv":[0,0],"uv_size":[0,10]},"up":{"uv":[7,0],"uv_size":[-7,0]},"down":{"uv":[7,0],"uv_size":[-7,0]}}},{"origin":[-22,-22,44],"size":[7,9,0],"pivot":[-31,0,40],"rotation":[0,0,-25],"uv":{"north":{"uv":[178,180],"uv_size":[7,9]},"east":{"uv":[0,0],"uv_size":[0,10]},"south":{"uv":[185,180],"uv_size":[-7,9]},"west":{"uv":[0,0],"uv_size":[0,10]},"up":{"uv":[0,0],"uv_size":[7,0]},"down":{"uv":[0,0],"uv_size":[7,0]}}},{"origin":[-31,-22,-44],"size":[9,22,88],"pivot":[-31,0,-40],"rotation":[0,0,-25],"uv":{"north":{"uv":[177,254],"uv_size":[9,22]},"east":{"uv":[184,0],"uv_size":[88,22]},"south":{"uv":[186,254],"uv_size":[-9,22]},"west":{"uv":[184,22],"uv_size":[88,22]},"down":{"uv":[186,268],"uv_size":[9,-88]}}},{"origin":[22,-22,-44],"size":[9,22,88],"pivot":[31,0,-40],"rotation":[0,0,25],"uv":{"north":{"uv":[186,254],"uv_size":[-9,22]},"east":{"uv":[272,22],"uv_size":[-88,22]},"south":{"uv":[177,254],"uv_size":[9,22]},"west":{"uv":[272,0],"uv_size":[-88,22]},"down":{"uv":[195,268],"uv_size":[-9,-88]}}}]},{"name":"chair","parent":"monorail","pivot":[0,6,-31],"cubes":[{"origin":[-5,6,-36],"size":[10,5,10],"uv":{"north":{"uv":[89,254],"uv_size":[10,5]},"east":{"uv":[89,254],"uv_size":[10,5]},"south":{"uv":[89,254],"uv_size":[10,5]},"west":{"uv":[89,254],"uv_size":[10,5]}}},{"origin":[-5,1,-36],"size":[10,5,10],"uv":{"north":{"uv":[89,254],"uv_size":[10,5]},"east":{"uv":[89,254],"uv_size":[10,5]},"south":{"uv":[89,254],"uv_size":[10,5]},"west":{"uv":[89,254],"uv_size":[10,5]}}},{"origin":[-3,15,-36],"size":[6,8,6],"uv":{"north":{"uv":[240,189],"uv_size":[6,8]},"east":{"uv":[240,189],"uv_size":[6,8]},"south":{"uv":[240,189],"uv_size":[6,8]},"west":{"uv":[240,189],"uv_size":[6,8]},"up":{"uv":[234,189],"uv_size":[6,6]},"down":{"uv":[234,195],"uv_size":[6,-6]}}},{"origin":[-8,11,-40],"size":[16,4,18],"uv":{"north":{"uv":[100,230],"uv_size":[16,4]},"east":{"uv":[211,230],"uv_size":[-16,4]},"south":{"uv":[273,259],"uv_size":[16,4]},"west":{"uv":[195,230],"uv_size":[16,4]},"up":{"uv":[234,134],"uv_size":[16,16]},"down":{"uv":[4,233],"uv_size":[1,-1]}}},{"origin":[-8,11,-26],"size":[16,21,4],"pivot":[0,11,-22],"rotation":[-7.5,0,0],"uv":{"north":{"uv":[80,209],"uv_size":[16,21]},"east":{"uv":[116,209],"uv_size":[-4,21]},"south":{"uv":[96,209],"uv_size":[16,21]},"west":{"uv":[112,209],"uv_size":[4,21]},"up":{"uv":[195,234],"uv_size":[16,4]},"down":{"uv":[273,275],"uv_size":[16,-4]}}}]},{"name":"robot","parent":"chair","pivot":[0,23,-33],"cubes":[{"origin":[-6,23,-39],"size":[12,12,12],"uv":{"north":{"uv":[234,197],"uv_size":[12,12]},"east":{"uv":[246,197],"uv_size":[12,12]},"south":{"uv":[251,136],"uv_size":[12,12]},"west":{"uv":[257,197],"uv_size":[-12,12]},"up":{"uv":[251,148],"uv_size":[12,12]},"down":{"uv":[245,172],"uv_size":[12,-12]}}}]},{"name":"face","parent":"robot","pivot":[0,0,0],"cubes":[{"origin":[-5,25,-40],"size":[10,8,1],"uv":{"north":{"uv":[235,114],"uv_size":[10,8]},"east":{"uv":[245,114],"uv_size":[1,8]},"south":{"uv":[49,3],"uv_size":[10,8]},"west":{"uv":[245,114],"uv_size":[1,8]},"up":{"uv":[235,122],"uv_size":[10,1]},"down":{"uv":[235,123],"uv_size":[10,-1]}}}]},{"name":"eyes","parent":"face","pivot":[0,28,-40.1]},{"name":"rightEye","parent":"eyes","pivot":[-2.5,28,-40.1],"cubes":[{"origin":[-3,28,-40.1],"size":[1,2,0],"uv":{"north":{"uv":[262,194],"uv_size":[1,2]},"east":{"uv":[0,0],"uv_size":[0,2]},"west":{"uv":[0,0],"uv_size":[0,2]},"up":{"uv":[1,0],"uv_size":[-1,0]},"down":{"uv":[1,0],"uv_size":[-1,0]}}}]},{"name":"rightEyebrow","parent":"rightEye","pivot":[-2,30,-40.1]},{"name":"bone","parent":"rightEyebrow","pivot":[-2,30,-40.1],"cubes":[{"origin":[-4,30,-40.1],"size":[3,1,0],"uv":{"north":{"uv":[265,187],"uv_size":[3,1]},"east":{"uv":[0,0],"uv_size":[0,2]},"west":{"uv":[0,0],"uv_size":[0,2]},"up":{"uv":[1,0],"uv_size":[-1,0]},"down":{"uv":[1,0],"uv_size":[-1,0]}}}]},{"name":"leftEye","parent":"eyes","pivot":[2.5,28,-40.1],"cubes":[{"origin":[2,28,-40.1],"size":[1,2,0],"uv":{"north":{"uv":[263,194],"uv_size":[-1,2]},"east":{"uv":[0,0],"uv_size":[0,2]},"west":{"uv":[0,0],"uv_size":[0,2]},"up":{"uv":[0,0],"uv_size":[1,0]},"down":{"uv":[0,0],"uv_size":[1,0]}}}]},{"name":"leftEyebrow","parent":"leftEye","pivot":[2,30,-40.1]},{"name":"bone2","parent":"leftEyebrow","pivot":[2,30,-40.1],"cubes":[{"origin":[1,30,-40.1],"size":[3,1,0],"uv":{"north":{"uv":[268,187],"uv_size":[-3,1]},"east":{"uv":[0,0],"uv_size":[0,2]},"west":{"uv":[0,0],"uv_size":[0,2]},"up":{"uv":[0,0],"uv_size":[1,0]},"down":{"uv":[0,0],"uv_size":[1,0]}}}]},{"name":"mouths","parent":"face","pivot":[0,27.5,-40.1],"cubes":[{"origin":[-1,27,-40.1],"size":[2,1,0],"uv":{"north":{"uv":[259,191],"uv_size":[2,1]},"east":{"uv":[0,0],"uv_size":[0,3]},"west":{"uv":[0,0],"uv_size":[0,3]},"up":{"uv":[6,0],"uv_size":[-6,0]},"down":{"uv":[6,0],"uv_size":[-6,0]}}}]},{"name":"rightArm","parent":"robot","pivot":[-6,29,-33],"cubes":[{"origin":[-8,27.5,-34.5],"size":[2,3,3],"pivot":[-6,29,-33],"rotation":[25,0,0],"uv":{"north":{"uv":[253,178],"uv_size":[2,3]},"east":{"uv":[255,179],"uv_size":[3,3]},"south":{"uv":[255,178],"uv_size":[-2,3]},"west":{"uv":[250,177],"uv_size":[3,3]},"up":{"uv":[253,178],"uv_size":[2,3]},"down":{"uv":[253,181],"uv_size":[2,-3]}}},{"origin":[-11,19.5,-35.5],"size":[3,12,5],"pivot":[-6,29,-33],"rotation":[25,0,0],"uv":{"north":{"uv":[264,164],"uv_size":[3,12]},"east":{"uv":[258,160],"uv_size":[5,12]},"south":{"uv":[264,142],"uv_size":[3,12]},"west":{"uv":[245,172],"uv_size":[5,12]},"up":{"uv":[264,137],"uv_size":[3,5]},"down":{"uv":[267,148],"uv_size":[3,-5]}}},{"origin":[-11,19.5,-41.5],"size":[3,5,6],"pivot":[-6,29,-33],"rotation":[25,0,0],"uv":{"north":{"uv":[267,137],"uv_size":[3,5]},"east":{"uv":[263,159],"uv_size":[6,5]},"west":{"uv":[251,172],"uv_size":[6,5]},"up":{"uv":[267,169],"uv_size":[3,6]},"down":{"uv":[267,155],"uv_size":[3,-6]}}}]},{"name":"rightItem","parent":"rightArm","pivot":[-6,24,-33]},{"name":"rightSleeve","parent":"rightArm","pivot":[-5,30.5,-33]},{"name":"leftArm","parent":"robot","pivot":[6,29,-33],"cubes":[{"origin":[6,27.5,-34.5],"size":[2,3,3],"pivot":[6,29,-33],"rotation":[25,0,0],"uv":{"north":{"uv":[255,178],"uv_size":[-2,3]},"east":{"uv":[253,177],"uv_size":[-3,3]},"south":{"uv":[253,178],"uv_size":[2,3]},"west":{"uv":[258,179],"uv_size":[-3,3]},"up":{"uv":[255,178],"uv_size":[-2,3]},"down":{"uv":[255,181],"uv_size":[-2,-3]}}},{"origin":[8,19.5,-35.5],"size":[3,12,5],"pivot":[6,29,-33],"rotation":[25,0,0],"uv":{"north":{"uv":[267,164],"uv_size":[-3,12]},"east":{"uv":[250,172],"uv_size":[-5,12]},"south":{"uv":[267,142],"uv_size":[-3,12]},"west":{"uv":[263,160],"uv_size":[-5,12]},"up":{"uv":[267,137],"uv_size":[-3,5]},"down":{"uv":[270,148],"uv_size":[-3,-5]}}},{"origin":[8,19.5,-41.5],"size":[3,5,6],"pivot":[6,29,-33],"rotation":[25,0,0],"uv":{"north":{"uv":[270,137],"uv_size":[-3,5]},"east":{"uv":[257,172],"uv_size":[-6,5]},"west":{"uv":[269,159],"uv_size":[-6,5]},"up":{"uv":[270,169],"uv_size":[-3,6]},"down":{"uv":[270,155],"uv_size":[-3,-6]}}}]},{"name":"leftItem","parent":"leftArm","pivot":[6,24,-33]},{"name":"leftSleeve","parent":"leftArm","pivot":[5,30.5,-33]},{"name":"hat","parent":"robot","pivot":[0,35,-34],"cubes":[{"origin":[-3,38,-35],"size":[6,1,3],"pivot":[0,36,-34],"rotation":[-10,0,0],"uv":{"north":{"uv":[244,184],"uv_size":[6,1]},"east":{"uv":[250,185],"uv_size":[3,1]},"south":{"uv":[254,193],"uv_size":[6,1]},"west":{"uv":[253,185],"uv_size":[-3,1]},"up":{"uv":[253,190],"uv_size":[6,3]}}},{"origin":[-3,35,-38],"size":[6,1,3],"pivot":[0,36,-34],"rotation":[-10,0,0],"uv":{"north":{"uv":[250,184],"uv_size":[6,1]},"east":{"uv":[258,178],"uv_size":[3,1]},"south":{"uv":[55,61],"uv_size":[6,1]},"west":{"uv":[261,178],"uv_size":[-3,1]},"up":{"uv":[250,182],"uv_size":[6,3]},"down":{"uv":[262,181],"uv_size":[6,-3]}}},{"origin":[-3,35,-35],"size":[6,3,6],"pivot":[0,36,-34],"rotation":[-10,0,0],"uv":{"north":{"uv":[244,185],"uv_size":[6,3]},"east":{"uv":[251,186],"uv_size":[6,3]},"south":{"uv":[258,186],"uv_size":[6,3]},"west":{"uv":[257,186],"uv_size":[-6,3]},"up":{"uv":[247,190],"uv_size":[6,6]},"down":{"uv":[257,178],"uv_size":[6,-6]}}}]},{"name":"tie","parent":"robot","pivot":[0,25,-39],"rotation":[-15,0,0],"cubes":[{"origin":[-4,21,-39],"size":[8,4,0],"uv":{"north":{"uv":[236,211],"uv_size":[8,4]},"east":{"uv":[0,0],"uv_size":[0,3]},"west":{"uv":[0,0],"uv_size":[0,3]},"up":{"uv":[8,0],"uv_size":[-8,0]},"down":{"uv":[8,0],"uv_size":[-8,0]}}}]},{"name":"glass","parent":"monorail","pivot":[0,0,0],"cubes":[{"origin":[18,22,-80.1],"size":[0,27,1],"pivot":[18,22,-80.1],"rotation":[-10,0,0],"uv":{"north":{"uv":[0,0],"uv_size":[0,27]},"south":{"uv":[0,0],"uv_size":[0,27]},"west":{"uv":[116,182],"uv_size":[-1,27]},"up":{"uv":[0,0],"uv_size":[0,1]},"down":{"uv":[0,1],"uv_size":[0,-1]}}},{"origin":[-18,22,-80.1],"size":[0,27,1],"pivot":[-18,22,-80.1],"rotation":[-10,0,0],"uv":{"north":{"uv":[0,0],"uv_size":[0,27]},"east":{"uv":[115,182],"uv_size":[1,27]},"south":{"uv":[0,0],"uv_size":[0,27]},"up":{"uv":[0,0],"uv_size":[0,1]},"down":{"uv":[0,1],"uv_size":[0,-1]}}},{"origin":[26,22,-63],"size":[0,26,58],"pivot":[26,35,-63],"rotation":[0,5,0],"uv":{"north":{"uv":[0,0],"uv_size":[0,26]},"south":{"uv":[0,0],"uv_size":[0,26]},"west":{"uv":[242,44],"uv_size":[-58,26]},"up":{"uv":[0,0],"uv_size":[0,58]},"down":{"uv":[0,58],"uv_size":[0,-58]}}},{"origin":[18,22,-63],"size":[8,26,0],"uv":{"north":{"uv":[186,189],"uv_size":[-8,26]},"east":{"uv":[0,0],"uv_size":[0,26]},"west":{"uv":[0,0],"uv_size":[0,26]},"up":{"uv":[8,0],"uv_size":[-8,0]},"down":{"uv":[8,0],"uv_size":[-8,0]}}},{"origin":[18,22,-80],"size":[0,26,17],"uv":{"north":{"uv":[0,0],"uv_size":[0,26]},"south":{"uv":[0,0],"uv_size":[0,26]},"west":{"uv":[269,108],"uv_size":[-17,26]},"up":{"uv":[0,0],"uv_size":[0,17]},"down":{"uv":[0,17],"uv_size":[0,-17]}}},{"origin":[-18,22,-80],"size":[36,27,0],"pivot":[0,22,-80],"rotation":[-10,0,0],"uv":{"north":{"uv":[116,182],"uv_size":[-36,27]},"east":{"uv":[0,0],"uv_size":[0,27]},"west":{"uv":[0,0],"uv_size":[0,27]},"up":{"uv":[36,0],"uv_size":[-36,0]},"down":{"uv":[36,0],"uv_size":[-36,0]}}},{"origin":[-26,22,-63],"size":[8,26,0],"uv":{"north":{"uv":[178,189],"uv_size":[8,26]},"east":{"uv":[0,0],"uv_size":[0,26]},"west":{"uv":[0,0],"uv_size":[0,26]},"up":{"uv":[0,0],"uv_size":[8,0]},"down":{"uv":[0,0],"uv_size":[8,0]}}},{"origin":[-18,22,-80],"size":[0,26,17],"uv":{"north":{"uv":[0,0],"uv_size":[0,26]},"east":{"uv":[252,108],"uv_size":[17,26]},"south":{"uv":[0,0],"uv_size":[0,26]},"up":{"uv":[0,0],"uv_size":[0,17]},"down":{"uv":[0,17],"uv_size":[0,-17]}}},{"origin":[-26,22,-63],"size":[0,26,58],"pivot":[-26,35,-63],"rotation":[0,-5,0],"uv":{"north":{"uv":[0,0],"uv_size":[0,26]},"east":{"uv":[184,44],"uv_size":[58,26]},"south":{"uv":[0,0],"uv_size":[0,26]},"up":{"uv":[0,0],"uv_size":[0,58]},"down":{"uv":[0,58],"uv_size":[0,-58]}}},{"origin":[34,22,-32],"size":[0,26,26],"uv":{"north":{"uv":[0,0],"uv_size":[0,26]},"east":{"uv":[242,44],"uv_size":[26,26]},"south":{"uv":[0,0],"uv_size":[0,26]},"west":{"uv":[268,44],"uv_size":[-26,26]},"up":{"uv":[0,0],"uv_size":[0,26]},"down":{"uv":[0,26],"uv_size":[0,-26]}}},{"origin":[-34,22,-32],"size":[0,26,26],"uv":{"north":{"uv":[0,0],"uv_size":[0,26]},"east":{"uv":[242,44],"uv_size":[26,26]},"south":{"uv":[0,0],"uv_size":[0,26]},"west":{"uv":[268,44],"uv_size":[-26,26]},"up":{"uv":[0,0],"uv_size":[0,26]},"down":{"uv":[0,26],"uv_size":[0,-26]}}}]},{"name":"panel","parent":"monorail","pivot":[0,22,-56],"rotation":[45,0,0],"cubes":[{"origin":[-20,13,-59],"size":[40,9,3],"uv":{"north":{"uv":[197,251],"uv_size":[40,9]},"east":{"uv":[276,54],"uv_size":[3,9]},"south":{"uv":[116,260],"uv_size":[40,9]},"west":{"uv":[277,237],"uv_size":[3,9]},"up":{"uv":[0,227],"uv_size":[40,3]},"down":{"uv":[85,234],"uv_size":[5,-1]}}}]}]}],"format_version":"1.12.0"}