{"format_version":"1.10.0","particle_effect":{"description":{"identifier":"hivesky:diamonds","basic_render_parameters":{"material":"particles_alpha","texture":"textures/particle/hive/sky/projectiletrails/diamonds"}},"components":{"minecraft:emitter_rate_steady":{"spawn_rate":10,"max_particles":50},"minecraft:emitter_lifetime_looping":{"active_time":1},"minecraft:emitter_shape_point":{},"minecraft:particle_lifetime_expression":{"max_lifetime":1},"minecraft:particle_initial_spin":{"rotation_rate":"math.random(-90,90)"},"minecraft:particle_initial_speed":0,"minecraft:particle_motion_dynamic":{"linear_acceleration":[0,-3,0],"linear_drag_coefficient":1},"minecraft:particle_appearance_billboard":{"size":["(1-(variable.particle_age/variable.particle_lifetime))*0.15","(1-(variable.particle_age/variable.particle_lifetime))*0.15"],"facing_camera_mode":"rotate_xyz","uv":{"texture_width":8,"texture_height":32,"flipbook":{"base_UV":[0,24],"size_UV":[8,8],"step_UV":[0,-8],"frames_per_second":6,"max_frame":4}}}}}}