{"format_version":"1.10.0","particle_effect":{"description":{"identifier":"hivesky:flower_power","basic_render_parameters":{"material":"particles_alpha","texture":"textures/particle/hive/sky/projectiletrails/flower_power"}},"components":{"minecraft:emitter_rate_steady":{"spawn_rate":12,"max_particles":50},"minecraft:emitter_lifetime_looping":{"active_time":1},"minecraft:emitter_shape_point":{"direction":[0,1,0]},"minecraft:particle_lifetime_expression":{"max_lifetime":1},"minecraft:particle_initial_spin":{"rotation_rate":"math.random(-90,90)"},"minecraft:particle_initial_speed":0.2,"minecraft:particle_motion_dynamic":{"linear_acceleration":["math.random(-6,6)",1,"math.random(-6,6)"]},"minecraft:particle_appearance_billboard":{"size":["(1-(variable.particle_age/variable.particle_lifetime))*0.15","(1-(variable.particle_age/variable.particle_lifetime))*0.15"],"facing_camera_mode":"rotate_xyz","uv":{"texture_width":8,"texture_height":40,"flipbook":{"base_UV":[0,"8 * 4"],"size_UV":[8,8],"step_UV":[0,-8],"frames_per_second":1,"max_frame":5,"stretch_to_lifetime":true}}}}}}