{"format_version":"1.12.0","minecraft:geometry":[{"description":{"identifier":"geometry.hive.wars.treasure.beach.ball","texture_width":64,"texture_height":64,"visible_bounds_width":3,"visible_bounds_height":3,"visible_bounds_offset":[0,0.5,0]},"bones":[{"name":"root","pivot":[0,0,0],"cubes":[{"origin":[-5,0,-4],"size":[12,12,12],"pivot":[-2,0,-1],"rotation":[-10,0,10],"uv":[0,0]},{"origin":[-6,0,-6],"size":[8,2,8],"uv":[0,24]},{"origin":[-1,0,-8],"size":[5,1,5],"uv":[33,28]},{"origin":[-9,0.1,-10],"size":[18,0,18],"uv":[0,46]},{"origin":[-4,0.1,8],"size":[10,0,3],"uv":[0,34]}]}]}]}