{"format_version":"1.12.0","minecraft:geometry":[{"description":{"identifier":"geometry.hive.wars.treasure.computer","texture_width":64,"texture_height":64,"visible_bounds_width":3,"visible_bounds_height":2,"visible_bounds_offset":[0,1,0]},"bones":[{"name":"root","pivot":[0,0,0]},{"name":"mass","parent":"root","pivot":[0,24,0],"cubes":[{"origin":[-6,0,-2],"size":[12,2,11],"uv":[0,24]},{"origin":[-6,2,-3],"size":[12,12,12],"uv":[0,0]},{"origin":[-7,0,-9],"size":[10,1,5],"uv":[0,38]},{"origin":[4,0,-10],"size":[3,2,5],"uv":[32,37]},{"origin":[1,0,-4],"size":[1,1,2],"uv":[1,46]},{"origin":[5,0,-5],"size":[1,1,2],"uv":[1,46]},{"origin":[6,0,-3],"size":[1,1,3],"uv":[9,45]},{"origin":[7,0,0],"size":[1,1,9],"uv":[0,50]},{"origin":[3,0,9],"size":[5,1,1],"uv":[18,47]}]}]}]}