{"format_version":"1.12.0","minecraft:geometry":[{"description":{"identifier":"geometry.hive.wars.treasure.default","texture_width":64,"texture_height":64,"visible_bounds_width":2,"visible_bounds_height":2.5,"visible_bounds_offset":[0,0.75,0]},"bones":[{"name":"root","pivot":[0,0,0],"cubes":[{"origin":[-7.5,0,-6],"size":[15,8,12],"uv":[0,44]},{"origin":[-8,8,-6.5],"size":[16,3,13],"uv":[0,28]},{"origin":[-8,11,-5.5],"size":[16,2,11],"uv":[0,15]},{"origin":[-8,13,-4],"size":[16,1,8],"uv":[0,6]},{"origin":[-1.5,6,-7],"size":[3,3,1],"uv":[54,60]}]}]}]}