{"format_version":"1.12.0","minecraft:geometry":[{"description":{"identifier":"geometry.hive.wars.treasure.dragon.egg","texture_width":64,"texture_height":64,"visible_bounds_width":2,"visible_bounds_height":2,"visible_bounds_offset":[0,1,0]},"bones":[{"name":"root","pivot":[0,0,0]},{"name":"mass","parent":"root","pivot":[0,24,0],"cubes":[{"origin":[-4,0,-4],"size":[8,1,8],"uv":[32,48]},{"origin":[-5,1,-5],"size":[10,1,10],"uv":[0,48]},{"origin":[-6,2,-6],"size":[12,7,12],"uv":[0,29]},{"origin":[-5,9,-5],"size":[10,2,10],"uv":[0,17]},{"origin":[-5,11,-5],"size":[10,2,10],"uv":[0,5]},{"origin":[-1.5,9,-1.75],"size":[3,5,3],"uv":[52,0]},{"origin":[-2,14,-2.25],"size":[4,4,4],"uv":[48,9]},{"origin":[-0.5,18,-2.25],"size":[1,1,4],"uv":[43,27]},{"origin":[-2,14,-4.25],"size":[4,2,2],"uv":[52,17]},{"origin":[-4.5,11,1.25],"size":[4,4,1],"uv":[52,22]},{"origin":[-6.5,12,1.25],"size":[2,3,1],"uv":[45,23]},{"origin":[0.5,11,1.25],"size":[4,4,1],"uv":[52,22],"mirror":true},{"origin":[4.5,12,1.25],"size":[2,3,1],"uv":[45,23],"mirror":true},{"origin":[-2.5,12,-2.75],"size":[1,1,3],"uv":[54,28]},{"origin":[1.5,12,-2.75],"size":[1,1,3],"uv":[54,28]}]}]}]}