{"format_version":"1.12.0","minecraft:geometry":[{"description":{"identifier":"geometry.hive.wars.treasure.flamingo","texture_width":64,"texture_height":64,"visible_bounds_width":3,"visible_bounds_height":2,"visible_bounds_offset":[0,1,0]},"bones":[{"name":"root","pivot":[0,0,0]},{"name":"mass","parent":"root","pivot":[0,24,0],"cubes":[{"origin":[-1,0,0.5],"size":[3,1,2],"uv":[0,0]},{"origin":[-1,0,-2.5],"size":[3,1,2],"uv":[0,0]},{"origin":[1,1,1],"size":[1,5,1],"uv":[0,3]},{"origin":[1,1,-2],"size":[1,5,1],"uv":[0,3]},{"origin":[-4,7,-3],"size":[9,4,6],"uv":[0,9]},{"origin":[-5,8,-1.5],"size":[2,4,3],"uv":[0,19]},{"origin":[-7,14,-2],"size":[6,3,4],"uv":[0,30]},{"origin":[-4,12,-1],"size":[2,2,2],"uv":[0,26]},{"origin":[-9,13,-1],"size":[2,3,2],"uv":[0,37]},{"origin":[-9,12,-0.5],"size":[1,1,1],"uv":[8,40]},{"origin":[-6,17,-1.5],"size":[4,1,3],"uv":[21,33]},{"origin":[-3,6,-2],"size":[7,1,4],"uv":[31,14]},{"origin":[5,7,-1],"size":[2,2,2],"uv":[0,42]},{"origin":[7,7,-1],"size":[1,1,2],"uv":[9,43]},{"origin":[-2,7,-4],"size":[4,3,1],"uv":[6,4]},{"origin":[2,8,-4],"size":[1,2,1],"uv":[17,5]},{"origin":[-2,7,3],"size":[4,3,1],"uv":[6,4]},{"origin":[2,8,3],"size":[1,2,1],"uv":[17,5]}]}]}]}