{"format_version":"1.12.0","minecraft:geometry":[{"description":{"identifier":"geometry.hive.wars.treasure.gold.bars","texture_width":64,"texture_height":64,"visible_bounds_width":2,"visible_bounds_height":2,"visible_bounds_offset":[0,1,0]},"bones":[{"name":"root","pivot":[0,0,0]},{"name":"mass","parent":"root","pivot":[0,24,0],"cubes":[{"origin":[-7,0,-7],"size":[4,3,14],"uv":[0,0]},{"origin":[-2,0,-7],"size":[4,3,14],"uv":[0,0]},{"origin":[3,0,-7],"size":[4,3,14],"uv":[0,0]},{"origin":[0.5,3,-7],"size":[4,3,14],"uv":[0,0]},{"origin":[-4.5,3,-7],"size":[4,3,14],"uv":[0,0]},{"origin":[-2,6,-7],"size":[4,3,14],"uv":[0,0]}]}]}]}