{"format_version":"1.12.0","minecraft:geometry":[{"description":{"identifier":"geometry.hive.wars.treasure.ice.cream","texture_width":64,"texture_height":64,"visible_bounds_width":2,"visible_bounds_height":2,"visible_bounds_offset":[0,1,0]},"bones":[{"name":"root","pivot":[0,0,0]},{"name":"mass","parent":"root","pivot":[0,24,0],"cubes":[{"origin":[-2,0,-2],"size":[4,2,4],"uv":[41,48]},{"origin":[-3,2,-3],"size":[6,2,6],"uv":[33,56]},{"origin":[-5,6,-5],"size":[10,3,10],"uv":[0,41]},{"origin":[-6,9,-6],"size":[12,3,12],"uv":[0,26]},{"origin":[-5,12,-5],"size":[10,5,10],"uv":[0,9]},{"origin":[-4,4,-4],"size":[8,2,8],"uv":[0,54]},{"origin":[-4,17,-4],"size":[8,1,8],"uv":[0,0]}]}]}]}