{"format_version":"1.12.0","minecraft:geometry":[{"description":{"identifier":"geometry.hive.wars.treasure.pinata","texture_width":64,"texture_height":64,"visible_bounds_width":3,"visible_bounds_height":4,"visible_bounds_offset":[0,1,0]},"bones":[{"name":"root","pivot":[0,0,0],"cubes":[{"origin":[-6,3,-3],"size":[12,5,6],"uv":[0,16]},{"origin":[3,2,0],"size":[3,6,0],"pivot":[6,8,0],"rotation":[0,0,-45],"uv":[38,21]},{"origin":[-9,9,-3],"size":[8,5,6],"uv":[0,0]},{"origin":[-5,10,-4],"size":[3,3,1],"uv":[23,0]},{"origin":[-5,10,3],"size":[3,3,1],"uv":[23,0]},{"origin":[-4,14,-3],"size":[3,2,2],"pivot":[-2.5,14,-3],"rotation":[-10,0,0],"uv":[0,11]},{"origin":[-4,14,1],"size":[3,2,2],"pivot":[-2.5,14,3],"rotation":[10,0,0],"uv":[12,11]},{"origin":[-6,8,-3],"size":[5,1,6],"uv":[29,4]},{"origin":[-6,0,-3],"size":[3,3,2],"uv":[0,28]},{"origin":[-6,0,1],"size":[3,3,2],"uv":[12,28]},{"origin":[3,0,-3],"size":[3,3,2],"uv":[0,28]},{"origin":[3,0,1],"size":[3,3,2],"uv":[12,28]}]}]}]}