{"format_version":"1.12.0","minecraft:geometry":[{"description":{"identifier":"geometry.hive.wars.treasure.safe","texture_width":64,"texture_height":64,"visible_bounds_width":2,"visible_bounds_height":2.5,"visible_bounds_offset":[0,0.75,0]},"bones":[{"name":"root","pivot":[0,0,0]},{"name":"mass","parent":"root","pivot":[0,1,0],"cubes":[{"origin":[-7,1,-7],"size":[14,15,14],"uv":[0,35]},{"origin":[4,0,-6],"size":[2,1,2],"uv":[56,57]},{"origin":[-0.5,6,-7.5],"size":[5,5,1],"uv":[0,29]},{"origin":[1.5,8,-8.5],"size":[1,1,1],"uv":[60,52]},{"origin":[-4.5,7,-9],"size":[1,4,1],"uv":[56,49]},{"origin":[0.5,7,-8],"size":[3,3,1],"uv":[56,60]},{"origin":[3.5,11.5,-7.5],"size":[3,2,1],"uv":[56,54]},{"origin":[3.5,3.5,-7.5],"size":[3,2,1],"uv":[56,54]},{"origin":[-6,0,-6],"size":[2,1,2],"uv":[56,57]},{"origin":[4,0,4],"size":[2,1,2],"uv":[56,57]},{"origin":[-6,0,4],"size":[2,1,2],"uv":[56,57]},{"origin":[-4.5,7,-8],"size":[1,1,1],"uv":[60,50]},{"origin":[-4.5,10,-8],"size":[1,1,1],"uv":[60,50]}]}]}]}