{"format_version":"1.12.0","minecraft:geometry":[{"description":{"identifier":"geometry.hive.wars.treasure.sand.castle","texture_width":64,"texture_height":64,"visible_bounds_width":3,"visible_bounds_height":3,"visible_bounds_offset":[0,0.5,0]},"bones":[{"name":"root","pivot":[0,0,0],"cubes":[{"origin":[-6,0,-6],"size":[8,2,8],"uv":[0,24]},{"origin":[-4,0,-3],"size":[6,11,6],"uv":[0,0]},{"origin":[3,0,6],"size":[6,7,6],"pivot":[3,0,6],"rotation":[0.31111,22.04434,7.59303],"uv":[24,10]},{"origin":[2,3.78483,6.451],"size":[8,2,6],"pivot":[3,0,6],"rotation":[-19.68889,22.04434,7.59303],"uv":[24,23]},{"origin":[2,0,-3],"size":[5,5,4],"uv":[0,37]},{"origin":[2,5,-3],"size":[5,2,0],"uv":[14,37]},{"origin":[2,5,1],"size":[5,2,0],"uv":[14,37]},{"origin":[-5,11,-4],"size":[8,2,8],"uv":[24,0]},{"origin":[-5,13,-4],"size":[8,2,0],"uv":[0,18]},{"origin":[-5,13,4],"size":[8,2,0],"uv":[0,18]},{"origin":[0,13,0],"size":[5,7,0],"uv":[7,56],"mirror":true},{"origin":[-1,0,-8],"size":[5,1,5],"uv":[18,40]},{"origin":[-9,0.1,-10],"size":[18,0,18],"uv":[0,46]},{"origin":[-7,0.1,1],"size":[4,4,1],"pivot":[-6,0,1],"rotation":[-25,-47.5,0],"uv":[0,46]},{"origin":[-6,4.1,1],"size":[2,6,1],"pivot":[-6,0,1],"rotation":[-25,-47.5,0],"uv":[0,56]},{"origin":[-8,10.1,1],"size":[6,4,0],"pivot":[-6,0,1],"rotation":[-25,-47.5,0],"uv":[0,51]},{"origin":[-3,0.1,7],"size":[10,0,3],"uv":[0,34]}]}]}]}