{"format_version":"1.12.0","minecraft:geometry":[{"description":{"identifier":"geometry.hive.wars.treasure.saturn","texture_width":128,"texture_height":128,"visible_bounds_width":3,"visible_bounds_height":3,"visible_bounds_offset":[0,0.5,0]},"bones":[{"name":"root","pivot":[0,0,0],"cubes":[{"origin":[-9.44223,10.42752,-9.18933],"size":[19,0,19],"pivot":[0.05777,10.42752,0.31067],"rotation":[10,35,12.5],"uv":[0,0]},{"origin":[-8,0,-8],"size":[16,1,16],"uv":[0,20]},{"origin":[5.12718,14.00128,-7.70241],"size":[3,3,3],"pivot":[6.62718,15.50128,-6.20241],"rotation":[-5,35,20],"uv":[0,0]},{"origin":[-4.44223,5.92752,-4.18933],"size":[9,9,9],"pivot":[0.05777,10.42752,0.31067],"rotation":[17.5,35,10],"uv":[0,38]}]}]}]}