{"format_version":"1.12.0","minecraft:geometry":[{"description":{"identifier":"geometry.hive.wars.treasure.science.cube","texture_width":64,"texture_height":64,"visible_bounds_width":2,"visible_bounds_height":2,"visible_bounds_offset":[0,1,0]},"bones":[{"name":"root","pivot":[0,0,0],"cubes":[{"origin":[-6,1,-6],"size":[12,12,12],"uv":[0,0]},{"origin":[-7,10,-7],"size":[4,4,4],"uv":[0,24]},{"origin":[-7,0,-7],"size":[4,4,4],"uv":[17,24]},{"origin":[3,0,-7],"size":[4,4,4],"uv":[17,24],"mirror":true},{"origin":[3,10,-7],"size":[4,4,4],"uv":[0,24],"mirror":true},{"origin":[-7,10,3],"size":[4,4,4],"uv":[0,24]},{"origin":[-7,0,3],"size":[4,4,4],"uv":[17,24]},{"origin":[3,0,3],"size":[4,4,4],"uv":[17,24],"mirror":true},{"origin":[3,10,3],"size":[4,4,4],"uv":[0,24],"mirror":true}]}]}]}