{"format_version":"1.12.0","minecraft:geometry":[{"description":{"identifier":"geometry.hive.wars.treasure.skull","texture_width":64,"texture_height":64,"visible_bounds_width":2,"visible_bounds_height":2,"visible_bounds_offset":[0,1,0]},"bones":[{"name":"root","pivot":[0,0,0]},{"name":"skull","parent":"root","pivot":[0,0.5,-6],"rotation":[-10,0,0],"cubes":[{"origin":[-2,0,-6.25],"size":[4,3,2],"uv":[0,42]},{"origin":[-6,3,-6.25],"size":[12,1,12],"uv":[0,51]},{"origin":[-5,1,-5.25],"size":[2,2,2],"uv":[14,43]},{"origin":[3,1,-5.25],"size":[2,2,2],"uv":[14,43]},{"origin":[-5,13,-5.25],"size":[10,1,10],"uv":[0,0]},{"origin":[4,2,1.75],"size":[2,1,4],"uv":[24,42]},{"origin":[-6,2,1.75],"size":[2,1,4],"uv":[24,42]},{"origin":[-4,2,3.75],"size":[8,1,2],"uv":[37,44]},{"origin":[-6,10,-6.25],"size":[12,3,12],"uv":[0,11]},{"origin":[-6,4,3.75],"size":[12,6,2],"uv":[31,33]},{"origin":[-6,6,-6.25],"size":[12,1,1],"uv":[10,33]},{"origin":[-1,7,-6.25],"size":[2,3,2],"uv":[0,30]},{"origin":[-6,7,-6.25],"size":[1,3,1],"uv":[0,26]},{"origin":[5,7,-6.25],"size":[1,3,1],"uv":[0,26]},{"origin":[-6,4,-6.25],"size":[4,2,1],"uv":[13,27]},{"origin":[2,4,-6.25],"size":[4,2,1],"uv":[13,30]},{"origin":[1,5,-6.25],"size":[1,1,2],"uv":[5,27]},{"origin":[-2,5,-6.25],"size":[1,1,2],"uv":[5,27]},{"origin":[-2,9,-6.25],"size":[1,1,2],"uv":[5,27]},{"origin":[1,9,-6.25],"size":[1,1,2],"uv":[5,27]},{"origin":[4,9,-6.25],"size":[1,1,2],"uv":[5,27]},{"origin":[-5,9,-6.25],"size":[1,1,2],"uv":[5,27]},{"origin":[-6,4,-5.25],"size":[12,6,9],"uv":[0,26]}]}]}]}