{"format_version":"1.12.0","minecraft:geometry":[{"description":{"identifier":"geometry.hive.wars.treasure.sonic.hero.chao","texture_width":64,"texture_height":64,"visible_bounds_width":3,"visible_bounds_height":3,"visible_bounds_offset":[0,0.5,0]},"bones":[{"name":"root","pivot":[0,0,0],"cubes":[{"origin":[-9.5432,11.44738,-2.9619],"size":[5,5,0],"inflate":0,"pivot":[0,7,0],"rotation":[-11.09973,11.01878,44.42033],"uv":[26,36]},{"origin":[-5,7,-4.5],"size":[10,8,9],"inflate":0,"pivot":[0,7,0],"rotation":[-5,0,0],"uv":[0,0]},{"origin":[6,6,3.5],"size":[6,5,0],"inflate":0,"pivot":[9,9,3.5],"rotation":[0,30,0],"uv":[3,51],"mirror":true},{"origin":[-3,19.47201,-11.60381],"size":[6,0,6],"inflate":0,"pivot":[0,0,0],"rotation":[-25,0,0],"uv":[3,42]},{"origin":[4.21833,1.01909,-2],"size":[3,3,4],"inflate":0,"pivot":[0,0,0],"rotation":[0,0,-15],"uv":[17,26]},{"origin":[-7.21833,1.01909,-2],"size":[3,3,4],"inflate":0,"pivot":[0,0,0],"rotation":[0,0,15],"uv":[17,26],"mirror":true},{"origin":[4.21833,4.01909,-1],"size":[2,3,2],"inflate":0,"pivot":[0,0,0],"rotation":[0,0,-15],"uv":[0,0],"mirror":true},{"origin":[-6.21833,4.01909,-1],"size":[2,3,2],"inflate":0,"pivot":[0,0,0],"rotation":[0,0,15],"uv":[0,0]},{"origin":[-8,2,2],"size":[6,5,0],"inflate":0,"pivot":[-2,6,2],"rotation":[0,30,-7.5],"uv":[13,34]},{"origin":[2,2,2],"size":[6,5,0],"inflate":0,"pivot":[2,6,2],"rotation":[0,-30,7.5],"uv":[13,34],"mirror":true},{"origin":[-1.5,1,1],"size":[3,3,3],"inflate":0,"uv":[0,28]},{"origin":[-3,2,-2],"size":[6,5,4],"inflate":0,"uv":[0,18]},{"origin":[-2.97721,0,-4.26047],"size":[3,2,5],"inflate":0,"pivot":[0,0,0],"rotation":[0,10,0],"uv":[21,18],"mirror":true},{"origin":[-0.02279,0,-4.26047],"size":[3,2,5],"inflate":0,"pivot":[0,0,0],"rotation":[0,-10,0],"uv":[21,18]},{"origin":[-12,6,3.5],"size":[6,5,0],"inflate":0,"pivot":[-9,9,3.5],"rotation":[0,-30,0],"uv":[3,51]}]}]}]}