{"format_version":"1.12.0","minecraft:geometry":[{"description":{"identifier":"geometry.hive.wars.treasure.sonic.item.box","texture_width":128,"texture_height":128,"visible_bounds_width":4,"visible_bounds_height":4,"visible_bounds_offset":[0,1,0]},"bones":[{"name":"root","pivot":[0,0,0],"cubes":[{"origin":[-6,0,-5],"size":[12,2,10],"uv":[0,40]},{"origin":[-4,2,-3],"size":[8,1,6],"uv":[34,40]},{"origin":[-7.5,3,-8],"size":[15,14,15],"pivot":[3,3,-3],"rotation":[-2.5,0,0],"uv":[0,0]},{"origin":[-6,6,-9.7],"size":[12,10,1],"inflate":-1.5,"pivot":[3,3,-3],"rotation":[-2.5,0,0],"uv":[61,17]}]}]}]}