{"format_version":"1.12.0","minecraft:geometry":[{"description":{"identifier":"geometry.hive.wars.treasure.sunflower","texture_width":64,"texture_height":64,"visible_bounds_width":2,"visible_bounds_height":2,"visible_bounds_offset":[0,1,0]},"bones":[{"name":"root","pivot":[0,0,0]},{"name":"mass","parent":"root","pivot":[0,24,0],"cubes":[{"origin":[-4,0,-7],"size":[8,1,14],"uv":[0,21]},{"origin":[4,0,-4],"size":[3,1,8],"uv":[23,36]},{"origin":[-7,0,-4],"size":[3,1,8],"uv":[0,36]},{"origin":[-6,0,-6],"size":[2,1,2],"uv":[46,42]},{"origin":[4,0,-6],"size":[2,1,2],"uv":[46,42]},{"origin":[4,0,4],"size":[2,1,2],"uv":[46,42]},{"origin":[-6,0,4],"size":[2,1,2],"uv":[46,42]},{"origin":[-4,1,-4],"size":[8,1,8],"uv":[0,45]},{"origin":[-3,1,-5],"size":[6,1,1],"uv":[33,52]},{"origin":[-3,1,4],"size":[6,1,1],"uv":[33,52]},{"origin":[-0.5,2,-0.5],"size":[1,10,1],"uv":[0,10]},{"origin":[0.5,4,0.5],"size":[1,1,2],"uv":[5,10]},{"origin":[1.5,4,0.5],"size":[1,1,1],"uv":[5,13]},{"origin":[1.5,3.5,1.5],"size":[1,1,1],"uv":[5,15]},{"origin":[-1.5,7,-2.5],"size":[1,1,2],"uv":[5,10]},{"origin":[-2.5,7,-1.5],"size":[1,1,1],"uv":[5,13]},{"origin":[-2.5,6.5,-2.5],"size":[1,1,1],"uv":[5,15]},{"origin":[4,7,-6],"size":[3,2,2],"uv":[5,17]},{"origin":[5.5,8.5,-4],"size":[1,1,1],"uv":[16,19]},{"origin":[5.5,8.5,-7],"size":[1,1,1],"uv":[16,19]},{"origin":[7,7.5,-5.5],"size":[1,1,1],"uv":[21,19]}]},{"name":"head","parent":"root","pivot":[0,0,-2],"cubes":[{"origin":[-2.5,13,-0.75],"size":[5,3,2],"uv":[0,0]},{"origin":[-1.5,11,-1.75],"size":[3,2,2],"uv":[15,5]},{"origin":[-3.5,13,-1.75],"size":[2,3,2],"uv":[26,0]},{"origin":[-1.5,16,-1.75],"size":[3,2,2],"uv":[15,1]},{"origin":[1.5,13,-1.75],"size":[2,3,2],"uv":[26,5]},{"origin":[1.5,16,-0.75],"size":[1,1,1],"uv":[0,5]},{"origin":[-2.5,16,-0.75],"size":[1,1,1],"uv":[0,5]},{"origin":[-2.5,12,-0.75],"size":[1,1,1],"uv":[0,5]},{"origin":[1.5,12,-0.75],"size":[1,1,1],"uv":[0,5]},{"origin":[-1.5,16,-0.75],"size":[3,1,2],"uv":[35,0]},{"origin":[-1.5,12,-0.75],"size":[3,1,2],"uv":[35,3]}]}]}]}