{"minecraft:geometry":[{"description":{"identifier":"geometry.hive.wars.treasure.toy.robot","texture_width":64,"texture_height":64,"visible_bounds_width":5,"visible_bounds_height":4,"visible_bounds_offset":[0,1,0]},"bones":[{"name":"root","pivot":[0,0,0]},{"name":"body","parent":"root","pivot":[0,0,1],"cubes":[{"origin":[-3,0,-1],"size":[6,7,4],"uv":[25,26]},{"origin":[-1,3.85,-1.2],"size":[2,2,0],"pivot":[0,4.85,-1.2],"rotation":[0,0,45],"uv":[0,0]},{"origin":[-1.5,1,3],"size":[3,5,3],"pivot":[-0.5,6,3],"rotation":[-12.5,0,0],"uv":[29,16]},{"origin":[-1,6,3.5],"size":[2,1,2],"pivot":[-0.5,6,3],"rotation":[-12.5,0,0],"uv":[29,38]},{"origin":[2,1,0],"size":[2,6,2],"pivot":[3,6,1],"rotation":[-15,0,-40],"uv":[20,38]},{"origin":[-4,1,0],"size":[2,6,2],"pivot":[-3,6,1],"rotation":[-15,0,40],"uv":[20,38],"mirror":true},{"origin":[-3.5,0,-5],"size":[3,2,5],"pivot":[-2.5,3,0],"rotation":[0,25,0],"uv":[25,0],"mirror":true},{"origin":[-3.5,2,-5],"size":[3,1,2],"pivot":[-2.5,2,0],"rotation":[0,25,0],"uv":[37,0]},{"origin":[0.5,0,-5],"size":[3,2,5],"pivot":[2.5,3,0],"rotation":[0,-25,0],"uv":[25,0]},{"origin":[0.5,2,-5],"size":[3,1,2],"pivot":[2.5,4,0],"rotation":[0,-25,0],"uv":[37,0]},{"origin":[-4,7,-3],"size":[8,7,8],"pivot":[0,7,2],"rotation":[-5,0,0],"uv":[0,0]},{"origin":[-2,9,5],"size":[4,3,2],"pivot":[0,7,2],"rotation":[-5,0,0],"uv":[33,8]},{"origin":[-5,6,-4],"size":[10,9,4],"pivot":[0,7,2],"rotation":[-5,0,0],"uv":[0,16]},{"origin":[4,6.76777,-3.18198],"size":[2,4,4],"pivot":[0,7,2],"rotation":[-50,0,0],"uv":[0,30]},{"origin":[4.75438,9.75648,1],"size":[4,9,0],"pivot":[0,7,2],"rotation":[-4.99527,0.21782,2.4905],"uv":[13,30]},{"origin":[-8.75438,9.75648,1],"size":[4,9,0],"pivot":[0,7,2],"rotation":[-4.99527,-0.21782,-2.4905],"uv":[13,30],"mirror":true},{"origin":[-6,6.76777,-3.18198],"size":[2,4,4],"pivot":[0,7,2],"rotation":[-50,0,0],"uv":[0,30],"mirror":true},{"origin":[-1.85355,9.15,-4.1],"size":[2,2,0],"pivot":[0,6.55,2],"rotation":[-3.54002,3.53329,44.89078],"uv":[0,3]},{"origin":[-0.14645,9.15,-4.1],"size":[2,2,0],"pivot":[0,6.55,2],"rotation":[-3.54002,-3.53329,-44.89078],"uv":[0,3],"mirror":true}]}]}],"format_version":"1.12.0"}