{"format_version":"1.12.0","minecraft:geometry":[{"description":{"identifier":"geometry.hive.wars.treasure.traffic","texture_width":64,"texture_height":64,"visible_bounds_width":2,"visible_bounds_height":2.5,"visible_bounds_offset":[0,0.75,0]},"bones":[{"name":"root","pivot":[0,0,0],"cubes":[{"origin":[-7,0,-7],"size":[14,1,14],"uv":[0,49]},{"origin":[-5,1,-5],"size":[10,3,10],"uv":[0,36]},{"origin":[-4,4,-4],"size":[8,3,8],"uv":[0,25]},{"origin":[-3,7,-3],"size":[6,4,6],"uv":[40,39]},{"origin":[-2,11,-2],"size":[4,4,4],"uv":[0,17]},{"origin":[-1,15,-1],"size":[2,4,2],"uv":[56,58]}]}]}]}