{"format_version":"1.8.0","minecraft:client_entity":{"description":{"identifier":"hivewars:upgrade_bot","materials":{"default":"entity_alphatest"},"textures":{"default":"textures/entity/hive/wars/upgrade_bot"},"geometry":{"default":"geometry.hive.wars.upgrade.bot"},"scripts":{"pre_animation":["variable.idleRandom \u003d math.random_integer(0, 1000);"]},"animations":{"idle1":"animation.hive.wars.upgrade.bot.idle1","idle2":"animation.hive.wars.upgrade.bot.idle2"},"animation_controllers":[{"idleBase":"controller.animation.hive.wars.upgrade.bot.idleBase"},{"idle":"controller.animation.hive.wars.upgrade.bot.idle"}],"render_controllers":["controller.render.default"]}}}