{"format_version":"1.8.0","render_controllers":{"controller.render.hive.territory.powerup":{"arrays":{"textures":{"array.textures":["Texture.golden_destruction","Texture.golden_territory_expansion","Texture.golden_rain_of_pain","Texture.projectile_blindness","Texture.projectile_explosive","Texture.projectile_knockback","Texture.imposter","Texture.iron_man","Texture.refill_ground","Texture.refill_snow","Texture.diamond_dave"]},"geometries":{"array.geometries":["Geometry.golden_destruction","Geometry.golden_territory_expansion","Geometry.golden_rain_of_pain","Geometry.projectile_blindness","Geometry.projectile_explosive","Geometry.projectile_knockback","Geometry.imposter","Geometry.iron_man","Geometry.refill_ground","Geometry.refill_snow"]}},"geometry":"array.geometries[query.mark_variant]","materials":[{"*":"Material.default"}],"textures":["array.textures[query.variant]"]}}}