{"format_version":"1.12.0","minecraft:geometry":[{"description":{"identifier":"geometry.hive.wars.bridge.builder.biplane","texture_width":64,"texture_height":64,"visible_bounds_width":3,"visible_bounds_height":4,"visible_bounds_offset":[0,1,0]},"bones":[{"name":"root","pivot":[0,0,0],"cubes":[{"origin":[-10,2,-8],"size":[20,1,6],"uv":[0,7]},{"origin":[-10,10,-8],"size":[20,1,6],"uv":[0,0]},{"origin":[-8,2,-8],"size":[0,8,6],"pivot":[-8,10,-5],"rotation":[0,0,-27.5],"uv":[0,9]},{"origin":[8,2,-8],"size":[0,8,6],"pivot":[8,10,-5],"rotation":[0,0,27.5],"uv":[0,9],"mirror":true},{"origin":[-3,3,-10],"size":[6,5,11],"uv":[8,14]},{"origin":[-2,4,1],"size":[4,4,7],"uv":[42,19]},{"origin":[-0.5,6,5],"size":[1,4,5],"uv":[52,30]},{"origin":[-1.5,4,-12],"size":[3,3,2],"uv":[32,14]},{"origin":[-3.5,2,-11],"size":[7,7,0],"uv":[0,31]},{"origin":[-3,8,-8],"size":[6,2,0],"pivot":[0,8,-8],"rotation":[-45,0,0],"uv":[0,39]},{"origin":[-6,8,5],"size":[4,0,3],"uv":[36,36]},{"origin":[2,8,5],"size":[4,0,3],"uv":[36,36],"mirror":true}]}]}]}