{"format_version":"1.12.0","minecraft:geometry":[{"description":{"identifier":"geometry.hive.wars.bridge.builder.bulldozer","texture_width":64,"texture_height":64,"visible_bounds_width":2,"visible_bounds_height":2,"visible_bounds_offset":[0,1,0]},"bones":[{"name":"root","pivot":[0,0,0],"cubes":[{"origin":[-3,1,-5],"size":[6,5,13],"uv":[0,14]},{"origin":[-3,6,3],"size":[6,3,4],"uv":[0,7]},{"origin":[-2,6,1],"size":[4,3,2],"uv":[21,9]},{"origin":[-5,0,-3],"size":[2,3,9],"uv":[42,18]},{"origin":[3,0,-3],"size":[2,3,9],"uv":[42,18],"mirror":true},{"origin":[-5,3,-2],"size":[2,1,7],"uv":[26,15]},{"origin":[3,3,-2],"size":[2,1,7],"uv":[26,15],"mirror":true},{"origin":[-5,0,-7],"size":[10,5,2],"uv":[20,35]},{"origin":[-5,0,-11],"size":[10,1,4],"uv":[20,43]},{"origin":[-3,9,1],"size":[6,1,6],"uv":[0,0]},{"origin":[5,2,-6],"size":[1,1,8],"uv":[0,33]},{"origin":[-6,2,-6],"size":[1,1,8],"uv":[0,33]},{"origin":[-2.5,6,-3],"size":[1,3,1],"uv":[0,43]}]}]}]}