{"format_version":"1.12.0","minecraft:geometry":[{"description":{"identifier":"geometry.hive.wars.bridge.builder.chompy","texture_width":64,"texture_height":64,"visible_bounds_width":3,"visible_bounds_height":3,"visible_bounds_offset":[0,0.5,0]},"bones":[{"name":"root","pivot":[0,0,0],"cubes":[{"origin":[-3,3,-6],"size":[6,7,10],"uv":[0,0]},{"origin":[-3,6,-12],"size":[6,4,6],"uv":[0,18]},{"origin":[-3,5,-12],"size":[6,1,6],"uv":[23,0]},{"origin":[-2.5,3,-12],"size":[5,2,6],"pivot":[0,6,-6],"rotation":[25,0,0],"uv":[19,23]},{"origin":[-2.5,5,-12],"size":[5,1,6],"pivot":[0,6,-6],"rotation":[25,0,0],"uv":[27,12]},{"origin":[-9,6,-5],"size":[6,0,5],"pivot":[-3,6,0],"rotation":[0,0,-20],"uv":[13,32]},{"origin":[3,6,-5],"size":[6,0,5],"pivot":[3,6,0],"rotation":[0,0,20],"uv":[13,32],"mirror":true},{"origin":[0,10,-5],"size":[0,5,5],"uv":[13,38]},{"origin":[-2,4,4],"size":[4,5,3],"uv":[34,32]},{"origin":[0,2,7],"size":[0,11,6],"uv":[0,29]}]}]}]}