{"format_version":"1.12.0","minecraft:geometry":[{"description":{"identifier":"geometry.hive.wars.bridge.builder.mailbot.delivery.drone","texture_width":64,"texture_height":64,"visible_bounds_width":3,"visible_bounds_height":3,"visible_bounds_offset":[0,0.5,0]},"bones":[{"name":"root","pivot":[0,0,0],"rotation":[-180,0,180]},{"name":"wheel","parent":"root","pivot":[-0.15,2,-0.75],"cubes":[{"origin":[-2,0,-2.75],"size":[4,4,4],"pivot":[0,2,-0.75],"rotation":[-45,0,0],"uv":[0,13]}]},{"name":"body","parent":"root","pivot":[0,7,0],"cubes":[{"origin":[-4,6,-3],"size":[8,6,6],"uv":[0,0]},{"origin":[3,12,-3],"size":[1,4,0],"uv":[0,0]},{"origin":[-2,12,-2],"size":[4,3,4],"pivot":[0,12,1],"rotation":[10,0,0],"uv":[17,17]},{"origin":[-2,12,2],"size":[4,1,2],"pivot":[0,12,1],"rotation":[10,0,0],"uv":[13,13]},{"origin":[-2,7,3],"size":[4,4,2],"uv":[22,25]},{"origin":[-6,8,-1],"size":[2,2,2],"uv":[22,32]},{"origin":[4,8,-1],"size":[2,2,2],"uv":[22,32],"mirror":true},{"origin":[2,2,-1],"size":[1,4,2],"pivot":[0,6,1],"rotation":[-10,0,0],"uv":[31,32]},{"origin":[-3,2,-1],"size":[1,4,2],"pivot":[0,6,1],"rotation":[-10,0,0],"uv":[31,32]}]},{"name":"leftArm","parent":"body","pivot":[-5,9,0],"cubes":[{"origin":[-7,4,-1.5],"size":[2,7,3],"pivot":[-5,10,0],"rotation":[-5,0,10],"uv":[11,25]},{"origin":[-7,4,1.5],"size":[2,3,3],"pivot":[-5,10,0],"rotation":[-5,0,10],"uv":[29,0]}]},{"name":"rightArm","parent":"body","pivot":[5,9,0],"cubes":[{"origin":[5,4,-1.5],"size":[2,7,3],"pivot":[5,10,0],"rotation":[-5,0,-10],"uv":[0,22]},{"origin":[5,4,1.5],"size":[2,3,3],"pivot":[5,10,0],"rotation":[-5,0,-10],"uv":[26,10]}]}]}]}