{"format_version":"1.12.0","minecraft:geometry":[{"description":{"identifier":"geometry.hive.wars.bridge.builder.penguin","texture_width":64,"texture_height":64,"visible_bounds_width":3,"visible_bounds_height":2,"visible_bounds_offset":[0,0,0]},"bones":[{"name":"root","pivot":[0,0,0],"cubes":[{"origin":[-4,0,-6],"size":[8,5,13],"uv":[0,10]},{"origin":[-4,1,7],"size":[3,0,4],"pivot":[-1,1,7],"rotation":[-10,-10,0],"uv":[0,13]},{"origin":[1,1,7],"size":[3,0,4],"pivot":[1,1,7],"rotation":[-10,10,0],"uv":[0,13],"mirror":true},{"origin":[-3,2,7],"size":[6,3,3],"pivot":[0,2,7],"rotation":[15,0,0],"uv":[0,29]},{"origin":[-1,3,10],"size":[2,2,2],"pivot":[0,2,7],"rotation":[15,0,0],"uv":[21,31]},{"origin":[-4,3,-4],"size":[4,1,7],"pivot":[-4,3.5,-4],"rotation":[-10,-50,0],"uv":[27,0]},{"origin":[0,3,-4],"size":[4,1,7],"pivot":[4,3.5,-4],"rotation":[-10,50,0],"uv":[27,0],"mirror":true},{"origin":[-3,2,-10],"size":[6,5,5],"uv":[0,0]},{"origin":[-2,3,-12],"size":[4,2,2],"uv":[18,0]}]}]}]}