{"format_version":"1.12.0","minecraft:geometry":[{"description":{"identifier":"geometry.hive.wars.bridge.builder.robin","texture_width":64,"texture_height":64,"visible_bounds_width":3,"visible_bounds_height":3,"visible_bounds_offset":[0,0.5,0]},"bones":[{"name":"root","pivot":[0,0,0],"rotation":[-180,0,180],"cubes":[{"origin":[-0.5,4.95897,-10.40802],"size":[2,1,3],"pivot":[0.5,9,-8.5],"rotation":[12.5,0,0],"uv":[30,2]},{"origin":[4,7,-4],"size":[6,1,6],"uv":[0,21]},{"origin":[4,8,2],"size":[6,0,2],"uv":[28,0]},{"origin":[10,8,0],"size":[3,0,2],"uv":[0,4]},{"origin":[10,7,-4],"size":[3,1,4],"uv":[10,30]},{"origin":[13,8,-4],"size":[2,0,4],"uv":[0,0]},{"origin":[-9,8,2],"size":[6,0,2],"uv":[28,0],"mirror":true},{"origin":[-9,7,-4],"size":[6,1,6],"uv":[0,21],"mirror":true},{"origin":[-14,8,-4],"size":[2,0,4],"uv":[0,0],"mirror":true},{"origin":[-12,7,-4],"size":[3,1,4],"uv":[10,30],"mirror":true},{"origin":[-12,8,0],"size":[3,0,2],"uv":[0,4],"mirror":true},{"origin":[-3,2,-4],"size":[7,6,7],"uv":[0,8]},{"origin":[-2,3.87748,4.06935],"size":[5,4,2],"pivot":[1,12,4],"rotation":[-15,0,0],"uv":[0,28]},{"origin":[-2,4.87748,6.06935],"size":[5,3,2],"pivot":[1,12,4],"rotation":[-15,0,0],"uv":[26,19]},{"origin":[-5,7.87748,6.06935],"size":[11,0,8],"pivot":[1,12,4],"rotation":[-15,0,0],"uv":[0,0]},{"origin":[-1,0.08193,4.62227],"size":[3,2,5],"pivot":[1,12,4],"rotation":[-15,0,0],"uv":[21,8]},{"origin":[-1.5,4,-8],"size":[4,4,4],"uv":[20,24]},{"origin":[-2,5,-7],"size":[5,2,2],"uv":[28,15]}]}]}]}