{"format_version":"1.12.0","minecraft:geometry":[{"description":{"identifier":"geometry.hive.wars.bridge.builder.rocket","texture_width":64,"texture_height":64,"visible_bounds_width":3,"visible_bounds_height":3,"visible_bounds_offset":[0,0.5,0]},"bones":[{"name":"root","pivot":[0,0,0],"cubes":[{"origin":[-4,2,-6],"size":[8,8,10],"uv":[28,0]},{"origin":[-3,3,-8],"size":[6,6,2],"uv":[0,6]},{"origin":[-2,4,-10],"size":[4,4,2],"uv":[9,0]},{"origin":[-1,5,-12],"size":[2,2,2],"uv":[0,0]},{"origin":[-2,4,4],"size":[4,4,1],"uv":[0,15]},{"origin":[-3,3,5],"size":[6,6,2],"uv":[0,21]},{"origin":[0,2,7],"size":[0,8,5],"pivot":[0,6,8],"rotation":[0,0,45],"uv":[17,16]},{"origin":[0,2,7],"size":[0,8,5],"pivot":[0,6,8],"rotation":[0,0,-45],"uv":[17,16]},{"origin":[0,10,0],"size":[0,3,8],"uv":[0,22]},{"origin":[0,-1,0],"size":[0,3,8],"uv":[0,26]},{"origin":[-7,6,0],"size":[3,0,8],"uv":[0,38]},{"origin":[4,6,0],"size":[3,0,8],"uv":[0,38],"mirror":true}]}]}]}