{"format_version":"1.12.0","minecraft:geometry":[{"description":{"identifier":"geometry.hive.wars.bridge.builder.motobug","texture_width":128,"texture_height":128,"visible_bounds_width":3,"visible_bounds_height":2.5,"visible_bounds_offset":[0,0.75,0]},"bones":[{"name":"root","pivot":[0,0,0],"cubes":[{"origin":[-8,1,-10],"size":[0,2,3],"uv":[81,43]},{"origin":[-8,4,-6],"size":[0,3,3],"uv":[79,34]},{"origin":[-9,3,-10],"size":[2,3,4],"uv":[68,41]},{"origin":[-9,7,-6],"size":[2,4,3],"uv":[68,33]},{"origin":[8,1,-10],"size":[0,2,3],"uv":[81,43],"mirror":true},{"origin":[8,4,-6],"size":[0,3,3],"uv":[79,34],"mirror":true},{"origin":[7,3,-10],"size":[2,3,4],"uv":[68,41],"mirror":true},{"origin":[7,7,-6],"size":[2,4,3],"uv":[68,33],"mirror":true},{"origin":[7,7.25,4],"size":[1,3,0],"pivot":[7.5,8.25,4],"rotation":[-45,0,0],"uv":[61,28],"mirror":true},{"origin":[8,6.75,1],"size":[4,4,10],"uv":[59,12],"mirror":true},{"origin":[-8,7.25,4],"size":[1,3,0],"pivot":[-7.5,8.25,4],"rotation":[-45,0,0],"uv":[61,28]},{"origin":[-12,6.75,1],"size":[4,4,10],"uv":[59,12]},{"origin":[0,4,-13],"size":[3,4,0],"pivot":[3,6,-13],"rotation":[0,-35,0],"uv":[45,43],"mirror":true},{"origin":[-3,4,-13],"size":[3,4,0],"pivot":[-3,6,-13],"rotation":[0,35,0],"uv":[45,43]},{"origin":[1,14,-13],"size":[0,4,6],"pivot":[1,14,-7],"rotation":[0,-20,0],"uv":[0,42]},{"origin":[-1,14,-13],"size":[0,4,6],"pivot":[-1,14,-7],"rotation":[0,20,0],"uv":[0,42]},{"origin":[-6,8,-11],"size":[1,4,4],"uv":[33,42]},{"origin":[5,8,-11],"size":[1,4,4],"uv":[33,42],"mirror":true},{"origin":[-5,6,-13],"size":[10,8,7],"uv":[33,26]},{"origin":[-7,6,-6],"size":[14,11,15],"uv":[0,0]}]},{"name":"wheel","parent":"root","pivot":[-0.1,5,0],"cubes":[{"origin":[-3,0,-5],"size":[6,10,10],"uv":[0,26]}]}]}]}