{"format_version":"1.12.0","minecraft:geometry":[{"description":{"identifier":"geometry.hive.wars.bridge.builder.invader","texture_width":64,"texture_height":64,"visible_bounds_width":4,"visible_bounds_height":3,"visible_bounds_offset":[0,0.5,0]},"bones":[{"name":"root","pivot":[0,0,0]},{"name":"body","parent":"root","pivot":[0,6,0],"rotation":[10,0,0],"cubes":[{"origin":[8,10,2],"size":[0,6,11],"pivot":[8,10,0],"rotation":[0,0,30],"uv":[24,22]},{"origin":[-8,10,2],"size":[0,6,11],"pivot":[-8,10,0],"rotation":[0,0,-30],"uv":[24,22],"mirror":true},{"origin":[-8,6,-8],"size":[16,4,16],"uv":[0,0]},{"origin":[-4,10,-4],"size":[8,3,8],"uv":[22,22]}]},{"name":"field","parent":"body","pivot":[0,0,0]},{"name":"fieldA","parent":"field","pivot":[0,0,0],"cubes":[{"origin":[-4,2,-4],"size":[8,0,8],"uv":[0,33]}]},{"name":"fieldB","parent":"field","pivot":[0,0,0],"cubes":[{"origin":[-5,4,-5],"size":[10,0,10],"uv":[0,20]}]},{"name":"antenna","parent":"body","pivot":[0,13,1],"rotation":[-15,0,0],"cubes":[{"origin":[0,13,1],"size":[0,6,2],"uv":[0,2]},{"origin":[-1,19,2],"size":[2,2,2],"uv":[0,0]}]}]}]}