{"format_version":"1.10.0","particle_effect":{"description":{"identifier":"hive:smoke","basic_render_parameters":{"material":"particles_alpha","texture":"textures/particle/particles"}},"components":{"minecraft:emitter_rate_instant":{"num_particles":1},"minecraft:emitter_lifetime_looping":{"active_time":0.175},"minecraft:particle_initial_speed":"Math.random(0.0, 1.0)","minecraft:particle_initial_spin":{"rotation":"Math.random(0, 360)","rotation_rate":"Math.random(-50, 50)"},"minecraft:particle_lifetime_expression":{"max_lifetime":"0.6"},"minecraft:particle_motion_dynamic":{"linear_acceleration":[0,0.5,0],"linear_drag_coefficient":5,"rotation_drag_coefficient":0.3},"minecraft:particle_appearance_billboard":{"size":["0.25 - variable.particle_age * 0.01f","0.25 - variable.particle_age * 0.01f"],"facing_camera_mode":"lookat_xyz","uv":{"texture_width":128,"texture_height":128,"flipbook":{"base_UV":[56,0],"size_UV":[8,8],"step_UV":[-8,0],"frames_per_second":8,"max_frame":8,"stretch_to_lifetime":true,"loop":false}}},"minecraft:particle_appearance_lighting":{}}}}