{"format_version":"1.10.0","particle_effect":{"description":{"identifier":"hive:crate_marker","basic_render_parameters":{"material":"particles_alpha","texture":"textures/particle/particles"}},"components":{"minecraft:emitter_initialization":{"creation_expression":"variable.size \u003d 0.12;variable.lifetime \u003d 2.2;variable.speed \u003d 220;variable.radius \u003d 1;"},"minecraft:emitter_rate_steady":{"spawn_rate":20,"max_particles":250},"minecraft:emitter_lifetime_once":{"active_time":20},"minecraft:emitter_shape_point":{"offset":["math.sin(variable.emitter_age*variable.speed)*variable.radius",0,"math.cos(variable.emitter_age*variable.speed)*variable.radius"]},"minecraft:particle_lifetime_expression":{"max_lifetime":"variable.lifetime"},"minecraft:particle_initial_speed":1,"minecraft:particle_motion_dynamic":{"linear_acceleration":[0,1,0]},"minecraft:particle_appearance_billboard":{"size":["variable.size*(variable.lifetime-variable.particle_age)","variable.size*(variable.lifetime-variable.particle_age)"],"facing_camera_mode":"rotate_xyz","uv":{"texture_width":128,"texture_height":128,"uv":["8*0","8*9"],"uv_size":[8,8]}},"minecraft:particle_appearance_tinting":{"color":[0.88235,0.24314,0.24314,1]}}}}