{"format_version":"1.10.0","particle_effect":{"description":{"identifier":"hive:flare_particle","basic_render_parameters":{"material":"particles_alpha","texture":"textures/hive/particles/flare_smoke"}},"components":{"minecraft:emitter_initialization":{"creation_expression":"variable.size \u003d 0.3;variable.lifetime \u003d 2.8;"},"minecraft:emitter_rate_steady":{"spawn_rate":4,"max_particles":50},"minecraft:emitter_lifetime_looping":{"active_time":1},"minecraft:emitter_shape_point":{"direction":["Math.random(0, 0.5)",-1,"Math.random(0, 0.5)"]},"minecraft:particle_lifetime_expression":{"max_lifetime":3},"minecraft:particle_initial_speed":"Math.random(0.6, 1.0)","minecraft:particle_motion_dynamic":{"linear_acceleration":[0,0.5,0]},"minecraft:particle_appearance_billboard":{"size":["(1-(variable.particle_age / variable.particle_lifetime)) * variable.size","(1-(variable.particle_age / variable.particle_lifetime)) * variable.size"],"facing_camera_mode":"rotate_xyz","uv":{"texture_width":96,"texture_height":16,"flipbook":{"base_UV":["Math.round(variable.particle_random_1 * 5) * 16",0],"size_UV":[16,16],"step_UV":[0,0],"max_frame":1}}},"minecraft:particle_appearance_tinting":{"color":[0.98824,0.4549,0.4549,1]}}}}