{"format_version":"1.10.0","particle_effect":{"description":{"identifier":"hivesg:teleporter_ambient","basic_render_parameters":{"material":"particles_alpha","texture":"textures/particle/particles"}},"components":{"minecraft:emitter_rate_steady":{"spawn_rate":20,"max_particles":1000},"minecraft:emitter_lifetime_expression":{"activation_expression":1},"minecraft:emitter_shape_box":{"half_dimensions":[0.3,0,0.3],"direction":"outwards"},"minecraft:particle_lifetime_expression":{"max_lifetime":3},"minecraft:particle_initial_speed":0,"minecraft:particle_motion_dynamic":{"linear_acceleration":[0,0.5,0]},"minecraft:particle_appearance_billboard":{"size":["(1-(variable.particle_age/variable.particle_lifetime))*0.15","(1-(variable.particle_age/variable.particle_lifetime))*0.15"],"facing_camera_mode":"rotate_xyz","uv":{"texture_width":128,"texture_height":128,"uv":[0,"8*10"],"uv_size":[8,8]}},"minecraft:particle_appearance_tinting":{"color":[0.59216,0.20392,1,1]}}}}