{"hive.sky.kill.effect.bubble.burst":{"category":"neutral","sounds":["sounds/hive/sky/killeffects/bubble_burst"]},"hive.sky.kill.effect.butterflies":{"category":"neutral","sounds":["sounds/hive/sky/killeffects/butterflies"]},"hive.sky.kill.effect.chicken.pop":{"category":"neutral","sounds":["sounds/hive/sky/killeffects/chicken_pop"]},"hive.sky.kill.effect.kaching":{"category":"neutral","sounds":["sounds/hive/sky/killeffects/kaching"]},"hive.sky.kill.effect.explosion":{"category":"neutral","sounds":["sounds/hive/sky/killeffects/explosion"]},"hive.sky.kill.effect.rainbow.burst":{"category":"neutral","sounds":["sounds/hive/sky/killeffects/rainbow_burst"]},"hive.sky.kill.effect.banishing":{"category":"neutral","sounds":["sounds/hive/sky/killeffects/banishing"]},"hive.sky.kill.effect.hearts":{"category":"neutral","sounds":["sounds/hive/sky/killeffects/hearts"]},"hive.sky.kill.effect.confetti":{"category":"neutral","sounds":["sounds/hive/sky/killeffects/confetti"]},"hive.sky.kill.effect.snow.flurry":{"category":"neutral","sounds":["sounds/hive/sky/killeffects/snow_flurry"]},"hive.sky.kits.void.warp":{"category":"music","sounds":["sounds/hive/sky/kits/void_warp"]},"hive.sky.kits.void.warp.local":{"category":"neutral","sounds":["sounds/hive/sky/kits/void_warp"]}}