{"content":[{"path":"entity/hive/replay/props/light_standing.json","key":"TAJMGDAG2VLPRTUJ3BHAVU77E3YAWJF2"},{"path":"models/entity/hive/replay/props/coffee_cup.json","key":"23RC4R5LBOWI3HT2FY75MQMUOACWIAUT"},{"path":"entity/hive/replay/props/camera_stand.json","key":"7NOWSZNGJZS7AFZ544WZ5EJTTMM3ICSW"},{"path":"textures/entity/hive/replay/props/light_standing.png","key":"RYLZC7CALOZDWH5DFW4F755KWAXR7XQ3"},{"path":"items/hive/double_speed.json","key":"R7MTWY56D3OLW7HTXU5RWCIEICRXQTPP"},{"path":"entity/hive/replay/props/coffee_mug.json","key":"PY2KX4643WL4IV4HRXVENUB3FW5TGL33"},{"path":"textures/entity/hive/replay/props/coffee_cup.png","key":"6V4HAV7HEKM2GBBHEB4WB5P4GQS3C75J"},{"path":"items/hive/slow_motion.json","key":"6JB4MTMDF6CUGROEIXOTAHA6FGIQE7QV"},{"path":"models/entity/hive/replay/props/camera_stand.json","key":"W6QFUICIL4EIRBH2QGU73QASEBWRLGOD"},{"path":"textures/entity/hive/replay/props/coffee_mug.png","key":"XE7AYO5VCAF63TNZLGCB345WC7ENFX76"},{"path":"textures/entity/hive/replay/props/soda_can.png","key":"YXMNSBJLOVTJUXCXS65JEABJT5KGOMKR"},{"path":"items/hive/pause.json","key":"WPUMRAK7ZXAWOLI3S4FJPYPAEDVROWGA"},{"path":"textures/items/hive/item_rewind.png","key":"XEU2JDQE2KG374RQQWTW2G5J63HTOKDK"},{"path":"textures/entity/hive/replay/props/camera_stand.tga","key":"TS77WY6KCY5VTUBHQH5Z6GL2I6ZKWDZB"},{"path":"entity/hive/replay/props/straw_cup.json","key":"GITT7JJ7NEXSDG6S6EUJJ3HTXDWHTWT4"},{"path":"models/entity/hive/replay/props/boom_mic.json","key":"KKLX3OMH6HRW2OWDZSZ76EVKLG3EZ7SD"},{"path":"entity/hive/replay/logo.json","key":"7DP7ICTOB5NHJTU7IYK5I5SYMY3W4NXS"},{"path":"models/entity/hive/replay/props/camera_dolly.json","key":"5TBUE3FBZSA3OXCSNE3T6WDJZXJUJ57C"},{"path":"items/hive/play.json","key":"DR362MUTM3RX3UVPU5EIJOK6BMEMSLSA"},{"path":"entity/hive/replay/props/soda_can.json","key":"BZ6UG6LOLQAM2MZWH2KQ54IZIVONGYO2"},{"path":"items/hive/reverse.json","key":"CMJIDJEZRONCB7DWIWGZZWNKP33QTGR5"},{"path":"models/entity/hive/replay/props/light_hanging/light.json","key":"Z7P6SMSOXWDOA2FPXIIZLNCB7NSQA42O"},{"path":"textures/entity/hive/replay/props/donuts.png","key":"Z4WI2O36M3WKT2OIW6K6PAMTDQO763S6"},{"path":"textures/entity/hive/replay/props/light_hanging.png","key":"VMXHJOQ7L6OYUGQQHBXB5AEXYFV35LBT"},{"path":"entity/hive/replay/props/donuts.json","key":"A4GVCOMZ7GJ37SZIKALJIGTPIH7ZCURX"},{"path":"entity/hive/replay/props/boom_mic.json","key":"MJGQBUW76Q2QQXTGFJTQKV36QYAYX3ZJ"},{"path":"textures/entity/hive/replay/logo.png","key":"MXA34VZTLFMJUZUMJQVBMZIEMDA2RCX5"},{"path":"items/hive/next_frame.json","key":"UD7ZN36CKPSULRSWL52WM2WCIP2GJGSW"},{"path":"textures/entity/hive/replay/props/camera_dolly.tga","key":"HJW7ZEZFPWJYNBMZHHJD5YCCYB2JPJ2P"},{"path":"items/hive/previous_frame.json","key":"PHXJY4FVVMC5ZUZ2PSJUXC4E33UBTRRE"},{"path":"textures/items/hive/item_fast_forward.png","key":"5DJ2LJPSQV6R5ZSUFFYEXSNNM7LWVVUL"},{"path":"models/entity/hive/replay/props/fruit_bowl.json","key":"XWNSOUBNDODDLFDUTH27LBKVUTJVC5H3"},{"path":"models/entity/hive/replay/props/light_standing/emissive.json","key":"EPETLL4NH3Y6CHT52HDRJGA4D7YNWALV"},{"path":"animations/hive/replay/logo.json","key":"TESEZDNJ3STBMOF43PWVR5HJSVE4SE7Y"},{"path":"textures/items/hive/item_double_speed.png","key":"ZH3RICH2PFNUNML6QRJZNGWKSCFVP6DP"},{"path":"textures/entity/hive/replay/props/fruit_bowl.png","key":"JCYEWLJJSLYHAR675PWZO54TL7IXZMIA"},{"path":"textures/items/hive/item_previous_frame.png","key":"RF2ZVIBBKN5LW5WCE2ABSCEAHLK7FRX5"},{"path":"models/entity/hive/replay/props/donuts.json","key":"7G63PDZ3AFV3KMRSIJ67K4LSKUAR46ZT"},{"path":"textures/entity/hive/replay/props/boom_mic.png","key":"WVGW6WTSTNT4NZ2XFIMMZSIGHODD24KD"},{"path":"models/entity/hive/replay/props/soda_can.json","key":"25GN7PGGO4BQXW2XEHILS5F4RC36VZXH"},{"path":"entity/hive/replay/props/light_hanging.json","key":"LRAMTNP5TM5KUBCDGF3GNVA2BRVAF7L4"},{"path":"textures/items/hive/item_reverse.png","key":"3HN3ASHRS7WH2GEIM5EJIW2GHJCBPK3U"},{"path":"textures/item_texture.json","key":"PGIGXEMDLRRZAMFMNDMC7NX33V772L7J"},{"path":"items/hive/fast_forward.json","key":"S4TU25Y7JVAN3TGEM7XH6HNZA6CFKIN4"},{"path":"models/entity/hive/replay/props/light_hanging/emissive.json","key":"6UGB2V6JVS2I65WLNRNTSOMBY5PNANQU"},{"path":"entity/hive/replay/props/fruit_bowl.json","key":"4OANL2SAF62AW6PV3YVUXYWOJ3LUSZ3Q"},{"path":"items/hive/rewind.json","key":"ARH7JRRDJTRR2HTCKULOUGJJCH7ISKFQ"},{"path":"textures/items/hive/item_next_frame.png","key":"ZDXRXPN4WYT3BMOWU6IFE5O52AE22SND"},{"path":"render_controllers/hive/replay/props/camera.json","key":"MEP5WGIIT5HRXUICPFZQVOUFLXVG3GIP"},{"path":"textures/items/hive/item_play.png","key":"QQCVCLKOMUEUYSWXKTD5FUSUUVRCOGWD"},{"path":"models/entity/hive/replay/props/straw_cup.json","key":"DDY6F3W5RLVKTVKDWVUDVNWF5PQFNT7K"},{"path":"entity/hive/replay/props/camera_dolly.json","key":"WGL74SBAKQXZWQCX4ZYW6QSTHDPF6236"},{"path":"models/entity/hive/replay/logo.json","key":"ADFOLR3KOFDEWQP75E3FIXQ64OUVOUVM"},{"path":"models/entity/hive/replay/props/light_standing/light.json","key":"LPB4XJ2SXAY63VB7DKILZZRI56HAL3QR"},{"path":"render_controllers/hive/replay/props/light.json","key":"DZ2FRDWY66R3YN3ZOLAGOTTQKXCFUOWX"},{"path":"entity/hive/replay/props/coffee_cup.json","key":"OU4JUEUKJR2Z2UA42NY4RY6U6UUHIJGT"},{"path":"animation_controllers/hive/replay/logo.json","key":"GYC4QDWP3LO2Y3IYUY55E62AQYEBIRMF"},{"path":"textures/items/hive/item_pause.png","key":"ZWOMSDJN2SE4JTUWZYVSL32QYPTQDZGI"},{"path":"textures/entity/hive/replay/props/straw_cup.png","key":"ZW4UXFTOEGESHKSK3VEERTMNBAWIOVYD"},{"path":"models/entity/hive/replay/props/coffee_mug.json","key":"LZQHUYZ4OJEBAPL2FCVCWM5T53FOC44N"},{"path":"texts/en_US.lang","key":"HEPZSSXZP3K7D2FHIVUHJDGAJPIJNYFL"},{"path":"textures/items/hive/item_slow_motion.png","key":"K3BWROO57HF3KQE37JM27CQPJTS2N43M"}]}