{"format_version":"1.8.0","minecraft:client_entity":{"description":{"identifier":"hivehub:billboard_cubee","materials":{"default":"entity_alphatest"},"textures":{"frame":"textures/entity/hive/hub/billboard/cubee/frame","graphic":"textures/entity/hive/hub/billboard/cubee/graphic"},"geometry":{"frame":"geometry.hive.hub.billboard.cubee.frame","graphic":"geometry.hive.hub.billboard.cubee.graphic"},"animations":{"idle_1":"animation.hive.billboard.cubee.sign.idle.1","idle_2":"animation.hive.billboard.cubee.sign.idle.2","idle_3":"animation.hive.billboard.cubee.sign.idle.3","hive":"animation.hive.billboard.cubee.sign.fly.hive"},"animation_controllers":[{"idle":"controller.animation.hive.hub.billboard.cubee.idle"},{"hive":"controller.animation.hive.hub.billboard.cubee.hive"}],"render_controllers":["controller.render.hive.hub.billboard.frame","controller.render.hive.hub.billboard.graphic"]}}}