{"format_version":"1.8.0","minecraft:client_entity":{"description":{"identifier":"hive:cache_cow","materials":{"default":"hive_alpha"},"textures":{"blue":"textures/hive/cow/blue","gold":"textures/hive/cow/gold","green":"textures/hive/cow/green","red":"textures/hive/cow/red"},"geometry":{"default":"geometry.hive.sg.cache_cow"},"particle_effects":{"green":"hive:totem_particle"},"animations":{"base_pose":"animation.hive.sg.base_pose"},"animation_controllers":[{"general":"controller.animation.hive.sg.cache_cow"}],"render_controllers":["controller.render.hive.sg.cache_cow"]}}}