{"format_version":"1.8.0","minecraft:client_entity":{"description":{"identifier":"hive:launchpad","materials":{"default":"hive_alpha"},"textures":{"medieval":"textures/hive/launchpad/regular/medieval","futuristic":"textures/hive/launchpad/regular/futuristic"},"geometry":{"default":"geometry.hive.sg.launchpad"},"particle_effects":{"steam":"hivesg:launchpad_steam"},"animations":{"base_pose":"animation.hive.sg.base_pose","charged":"animation.hive.sg.launchpad.charged","launch":"animation.hive.sg.launchpad.launch"},"animation_controllers":[{"general":"controller.animation.hive.sg.launchpad"}],"render_controllers":["controller.render.hive.sg.launchpad"]}}}