{"format_version":"1.8.0","minecraft:client_entity":{"description":{"identifier":"hive:supply_crate","materials":{"default":"hive_alpha"},"textures":{"default":"textures/hive/supply_crate"},"geometry":{"default":"geometry.hive.sg.supply_crate"},"animations":{"closed":"animation.hive.sg.supply_crate.closed","open":"animation.hive.sg.supply_crate.open","opened":"animation.hive.sg.supply_crate.opened"},"animation_controllers":[{"general":"controller.animation.hive.sg.supply_crate"}],"render_controllers":["controller.render.hive.sg.supply_crate"]}}}