{"format_version":"1.8.0","minecraft:client_entity":{"description":{"identifier":"hive:teleporter","materials":{"default":"entity_emissive_alpha"},"textures":{"default":"textures/hive/teleporter"},"geometry":{"default":"geometry.hive.sg.teleporter"},"scripts":{"pre_animation":["variable.minRotSec \u003d 80;","variable.maxRotSec \u003d 200;","variable.speedDelta \u003d ((variable.maxRotSec - variable.minRotSec) * (query.is_baby ? 1.5 : -0.5)) * query.delta_time;","variable.rotationPerSecond \u003d math.clamp((variable.rotationPerSecond ?? variable.minRotSec) + variable.speedDelta, variable.minRotSec, variable.maxRotSec);","variable.teleporterRotation \u003d math.mod((variable.teleporterRotation ?? 0) + (variable.rotationPerSecond * query.delta_time), 360);"]},"particle_effects":{"portal":"hivesg:teleporter_ambient","portal_active":"hivesg:teleporter_active"},"animations":{"spin":"animation.hive.sg.teleporter.spin"},"animation_controllers":[{"general":"controller.animation.hive.sg.teleporter.general"},{"particles":"controller.animation.hive.sg.teleporter.particles"}],"render_controllers":["controller.render.hive.sg.teleporter"]}}}