{"format_version":"1.12.0","minecraft:geometry":[{"description":{"identifier":"geometry.hive.hub.arcade.microgame.terminal","texture_width":192,"texture_height":112,"visible_bounds_width":6,"visible_bounds_height":7,"visible_bounds_offset":[0,2.5,0]},"bones":[{"name":"root","pivot":[0,0,-2]},{"name":"terminal","parent":"root","pivot":[0,0,-5],"cubes":[{"origin":[-15,0,-8],"size":[30,12,9],"uv":{"north":{"uv":[20,0],"uv_size":[30,12]},"east":{"uv":[50,0],"uv_size":[9,12]},"west":{"uv":[59,0],"uv_size":[-9,12]},"down":{"uv":[59,9],"uv_size":[30,-9]}}},{"origin":[-29,44,-8],"size":[58,8,16],"uv":{"north":{"uv":[71,52],"uv_size":[58,8]},"east":{"uv":[123,26],"uv_size":[16,8]},"west":{"uv":[139,26],"uv_size":[-16,8]},"up":{"uv":[71,36],"uv_size":[58,16]},"down":{"uv":[123,26],"uv_size":[58,-16]}}},{"origin":[-29,44,8],"size":[58,8,16],"uv":{"east":{"uv":[139,26],"uv_size":[-16,8]},"south":{"uv":[129,60],"uv_size":[-58,8]},"west":{"uv":[123,26],"uv_size":[16,8]},"up":{"uv":[71,100],"uv_size":[58,-16]},"down":{"uv":[71,68],"uv_size":[58,16]}}},{"origin":[-24,0,1],"size":[48,51,14],"uv":{"north":{"uv":[0,12],"uv_size":[48,51]},"east":{"uv":[62,12],"uv_size":[-14,51]},"south":{"uv":[0,61],"uv_size":[48,51]},"west":{"uv":[48,12],"uv_size":[14,51]},"up":{"uv":[35,35],"uv_size":[1,1]},"down":{"uv":[34,60],"uv_size":[-1,-1]}}},{"origin":[-9,17,15],"size":[18,15,4],"uv":{"east":{"uv":[71,71],"uv_size":[-4,15]},"south":{"uv":[15,80],"uv_size":[18,15]},"west":{"uv":[67,71],"uv_size":[4,15]},"up":{"uv":[53,90],"uv_size":[18,4]},"down":{"uv":[71,90],"uv_size":[-18,-4]}}},{"origin":[-5,0,15],"size":[10,17,2],"uv":{"east":{"uv":[50,95],"uv_size":[-2,17]},"south":{"uv":[19,95],"uv_size":[10,17]},"west":{"uv":[48,95],"uv_size":[2,17]}}},{"origin":[-7,26,-4],"size":[14,10,5],"uv":{"east":{"uv":[158,0],"uv_size":[-5,10]},"west":{"uv":[153,0],"uv_size":[5,10]},"up":{"uv":[159,0],"uv_size":[14,5]},"down":{"uv":[159,10],"uv_size":[14,-5]}}}]},{"name":"screen2","parent":"terminal","pivot":[0,31,-2],"rotation":[10,0,0],"cubes":[{"origin":[-17,21,-6],"size":[34,21,3],"uv":{"north":{"uv":[139,26],"uv_size":[34,21]},"east":{"uv":[176,26],"uv_size":[-3,21]},"south":{"uv":[175,46],"uv_size":[1,1]},"west":{"uv":[173,26],"uv_size":[3,21]},"up":{"uv":[139,34],"uv_size":[-1,3]},"down":{"uv":[175,47],"uv_size":[1,-1]}}}]},{"name":"screen","parent":"screen2","pivot":[0,31,-2],"cubes":[{"origin":[-15,23,-4.1],"size":[30,17,0],"uv":{"north":{"uv":[129,47],"uv_size":[30,17]}}}]},{"name":"pad1","parent":"terminal","pivot":[0,16,1],"rotation":[10,0,0],"cubes":[{"origin":[-16,12,-11],"size":[32,4,12],"uv":{"north":{"uv":[89,12],"uv_size":[32,4]},"east":{"uv":[77,12],"uv_size":[12,4]},"west":{"uv":[89,12],"uv_size":[-12,4]},"up":{"uv":[89,0],"uv_size":[32,12]},"down":{"uv":[71,60],"uv_size":[1,-1]}}}]},{"name":"joystick1","parent":"pad1","pivot":[-6.5,16,-5.5],"cubes":[{"origin":[-7.5,19,-6.5],"size":[2,2,2],"uv":{"north":{"uv":[14,2],"uv_size":[2,2]},"east":{"uv":[12,2],"uv_size":[2,2]},"south":{"uv":[18,2],"uv_size":[2,2]},"west":{"uv":[16,2],"uv_size":[2,2]},"up":{"uv":[14,0],"uv_size":[2,2]},"down":{"uv":[16,2],"uv_size":[2,-2]}}},{"origin":[-7,16,-6],"size":[1,3,1],"uv":{"north":{"uv":[0,5],"uv_size":[1,3]},"east":{"uv":[0,5],"uv_size":[1,3]},"south":{"uv":[0,5],"uv_size":[1,3]},"west":{"uv":[0,5],"uv_size":[1,3]},"up":{"uv":[13,18],"uv_size":[1,1]}}}]},{"name":"button1","parent":"pad1","pivot":[6,16,-6],"cubes":[{"origin":[4.5,15.5,-7.5],"size":[3,2,3],"uv":{"north":{"uv":[3,3],"uv_size":[3,2]},"east":{"uv":[0,3],"uv_size":[3,2]},"south":{"uv":[3,3],"uv_size":[3,2]},"west":{"uv":[3,3],"uv_size":[3,2]},"up":{"uv":[3,0],"uv_size":[3,3]}}}]},{"name":"button5","parent":"pad1","pivot":[1,16,-6],"cubes":[{"origin":[-0.5,15.5,-7.5],"size":[3,2,3],"uv":{"north":{"uv":[3,3],"uv_size":[3,2]},"east":{"uv":[0,3],"uv_size":[3,2]},"south":{"uv":[9,3],"uv_size":[3,2]},"west":{"uv":[6,3],"uv_size":[3,2]},"up":{"uv":[3,0],"uv_size":[3,3]}}}]}]}]}