{"format_version":"1.8.0","animations":{"animation.hive.hub.npc.animals.hedgehog.idle":{"loop":true,"animation_length":1.72,"bones":{"leftHog":{"scale":{"0.0":[1,0.8,1],"0.08":[1,1,1],"0.72":[1,1,1],"0.84":[1,0.8,1],"0.96":[1,1,1],"1.64":[1,1,1],"1.72":[1,0.8,1]}},"right":{"rotation":{"0.0":[0,0,0],"0.16":[0,0,-12.5],"0.32":[0,0,-17.25],"0.44":[0,0,-18.75],"0.52":[0,0,-19.25],"0.6":[0,0,-18.75],"0.72":[0,0,-13.39],"0.8":[0,0,-6.69],"0.84":[0,0,0]}},"left":{"rotation":{"0.84":[0,0,0],"1.0":[0,0,12.5],"1.16":[0,0,17.25],"1.28":[0,0,18.75],"1.36":[0,0,19.25],"1.44":[0,0,18.75],"1.56":[0,0,13.39],"1.72":[0,0,0]}},"head":{"rotation":{"0.0":[0,0,0],"0.04":[7.5,0,0],"0.72":[-5,0,0],"0.84":[0,0,0],"0.88":[7.5,0,0],"1.6":[-5,0,0],"1.72":[0,0,0]}},"middleHog":{"rotation":[0,0,0],"position":[0,0,-12],"scale":1.1},"body2":{"position":{"0.0":[0,-0.675,0],"0.52":[0,-0.072,0],"0.76":[0,0,0],"0.84":[0,-0.675,0],"1.4":[0,-0.072,0],"1.64":[0,0,0],"1.72":[0,-0.675,0]}},"head2":{"rotation":{"0.0":[0,0,0],"0.08":[7.5,0,0],"0.76":[-5,0,0],"0.88":[0,0,0],"0.96":[7.5,0,0],"1.6":[-5,0,0],"1.72":[0,0,0]}},"rightHog":{"scale":{"0.0":[1,0.8,1],"0.08":[1,1,1],"0.68":[1,1,1],"0.8":[1,0.8,1],"0.92":[1,1,1],"1.6":[1,1,1],"1.72":[1,0.8,1]}},"right3":{"rotation":{"0.8":[0,0,0],"0.96":[0,0,-12.5],"1.16":[0,0,-17.25],"1.28":[0,0,-18.75],"1.36":[0,0,-19.25],"1.44":[0,0,-18.75],"1.56":[0,0,-13.39],"1.64":[0,0,-6.69],"1.72":[0,0,0]}},"left3":{"rotation":{"0.0":[0,0,0],"0.16":[0,0,12.5],"0.32":[0,0,17.25],"0.44":[0,0,18.75],"0.52":[0,0,19.25],"0.6":[0,0,18.75],"0.68":[0,0,13.39],"0.76":[0,0,6.69],"0.8":[0,0,0]}},"head3":{"rotation":{"0.0":[0,0,0],"0.04":[7.5,0,0],"0.64":[-5,0,0],"0.76":[0,0,0],"0.88":[7.5,0,0],"1.6":[-5,0,0],"1.72":[0,0,0]}}}}}}