{"format_version":"1.10.0","particle_effect":{"description":{"identifier":"hivepets:pirateship_cannonball","basic_render_parameters":{"material":"particles_alpha","texture":"textures/particle/hive/pets/pirateship/cannonball"}},"components":{"minecraft:emitter_rate_instant":{"num_particles":1},"minecraft:emitter_lifetime_once":{"active_time":0.2},"minecraft:emitter_shape_point":{"direction":[0,0,-1]},"minecraft:particle_lifetime_expression":{"max_lifetime":0.8},"minecraft:particle_initial_speed":5,"minecraft:particle_motion_dynamic":{"linear_acceleration":[0,-4,0],"linear_drag_coefficient":1,"rotation_acceleration":"math.random(-45,45)"},"minecraft:particle_appearance_billboard":{"size":["variable.particle_age \u003c 0.7 ? 0.04 : 0.005*(4-variable.particle_age)","variable.particle_age \u003c 0.7 ? 0.04 : 0.005*(4-variable.particle_age)"],"facing_camera_mode":"rotate_xyz","uv":{"texture_width":8,"texture_height":8,"uv":[0,0],"uv_size":[8,8]}},"minecraft:particle_appearance_tinting":{"color":[1,1,1,1]}}}}