{"minecraft:geometry":[{"description":{"identifier":"geometry.hive.hub.arcade.npc.human2","texture_width":64,"texture_height":64,"visible_bounds_width":3,"visible_bounds_height":6,"visible_bounds_offset":[0,2,0]},"bones":[{"name":"root","pivot":[0,0,0]},{"name":"rightLeg","parent":"root","pivot":[-1.9,12,0],"cubes":[{"origin":[-3.9,0,-2],"size":[4,12,4],"uv":[48,16]},{"origin":[-3.9,7,-2],"size":[0,3,4],"pivot":[-3.9,10,0],"rotation":[0,0,20],"uv":[44,12]},{"origin":[-4.899,2,-1],"size":[5,2,4],"pivot":[-2.4,3,0],"rotation":[15,0,0],"uv":[44,45]},{"origin":[-3.9,0,-4],"size":[4,3,2],"uv":[48,32]},{"origin":[-2.9,2.75,-2.5],"size":[2,2,1],"pivot":[-1.9,2.75,-2.5],"rotation":[12,0,0],"uv":[48,37]}]},{"name":"leftLeg","parent":"root","pivot":[1.9,12,0],"cubes":[{"origin":[-0.1,0,-2],"size":[4,12,4],"uv":[48,16],"mirror":true},{"origin":[-0.1,2,-1],"size":[5,2,4],"pivot":[2.4,3,0],"rotation":[15,0,0],"uv":[44,45],"mirror":true},{"origin":[-0.1,0,-4],"size":[4,3,2],"uv":[48,32],"mirror":true},{"origin":[0.9,2.75,-2.5],"size":[2,2,1],"pivot":[1.9,2.75,-2.5],"rotation":[12,0,0],"uv":[48,37],"mirror":true},{"origin":[3.9,7,-2],"size":[0,3,4],"pivot":[3.9,10,0],"rotation":[0,0,-20],"uv":[44,12],"mirror":true}]},{"name":"waist","parent":"root","pivot":[0,12,0]},{"name":"body","parent":"waist","pivot":[0,24,0],"cubes":[{"origin":[-4,12,-2],"size":[8,12,4],"uv":[0,0]},{"origin":[-4,17.99,-2],"size":[3,6,2],"pivot":[-4,19.9,-2],"rotation":[0,20,0],"uv":[24,9]},{"origin":[-4,16.99,-2],"size":[3,1,0],"pivot":[-4,19,-2],"rotation":[0,20,0],"uv":[25,18]},{"origin":[1,16.99,-2],"size":[3,1,0],"pivot":[4,19,-2],"rotation":[0,-20,0],"uv":[25,18],"mirror":true},{"origin":[1,17.99,-2],"size":[3,6,2],"pivot":[4,19.9,-2],"rotation":[0,-20,0],"uv":[24,9],"mirror":true}]},{"name":"head","parent":"body","pivot":[0,24,0],"cubes":[{"origin":[-4,24,-4],"size":[8,8,8],"uv":[0,16]},{"origin":[2.5,29,-4.5],"size":[3,4,0],"pivot":[4,32,-4.5],"rotation":[-3,-3,-9],"uv":[21,35]},{"origin":[-5,29,-6],"size":[7,4,3],"pivot":[0,32,-4.5],"rotation":[0,0,-7.5],"uv":[0,32]},{"origin":[-6,28,-5.999],"size":[4,2,0],"pivot":[0,32,-4.5],"rotation":[0,0,-7.5],"uv":[18,32]},{"origin":[-2,26,4.5],"size":[4,7,4],"pivot":[0,32,2],"rotation":[30,0,0],"uv":[0,39]},{"origin":[-2,23,4.5],"size":[4,3,4],"pivot":[0,32,2],"rotation":[30,0,0],"uv":[17,40]},{"origin":[-1,30,1.5],"size":[2,2,3],"pivot":[0,32,2],"rotation":[30,0,0],"uv":[0,50]}]},{"name":"translucent","parent":"head","pivot":[0,0,0],"cubes":[{"origin":[-4,25,-4],"size":[8,2,4],"inflate":0.25,"uv":[0,54]}]},{"name":"leftArm","parent":"body","pivot":[5,21.5,0],"cubes":[{"origin":[4,12,-2],"size":[3,12,4],"uv":[33,32],"mirror":true},{"origin":[4,18,-3],"size":[4,3,6],"uv":[24,0],"mirror":true}]},{"name":"rightArm","parent":"body","pivot":[-5,21.5,0],"cubes":[{"origin":[-7,12,-2],"size":[3,12,4],"uv":[33,16]},{"origin":[-8,18,-3],"size":[4,3,6],"uv":[24,0]}]}]}],"format_version":"1.12.0"}