{"format_version":"1.12.0","minecraft:geometry":[{"description":{"identifier":"geometry.hive.hub.arcade.npc.robot","texture_width":64,"texture_height":64,"visible_bounds_width":3,"visible_bounds_height":6,"visible_bounds_offset":[0,2,0]},"bones":[{"name":"root","pivot":[0,0,0]},{"name":"leftLeg","parent":"root","pivot":[1.9,12,0],"cubes":[{"origin":[-0.1,0,-2],"size":[4,12,4],"uv":[22,37],"mirror":true},{"origin":[-0.11,2,-1],"size":[5,2,4],"pivot":[2.4,3,0],"rotation":[15,0,0],"uv":[42,23],"mirror":true},{"origin":[-0.1,0,-4],"size":[4,3,2],"uv":[52,36],"mirror":true},{"origin":[0.9,2.75,-2.5],"size":[2,2,1],"pivot":[1.9,2.75,-2.5],"rotation":[12,0,0],"uv":[0,3],"mirror":true}]},{"name":"rightLeg","parent":"root","pivot":[-1.9,12,0],"cubes":[{"origin":[-3.9,0,-2],"size":[4,12,4],"uv":[22,37]},{"origin":[-4.899,2,-1],"size":[5,2,4],"pivot":[-2.4,3,0],"rotation":[15,0,0],"uv":[42,23]},{"origin":[-3.9,0,-4],"size":[4,3,2],"uv":[52,36]},{"origin":[-2.9,2.75,-2.5],"size":[2,2,1],"pivot":[-1.9,2.75,-2.5],"rotation":[12,0,0],"uv":[0,3]}]},{"name":"waist","parent":"root","pivot":[0,12,0]},{"name":"body","parent":"waist","pivot":[0,25,0],"cubes":[{"origin":[-6,22,-1],"size":[12,4,7],"inflate":0.01,"pivot":[0,25,-1],"rotation":[15,0,0],"uv":[0,0]},{"origin":[-4,19,-3],"size":[8,6,6],"uv":[26,11]},{"origin":[0.99,19.09894,-3.97242],"size":[3,5,1],"pivot":[-1,24.09894,-2.97242],"rotation":[11,0,0],"uv":[15,52],"mirror":true},{"origin":[-3.99,19.09894,-3.97242],"size":[3,5,1],"pivot":[-1,24.09894,-2.97242],"rotation":[11,0,0],"uv":[15,52]},{"origin":[-4,16,-3],"size":[3,3,0],"uv":[0,0]},{"origin":[1,16,-3],"size":[3,3,0],"uv":[0,0],"mirror":true},{"origin":[-5,7,1],"size":[10,17,3],"pivot":[0,23,2],"rotation":[5,0,0],"uv":[0,11]},{"origin":[-4,12,-2],"size":[8,3,4],"uv":[31,0]},{"origin":[-3,12,-3],"size":[6,3,1],"uv":[48,13]},{"origin":[-3,15,-2],"size":[6,4,2],"uv":[48,7]},{"origin":[-3,15,0],"size":[6,4,2],"uv":[48,7]}]},{"name":"head","parent":"body","pivot":[0,25,0],"cubes":[{"origin":[-4,28,-2],"size":[8,6,6],"uv":[20,25]},{"origin":[-5,28,-2],"size":[1,4,4],"uv":[0,53]},{"origin":[4,28,-2],"size":[1,4,4],"uv":[0,53],"mirror":true},{"origin":[-2,25,-2],"size":[4,3,4],"inflate":0.01,"uv":[0,46]},{"origin":[-4,25,-5],"size":[8,9,3],"inflate":0.01,"uv":[0,34]}]},{"name":"translucent","parent":"head","pivot":[0,0,0],"cubes":[{"origin":[-3,28,-5.5],"size":[6,3,0],"inflate":0.01,"uv":[16,60]}]},{"name":"leftArm","parent":"body","pivot":[5,22.5,0],"cubes":[{"origin":[4,21,-2],"size":[5,4,4],"uv":[38,37]},{"origin":[4,12,-2],"size":[4,5,4],"uv":[38,45],"mirror":true},{"origin":[4,17,-1.5],"size":[3,4,3],"uv":[48,29],"mirror":true},{"origin":[5,18,-2],"size":[3,2,4],"uv":[29,56]}]},{"name":"rightArm","parent":"body","pivot":[-5,22.5,0],"cubes":[{"origin":[-7,17,-1.5],"size":[3,4,3],"uv":[48,29]},{"origin":[-9,21,-2],"size":[5,4,4],"uv":[38,37],"mirror":true},{"origin":[-8,18,-2],"size":[3,2,4],"uv":[29,56],"mirror":true},{"origin":[-8,12,-2],"size":[4,5,4],"uv":[38,45]}]}]}]}