{"format_version":"1.10.0","animation_controllers":{"controller.animation.hive.sg.launchpad":{"states":{"ambient":{"animations":["base_pose"],"transitions":[{"launch":"query.is_baby"},{"charged":"query.distance_from_camera \u003c\u003d 8"}],"blend_transition":0.2},"charged":{"animations":["charged"],"transitions":[{"launch":"query.is_baby"},{"ambient":"query.distance_from_camera \u003e 8"}],"blend_transition":0.2},"launch":{"animations":["launch"],"transitions":[{"ambient":"!query.is_baby \u0026\u0026 query.distance_from_camera \u003e 8"},{"charged":"!query.is_baby \u0026\u0026 query.distance_from_camera \u003c\u003d 8"}]}}}}}