{"minecraft:geometry":[{"description":{"identifier":"geometry.hive.sky.kits.shield.cocoon","texture_width":64,"texture_height":32,"visible_bounds_width":4,"visible_bounds_height":4,"visible_bounds_offset":[0,1,0]},"bones":[{"name":"root","pivot":[0,0,0],"cubes":[{"origin":[-9,0,-9],"size":[18,30,18],"uv":{"north":{"uv":[0,0],"uv_size":[18,30]},"east":{"uv":[41,0],"uv_size":[18,30]},"south":{"uv":[27,0],"uv_size":[18,30]},"west":{"uv":[13,0],"uv_size":[18,30]},"up":{"uv":[62,30],"uv_size":[-18,-18]},"down":{"uv":[38,21],"uv_size":[-18,-18]}}}]}]}],"format_version":"1.12.0"}