{"format_version":"1.10.0","particle_effect":{"description":{"identifier":"hivewars:fall_boots","basic_render_parameters":{"material":"particles_alpha","texture":"textures/particle/particles"}},"components":{"minecraft:emitter_rate_instant":{"num_particles":20},"minecraft:emitter_lifetime_once":{"active_time":0.7},"minecraft:emitter_shape_disc":{"radius":0.4,"direction":"outwards"},"minecraft:particle_lifetime_expression":{"max_lifetime":0.8},"minecraft:particle_initial_spin":{"rotation":"math.random(-180,180)","rotation_rate":"math.random(-40,40)"},"minecraft:particle_initial_speed":1,"minecraft:particle_motion_dynamic":{"linear_acceleration":[0,0.5,0],"linear_drag_coefficient":1},"minecraft:particle_appearance_billboard":{"size":["(1-(variable.particle_age/variable.particle_lifetime))*0.1","(1-(variable.particle_age/variable.particle_lifetime))*0.1"],"facing_camera_mode":"rotate_xyz","uv":{"texture_width":128,"texture_height":128,"flipbook":{"base_UV":[24,0],"size_UV":[8,8],"step_UV":[-8,0],"frames_per_second":4,"max_frame":4,"stretch_to_lifetime":true}}},"minecraft:particle_appearance_tinting":{"color":["Math.clamp(Math.clamp(Math.clamp(0.4+((variable.particle_random_2*0.4))-0.2, 0, 1), 0, 1), 0, 1)","Math.clamp(Math.clamp(Math.clamp(0.7+((variable.particle_random_2*0.4))-0.2, 0, 1), 0, 1), 0, 1)","Math.clamp(Math.clamp(Math.clamp(0.9+((variable.particle_random_2*0.4))-0.2, 0, 1), 0, 1), 0, 1)",1]}}}}