{"format_version":"1.12.0","minecraft:geometry":[{"description":{"identifier":"geometry.hive.bridge.screen.text.background","texture_width":281,"texture_height":88,"visible_bounds_width":50,"visible_bounds_height":25,"visible_bounds_offset":[0,2.5,0]},"bones":[{"name":"root","pivot":[0,0,0]},{"name":"screen","parent":"root","pivot":[0,0,-4]},{"name":"text","parent":"screen","pivot":[-0.5,52,-10],"cubes":[{"origin":[-141,8,-10],"size":[281,88,0],"uv":{"north":{"uv":[0,0],"uv_size":[281,88]}}}]}]}]}