{"format_version":"1.12.0","minecraft:geometry":[{"description":{"identifier":"geometry.hive.bridge.screen.text.score","texture_width":281,"texture_height":88,"visible_bounds_width":50,"visible_bounds_height":25,"visible_bounds_offset":[0,3,0]},"bones":[{"name":"root","pivot":[0,0,0]},{"name":"screen","parent":"root","pivot":[0,0,-4]},{"name":"text","parent":"screen","pivot":[-0.5,52,-10]},{"name":"letters","parent":"text","pivot":[0,51,-15]},{"name":"s","parent":"letters","pivot":[-85,50,-14],"cubes":[{"origin":[-105,30,-14],"size":[40,40,0],"uv":{"north":{"uv":[0,0],"uv_size":[52,88]}}}]},{"name":"c","parent":"letters","pivot":[-43,50,-14],"cubes":[{"origin":[-63,30,-14],"size":[40,40,0],"uv":{"north":{"uv":[57,0],"uv_size":[52,88]}}}]},{"name":"o","parent":"letters","pivot":[-1,50,-14],"cubes":[{"origin":[-21,30,-14],"size":[40,40,0],"uv":{"north":{"uv":[114,0],"uv_size":[52,88]}}}]},{"name":"r","parent":"letters","pivot":[41,50,-14],"cubes":[{"origin":[21,30,-14],"size":[40,40,0],"uv":{"north":{"uv":[172,0],"uv_size":[52,88]}}}]},{"name":"e","parent":"letters","pivot":[83,50,-14],"cubes":[{"origin":[63,30,-14],"size":[40,40,0],"uv":{"north":{"uv":[229,0],"uv_size":[52,88]}}}]}]}]}