{"format_version":"1.12.0","minecraft:geometry":[{"description":{"identifier":"geometry.hive.hub.arcade.searchlight.beam","texture_width":64,"texture_height":64,"visible_bounds_width":13,"visible_bounds_height":9.5,"visible_bounds_offset":[0,4.25,0]},"bones":[{"name":"root","pivot":[0,0,0]},{"name":"searchlight","parent":"root","pivot":[0,0,0]},{"name":"rotate","parent":"searchlight","pivot":[0,3,0]},{"name":"light","parent":"rotate","pivot":[10,18,0],"rotation":[-90,0,0]},{"name":"beam","parent":"light","pivot":[0,18,-10],"cubes":[{"origin":[-7,11,-106],"size":[14,14,96],"uv":{"east":{"uv":[64,0],"uv_size":[-62,1]},"west":{"uv":[2,0],"uv_size":[62,1]},"up":{"uv":[1,65],"uv_size":[-1,-62]},"down":{"uv":[1,3],"uv_size":[-1,62]}}}]}]}]}