{"minecraft:geometry":[{"description":{"identifier":"geometry.hive.territory.powerup.knockback.projectile","texture_width":64,"texture_height":64,"visible_bounds_width":3,"visible_bounds_height":4,"visible_bounds_offset":[0,1,0]},"bones":[{"name":"root","pivot":[0,0,0]},{"name":"explosiveegg","parent":"root","pivot":[0,0,0],"cubes":[{"origin":[-6,3,-5],"size":[12,11,10],"uv":[0,0]},{"origin":[-5,0,-4],"size":[10,3,8],"uv":[28,21]},{"origin":[-8,3,-5],"size":[2,6,5],"uv":[0,21]}]}]}],"format_version":"1.12.0"}