{"minecraft:geometry":[{"description":{"identifier":"geometry.hive.territory.powerup.iron.man","texture_width":64,"texture_height":64,"visible_bounds_width":3,"visible_bounds_height":4,"visible_bounds_offset":[0,1,0]},"bones":[{"name":"root","pivot":[0,0,0]},{"name":"ironman","parent":"root","pivot":[0,0,0],"cubes":[{"origin":[-5,3,-4],"size":[10,10,8],"uv":[0,0]},{"origin":[-5,1,-4],"size":[10,2,8],"uv":[0,28]},{"origin":[-5,13,-4],"size":[10,2,8],"uv":[0,18]},{"origin":[-9.25,11,-3],"size":[5,4,6],"pivot":[-4.25,15,0],"rotation":[0,0,7.5],"uv":[37,2]},{"origin":[-9.25,10,-3],"size":[5,1,6],"pivot":[-4.25,15,0],"rotation":[0,0,7.5],"uv":[37,12]},{"origin":[4.25,11,-3],"size":[5,4,6],"pivot":[4.25,15,0],"rotation":[0,0,-7.5],"uv":[37,2],"mirror":true},{"origin":[4.25,10,-3],"size":[5,1,6],"pivot":[4.25,15,0],"rotation":[0,0,-7.5],"uv":[37,12],"mirror":true}]}]}],"format_version":"1.12.0"}