{"minecraft:geometry":[{"description":{"identifier":"geometry.hive.territory.powerup.refill.ground","texture_width":64,"texture_height":64,"visible_bounds_width":3,"visible_bounds_height":4,"visible_bounds_offset":[0,1,0]},"bones":[{"name":"root","pivot":[0,0,0]},{"name":"refill","parent":"root","pivot":[0,2,0],"cubes":[{"origin":[-5,2,-6],"size":[10,12,12],"uv":[0,0]},{"origin":[-5,0,6],"size":[10,2,0],"pivot":[0,2,6],"rotation":[32.5,0,0],"uv":[0,45]},{"origin":[-5,0,-6],"size":[10,2,0],"pivot":[0,2,-6],"rotation":[-32.5,0,0],"uv":[0,42]},{"origin":[-5,0,-5],"size":[0,2,10],"pivot":[-5,2,0],"rotation":[0,0,32.5],"uv":[0,32]},{"origin":[5,0,-5],"size":[0,2,10],"pivot":[5,2,0],"rotation":[0,0,-32.5],"uv":[0,32],"mirror":true},{"origin":[-2,14,-4],"size":[4,6,6],"pivot":[0,14,-4],"rotation":[-5,0,0],"uv":[32,0]},{"origin":[-2,11,4],"size":[4,7,5],"pivot":[0,14,-4],"rotation":[-5,0,0],"uv":[44,12]},{"origin":[-2,14,2],"size":[4,2,2],"pivot":[0,14,-4],"rotation":[-5,0,0],"uv":[52,0]}]},{"name":"top","parent":"refill","pivot":[0,7,-6],"rotation":[-10,0,0],"cubes":[{"origin":[-3,7,-11],"size":[6,4,5],"uv":[17,24]}]},{"name":"bottom","parent":"refill","pivot":[0,6,-6],"rotation":[22.5,0,0],"cubes":[{"origin":[-1.5,6,-9.75],"size":[3,1,4],"pivot":[0,7,-6],"rotation":[-10,0,0],"uv":[0,36]},{"origin":[-3,4,-10],"size":[6,2,4],"uv":[17,33]}]},{"name":"eyes","parent":"refill","pivot":[-6,8,-1],"rotation":[-10,0,0],"cubes":[{"origin":[5,5,-4],"size":[2,6,6],"uv":[0,24],"mirror":true},{"origin":[-7,5,-4],"size":[2,6,6],"uv":[0,24]}]}]}],"format_version":"1.12.0"}