{"minecraft:geometry":[{"description":{"identifier":"geometry.hive.territory.powerup.refill.snow","texture_width":64,"texture_height":64,"visible_bounds_width":3,"visible_bounds_height":4,"visible_bounds_offset":[0,1,0]},"bones":[{"name":"root","pivot":[0,0,0]},{"name":"refill","parent":"root","pivot":[0,0,0],"cubes":[{"origin":[-2,0,-2],"size":[4,16,4],"uv":[0,0]},{"origin":[-3,0,-2],"size":[1,15,4],"uv":[16,0]},{"origin":[-4,9,-2],"size":[1,5,4],"uv":[26,0]},{"origin":[-5,9,-2],"size":[1,4,4],"uv":[26,9]},{"origin":[-6,9,-2],"size":[1,3,4],"uv":[37,0]},{"origin":[-7,9,-2],"size":[1,2,4],"uv":[37,7]},{"origin":[3,9,-2],"size":[1,5,4],"uv":[26,0],"mirror":true},{"origin":[5,9,-2],"size":[1,3,4],"uv":[37,0],"mirror":true},{"origin":[4,9,-2],"size":[1,4,4],"uv":[26,9],"mirror":true},{"origin":[6,9,-2],"size":[1,2,4],"uv":[37,7],"mirror":true},{"origin":[2,0,-2],"size":[1,15,4],"uv":[16,0]}]}]}],"format_version":"1.12.0"}