{"format_version":"1.12.0","minecraft:geometry":[{"description":{"identifier":"geometry.hive.sky.epic.chest.default","texture_width":64,"texture_height":64,"visible_bounds_width":2,"visible_bounds_height":2,"visible_bounds_offset":[0,1,0]},"bones":[{"name":"root","pivot":[0,0,0],"cubes":[{"origin":[-7,0,-5],"size":[14,9,10],"uv":[0,33]},{"origin":[-8,0,-6],"size":[3,3,3],"uv":[0,52]},{"origin":[-8,0,3],"size":[3,3,3],"uv":[13,52]},{"origin":[-8,6,-6],"size":[3,3,3],"uv":[0,52]},{"origin":[-8,6,3],"size":[3,3,3],"uv":[13,52]},{"origin":[5,0,-6],"size":[3,3,3],"uv":[0,52],"mirror":true},{"origin":[5,0,3],"size":[3,3,3],"uv":[13,52],"mirror":true},{"origin":[5,6,-6],"size":[3,3,3],"uv":[0,52],"mirror":true},{"origin":[5,6,3],"size":[3,3,3],"uv":[13,52],"mirror":true},{"origin":[-8,9,-6],"size":[16,2,12],"uv":[0,19]},{"origin":[-8,11,-5],"size":[16,2,10],"uv":[0,7]},{"origin":[-8,13,-3],"size":[16,1,6],"uv":[0,0]},{"origin":[-2.5,5,-7],"size":[5,5,2],"uv":[26,52]},{"origin":[-5,14,2],"size":[6,4,0],"uv":[0,60]},{"origin":[-1,14,-2],"size":[6,4,0],"uv":[17,60]}]}]}]}