{"format_version":"1.12.0","minecraft:geometry":[{"description":{"identifier":"geometry.hive.sky.mystery.chest.default","texture_width":128,"texture_height":128,"visible_bounds_width":3,"visible_bounds_height":2,"visible_bounds_offset":[0,1,0]},"bones":[{"name":"root","pivot":[0,0,0],"cubes":[{"origin":[-10,0,-6],"size":[20,11,12],"uv":[0,0]},{"origin":[-11,11,-7],"size":[22,3,14],"uv":[0,24]},{"origin":[-11,14,-7],"size":[3,3,14],"uv":[0,42]},{"origin":[8,14,-7],"size":[3,3,14],"uv":[0,42],"mirror":true},{"origin":[-11,17,-6],"size":[3,1,12],"uv":[0,60]},{"origin":[8,17,-6],"size":[3,1,12],"uv":[0,60],"mirror":true},{"origin":[-11,18,-5],"size":[3,1,10],"uv":[0,74]},{"origin":[-11,19,-3],"size":[3,1,6],"uv":[0,86]},{"origin":[8,18,-5],"size":[3,1,10],"uv":[0,74],"mirror":true},{"origin":[8,19,-3],"size":[3,1,6],"uv":[0,86],"mirror":true},{"origin":[-11,0,-7],"size":[3,3,3],"uv":[65,15]},{"origin":[-11,0,4],"size":[3,3,3],"uv":[65,15]},{"origin":[-12,10,-8],"size":[3,3,3],"uv":[79,15]},{"origin":[-12,10,5],"size":[3,3,3],"uv":[79,15]},{"origin":[9,10,-8],"size":[3,3,3],"uv":[79,15],"mirror":true},{"origin":[9,10,5],"size":[3,3,3],"uv":[79,15],"mirror":true},{"origin":[-12,0,-8],"size":[2,2,2],"uv":[65,22]},{"origin":[-12,0,6],"size":[2,2,2],"uv":[65,22]},{"origin":[-13,11,-9],"size":[2,2,2],"uv":[79,22]},{"origin":[-13,11,7],"size":[2,2,2],"uv":[79,22]},{"origin":[11,11,-9],"size":[2,2,2],"uv":[79,22],"mirror":true},{"origin":[11,11,7],"size":[2,2,2],"uv":[79,22],"mirror":true},{"origin":[10,0,-8],"size":[2,2,2],"uv":[65,22],"mirror":true},{"origin":[10,0,6],"size":[2,2,2],"uv":[65,22],"mirror":true},{"origin":[8,0,-7],"size":[3,3,3],"uv":[65,15],"mirror":true},{"origin":[8,0,4],"size":[3,3,3],"uv":[65,15],"mirror":true},{"origin":[-8,14,-6],"size":[16,3,12],"uv":[35,44]},{"origin":[-8,17,-5],"size":[16,1,10],"uv":[33,62]},{"origin":[-8,18,-4],"size":[16,1,8],"uv":[28,76]},{"origin":[-2.5,10,-9],"size":[5,5,3],"uv":[54,0]},{"origin":[-1.5,9,-9],"size":[3,1,3],"uv":[65,9]},{"origin":[-6.5,3.5,-7],"size":[3,3,1],"uv":[65,28]},{"origin":[-6.5,3.5,6],"size":[3,3,1],"uv":[65,28]},{"origin":[3.5,3.5,-7],"size":[3,3,1],"uv":[65,28]},{"origin":[3.5,3.5,6],"size":[3,3,1],"uv":[65,28]},{"origin":[-1.5,3.5,-7],"size":[3,3,1],"uv":[65,28]},{"origin":[-1.5,3.5,6],"size":[3,3,1],"uv":[65,28]}]}]}]}