{"format_version":"1.12.0","minecraft:geometry":[{"description":{"identifier":"geometry.hive.sky.world.border","texture_width":64,"texture_height":64,"visible_bounds_width":50,"visible_bounds_height":50,"visible_bounds_offset":[0,2,0]},"bones":[{"name":"root","pivot":[0,0,0],"cubes":[{"origin":[-8,-32,24],"size":[16,16,0],"uv":[32,48]},{"origin":[-8,-32,-24],"size":[16,16,0],"uv":[32,48]},{"origin":[-8,-16,24],"size":[16,16,0],"uv":[0,0]},{"origin":[-8,0,24],"size":[16,16,0],"uv":[0,0]},{"origin":[-8,-16,-24],"size":[16,16,0],"uv":[0,0]},{"origin":[-8,0,-24],"size":[16,16,0],"uv":[0,0]},{"origin":[8,-32,24],"size":[16,16,0],"uv":[32,48]},{"origin":[8,-32,-24],"size":[16,16,0],"uv":[32,48]},{"origin":[8,-16,24],"size":[16,16,0],"uv":[0,0]},{"origin":[8,0,24],"size":[16,16,0],"uv":[0,0]},{"origin":[8,-16,-24],"size":[16,16,0],"uv":[0,0]},{"origin":[8,0,-24],"size":[16,16,0],"uv":[0,0]},{"origin":[8,16,24],"size":[16,16,0],"uv":[32,16]},{"origin":[8,16,-24],"size":[16,16,0],"uv":[32,16]},{"origin":[24,16,8],"size":[0,16,16],"uv":[32,0]},{"origin":[-24,16,8],"size":[0,16,16],"uv":[32,0]},{"origin":[24,-16,8],"size":[0,16,16],"uv":[0,0]},{"origin":[24,0,8],"size":[0,16,16],"uv":[0,0]},{"origin":[-24,-16,8],"size":[0,16,16],"uv":[0,0]},{"origin":[-24,0,8],"size":[0,16,16],"uv":[0,0]},{"origin":[24,-32,8],"size":[0,16,16],"uv":[32,32]},{"origin":[-24,-32,8],"size":[0,16,16],"uv":[32,32]},{"origin":[24,16,-8],"size":[0,16,16],"uv":[32,0]},{"origin":[-24,16,-8],"size":[0,16,16],"uv":[32,0]},{"origin":[24,-16,-8],"size":[0,16,16],"uv":[0,0]},{"origin":[24,0,-8],"size":[0,16,16],"uv":[0,0]},{"origin":[-24,-16,-8],"size":[0,16,16],"uv":[0,0]},{"origin":[-24,0,-8],"size":[0,16,16],"uv":[0,0]},{"origin":[24,-32,-8],"size":[0,16,16],"uv":[32,32]},{"origin":[-24,-32,-8],"size":[0,16,16],"uv":[32,32]},{"origin":[24,16,-24],"size":[0,16,16],"uv":[32,0]},{"origin":[-24,16,-24],"size":[0,16,16],"uv":[32,0]},{"origin":[24,-16,-24],"size":[0,16,16],"uv":[0,0]},{"origin":[24,0,-24],"size":[0,16,16],"uv":[0,0]},{"origin":[-24,-16,-24],"size":[0,16,16],"uv":[0,0]},{"origin":[-24,0,-24],"size":[0,16,16],"uv":[0,0]},{"origin":[24,-32,-24],"size":[0,16,16],"uv":[32,32]},{"origin":[-24,-32,-24],"size":[0,16,16],"uv":[32,32]},{"origin":[-8,16,24],"size":[16,16,0],"uv":[32,16]},{"origin":[-8,16,-24],"size":[16,16,0],"uv":[32,16]},{"origin":[-24,16,24],"size":[16,16,0],"uv":[32,16]},{"origin":[-24,16,-24],"size":[16,16,0],"uv":[32,16]},{"origin":[-24,-32,24],"size":[16,16,0],"uv":[32,48]},{"origin":[-24,-32,-24],"size":[16,16,0],"uv":[32,48]},{"origin":[-24,-16,24],"size":[16,16,0],"uv":[0,0]},{"origin":[-24,0,24],"size":[16,16,0],"uv":[0,0]},{"origin":[-24,-16,-24],"size":[16,16,0],"uv":[0,0]},{"origin":[-24,0,-24],"size":[16,16,0],"uv":[0,0]}]}]}]}