{"hive.bridge.game.countdown":{"category":"music","sounds":["sounds/hive/bridge/game/countdown"]},"hive.bridge.game.point.scored.against":{"category":"music","sounds":["sounds/hive/bridge/game/point_scored_against"]},"hive.bridge.game.point.scored":{"category":"music","sounds":["sounds/hive/bridge/game/point_scored"]},"hive.bridge.game.respawn":{"category":"music","sounds":["sounds/hive/bridge/game/respawn"]},"hive.bridge.game.checkmate":{"category":"music","sounds":["sounds/hive/bridge/game/checkmate"]},"hive.bridge.game.over":{"category":"music","sounds":["sounds/hive/bridge/game/game_over"]},"hive.bridge.pit.ambience":{"category":"neutral","sounds":["sounds/hive/bridge/pit/ambience"]},"hive.bridge.env.distant.splash":{"category":"music","sounds":["sounds/hive/bridge/env/distant_splash"]}}