{"format_version":"1.10.0","particle_effect":{"description":{"identifier":"hivesky:dark_magma_smoke","basic_render_parameters":{"material":"particles_alpha","texture":"textures/particle/hive/sky/spawnvehicles/ghastly_fire"}},"components":{"minecraft:emitter_rate_steady":{"spawn_rate":8,"max_particles":100},"minecraft:emitter_lifetime_looping":{"active_time":2},"minecraft:emitter_shape_point":{"direction":["variable.particle_random_1 \u003e 0.5 ? math.sin(variable.emitter_age*20)*1 : -math.sin(variable.emitter_age*20)*1",-3,"-math.cos(variable.emitter_age*20)*1.4"]},"minecraft:particle_lifetime_expression":{"max_lifetime":1.4},"minecraft:particle_initial_spin":{"rotation":"math.random(-80,80)","rotation_rate":"math.random(-80,80)"},"minecraft:particle_initial_speed":0.5,"minecraft:particle_motion_dynamic":{"linear_acceleration":["math.random(-1,1)",0,"math.random(-1,1)"],"linear_drag_coefficient":1},"minecraft:particle_appearance_billboard":{"size":["variable.particle_age \u003e 0.2 ? (1-(variable.particle_age/variable.particle_lifetime))*(variable.particle_random_1*0.1) : (variable.particle_age/variable.particle_lifetime)*(variable.particle_random_1*0.6)","variable.particle_age \u003e 0.2 ? (1-(variable.particle_age/variable.particle_lifetime))*(variable.particle_random_1*0.1) : (variable.particle_age/variable.particle_lifetime)*(variable.particle_random_1*0.6)"],"facing_camera_mode":"rotate_xyz","uv":{"texture_width":8,"texture_height":40,"flipbook":{"base_UV":[0,0],"size_UV":[8,8],"step_UV":[0,8],"max_frame":5,"stretch_to_lifetime":true}}}}}}