{"format_version":"1.10.0","particle_effect":{"description":{"identifier":"hivesky:grand_ender_chest","basic_render_parameters":{"material":"particles_alpha","texture":"textures/particle/hive/sky/deathcrates/grand_ender_chest"}},"components":{"minecraft:emitter_rate_steady":{"spawn_rate":20,"max_particles":40},"minecraft:emitter_lifetime_expression":{},"minecraft:emitter_shape_box":{"offset":[0,0.6,0],"half_dimensions":[0.8,0.6,0.8],"surface_only":true,"direction":["Math.random(-0.008, 0.008)","Math.random(-0.008, 0.008)","Math.random(-0.008, 0.008)"]},"minecraft:particle_lifetime_expression":{"max_lifetime":"Math.Random(2.5,1)"},"minecraft:particle_initial_spin":{"rotation_rate":"math.random(-80,80)"},"minecraft:particle_initial_speed":0.4,"minecraft:particle_motion_dynamic":{"linear_acceleration":["variable.particle_random_1 \u003e 0.6 ? math.sin(variable.particle_age*120)*2 : -math.sin(variable.particle_age*120)*2",0,"variable.particle_random_1 \u003e 0.6 ? math.cos(variable.particle_age*120)*2 : -math.cos(variable.particle_age*120)*2"],"linear_drag_coefficient":4},"minecraft:particle_appearance_billboard":{"size":["(1-(variable.particle_age/variable.particle_lifetime))*0.1","(1-(variable.particle_age/variable.particle_lifetime))*0.1"],"facing_camera_mode":"lookat_xyz","uv":{"texture_width":8,"texture_height":48,"uv":[0,"variable.particle_random_3 \u003c 0.5 ? Math.round(variable.particle_random_2 * 4) * 8 + 8 : Math.round(variable.particle_random_2 * 5) * 8"],"uv_size":[8,8]}},"minecraft:particle_appearance_tinting":{"color":[1,1,1,1]}}}}