{"format_version":"1.8.0","animations":{"animation.hive.bridge.screen.text.score":{"loop":"hold_on_last_frame","animation_length":3,"bones":{"letters":{"position":{"2.13":[0,0,0],"2.17":[0,1.23,0],"2.22":[0,6.77,0],"2.26":[0,8,0],"2.3":[0,6.86,0],"2.36":[0,1.14,0],"2.4":[0,0,0]},"scale":{"0.0":[1,1,1],"2.66":[1.12,1.12,1],"2.74":[1.1829,1.1829,1],"2.8":[1.2,1.2,1],"2.88":[1.02,1.02,1],"3.0":[0,0,1]}},"s":{"position":{"1.14":[0,0,0],"1.18":[0,1.23,0],"1.23":[0,6.77,0],"1.27":[0,8,0],"1.31":[0,6.86,0],"1.37":[0,1.14,0],"1.41":[0,0,0]},"scale":{"0.0":[0,0,1],"0.12":[0,0,1],"0.22":[1.1917,1.1917,1],"0.24":[1.3,1.3,1],"0.26":[1.2333,1.2333,1],"0.3":[0.9,0.9,1],"0.35":[0.9778,0.9778,1],"0.39":[1,1,1]}},"e":{"position":{"1.66":[0,0,0],"1.7":[0,1.23,0],"1.75":[0,6.77,0],"1.79":[0,8,0],"1.83":[0,6.86,0],"1.89":[0,1.14,0],"1.93":[0,0,0]},"scale":{"0.0":[0,0,1],"0.6":[0,0,1],"0.7":[1.1917,1.1917,1],"0.72":[1.3,1.3,1],"0.74":[1.2333,1.2333,1],"0.78":[0.9,0.9,1],"0.83":[0.9778,0.9778,1],"0.87":[1,1,1]}},"c":{"position":{"1.27":[0,0,0],"1.31":[0,1.23,0],"1.36":[0,6.77,0],"1.4":[0,8,0],"1.44":[0,6.86,0],"1.5":[0,1.14,0],"1.54":[0,0,0]},"scale":{"0.0":[0,0,1],"0.24":[0,0,1],"0.34":[1.1917,1.1917,1],"0.36":[1.3,1.3,1],"0.38":[1.2333,1.2333,1],"0.42":[0.9,0.9,1],"0.47":[0.9778,0.9778,1],"0.51":[1,1,1]}},"o":{"position":{"1.4":[0,0,0],"1.44":[0,1.23,0],"1.49":[0,6.77,0],"1.53":[0,8,0],"1.57":[0,6.86,0],"1.63":[0,1.14,0],"1.67":[0,0,0]},"scale":{"0.0":[0,0,1],"0.36":[0,0,1],"0.46":[1.1917,1.1917,1],"0.48":[1.3,1.3,1],"0.5":[1.2333,1.2333,1],"0.54":[0.9,0.9,1],"0.59":[0.9778,0.9778,1],"0.63":[1,1,1]}},"r":{"position":{"1.53":[0,0,0],"1.57":[0,1.23,0],"1.62":[0,6.77,0],"1.66":[0,8,0],"1.7":[0,6.86,0],"1.76":[0,1.14,0],"1.8":[0,0,0]},"scale":{"0.0":[0,0,1],"0.48":[0,0,1],"0.58":[1.1917,1.1917,1],"0.6":[1.3,1.3,1],"0.62":[1.2333,1.2333,1],"0.66":[0.9,0.9,1],"0.71":[0.9778,0.9778,1],"0.75":[1,1,1]}}}},"animation.hive.bridge.screen.text.reveal":{"loop":"hold_on_last_frame","animation_length":0.2,"bones":{"text":{"scale":{"0.0":[0,0,1],"0.04":[0.1,0.1,1],"0.16":[0.9,0.9,1],"0.2":[1,1,1]}}}},"animation.hive.bridge.screen.text.hide":{"loop":"hold_on_last_frame","animation_length":0.2,"bones":{"text":{"scale":{"0.0":[1,1,1],"0.04":[0.9,0.9,1],"0.16":[0.1,0.1,1],"0.2":[0,0,1]}},"letters":{"scale":[0,0,1]}}},"animation.hive.bridge.screen.text.hidden":{"loop":"hold_on_last_frame","bones":{"text":{"scale":[0,0,1]}}},"animation.hive.bridge.screen.text.revealed":{"loop":"hold_on_last_frame","bones":{"text":{"scale":1}}}}}