{"minecraft:geometry":[{"description":{"identifier":"geometry.hive.hub.arcade.vehicle.bus","texture_width":224,"texture_height":192,"visible_bounds_width":11,"visible_bounds_height":7,"visible_bounds_offset":[0,1.5,0]},"bones":[{"name":"root","pivot":[0,0,0]},{"name":"hovercar","parent":"root","pivot":[0,10,0],"cubes":[{"origin":[-23,10,-18],"size":[23,19,54],"uv":{"north":{"uv":[54,168],"uv_size":[23,19]},"east":{"uv":[0,168],"uv_size":[54,19]},"south":{"uv":[131,168],"uv_size":[23,19]},"west":{"uv":[77,168],"uv_size":[54,19]},"up":{"uv":[54,114],"uv_size":[23,54]},"down":{"uv":[77,168],"uv_size":[23,-54]}}},{"origin":[0,10,-18],"size":[23,19,54],"uv":{"north":{"uv":[77,168],"uv_size":[-23,19]},"east":{"uv":[131,168],"uv_size":[-54,19]},"south":{"uv":[154,168],"uv_size":[-23,19]},"west":{"uv":[54,168],"uv_size":[-54,19]},"up":{"uv":[77,114],"uv_size":[-23,54]},"down":{"uv":[100,168],"uv_size":[-23,-54]}}},{"origin":[-19,10,36],"size":[19,19,18],"uv":{"north":{"uv":[18,67],"uv_size":[19,19]},"east":{"uv":[0,67],"uv_size":[18,19]},"south":{"uv":[55,67],"uv_size":[19,19]},"west":{"uv":[37,67],"uv_size":[18,19]},"up":{"uv":[18,49],"uv_size":[19,18]},"down":{"uv":[37,67],"uv_size":[19,-18]}}},{"origin":[0,10,36],"size":[19,19,18],"uv":{"north":{"uv":[37,67],"uv_size":[-19,19]},"east":{"uv":[55,67],"uv_size":[-18,19]},"south":{"uv":[74,67],"uv_size":[-19,19]},"west":{"uv":[18,67],"uv_size":[-18,19]},"up":{"uv":[37,49],"uv_size":[-19,18]},"down":{"uv":[56,67],"uv_size":[-19,-18]}}},{"origin":[-16,32,54.12],"size":[32,17,0],"uv":{"north":{"uv":[128,69],"uv_size":[32,17]},"east":{"uv":[128,69],"uv_size":[0,17]},"south":{"uv":[160,69],"uv_size":[32,17]},"west":{"uv":[160,69],"uv_size":[0,17]},"up":{"uv":[128,69],"uv_size":[32,0]},"down":{"uv":[160,69],"uv_size":[32,0]}}},{"origin":[-19,29,-36],"size":[19,24,90],"uv":{"north":{"uv":[90,90],"uv_size":[19,24]},"east":{"uv":[0,90],"uv_size":[90,24]},"south":{"uv":[199,90],"uv_size":[19,24]},"west":{"uv":[109,90],"uv_size":[90,24]},"up":{"uv":[90,0],"uv_size":[19,90]},"down":{"uv":[109,90],"uv_size":[19,-90]}}},{"origin":[-6,53,1],"size":[6,3,23],"uv":{"north":{"uv":[189,139],"uv_size":[6,3]},"east":{"uv":[166,139],"uv_size":[23,3]},"south":{"uv":[218,139],"uv_size":[6,3]},"west":{"uv":[195,139],"uv_size":[23,3]},"up":{"uv":[189,116],"uv_size":[6,23]},"down":{"uv":[195,139],"uv_size":[6,-23]}}},{"origin":[0,53,1],"size":[6,3,23],"uv":{"north":{"uv":[195,139],"uv_size":[-6,3]},"east":{"uv":[218,139],"uv_size":[-23,3]},"south":{"uv":[224,139],"uv_size":[-6,3]},"west":{"uv":[189,139],"uv_size":[-23,3]},"up":{"uv":[195,116],"uv_size":[-6,23]},"down":{"uv":[201,139],"uv_size":[-6,-23]}}},{"origin":[-4,56,3],"size":[8,6,19],"uv":{"north":{"uv":[197,182],"uv_size":[-8,6]},"east":{"uv":[216,182],"uv_size":[-19,6]},"south":{"uv":[224,182],"uv_size":[-8,6]},"west":{"uv":[189,182],"uv_size":[-19,6]},"up":{"uv":[197,163],"uv_size":[-8,19]},"down":{"uv":[205,182],"uv_size":[-8,-19]}}},{"origin":[-16,53.12,-36],"size":[32,0,34],"uv":{"north":{"uv":[128,34],"uv_size":[32,0]},"east":{"uv":[94,34],"uv_size":[34,0]},"south":{"uv":[194,34],"uv_size":[32,0]},"west":{"uv":[160,34],"uv_size":[34,0]},"up":{"uv":[128,0],"uv_size":[32,34]},"down":{"uv":[160,34],"uv_size":[32,-34]}}},{"origin":[-16,53.12,23],"size":[32,0,20],"uv":{"north":{"uv":[20,20],"uv_size":[32,0]},"east":{"uv":[0,20],"uv_size":[20,0]},"south":{"uv":[72,20],"uv_size":[32,0]},"west":{"uv":[52,20],"uv_size":[20,0]},"up":{"uv":[20,0],"uv_size":[32,20]},"down":{"uv":[52,20],"uv_size":[32,-20]}}},{"origin":[0,29,-36],"size":[19,24,90],"uv":{"north":{"uv":[109,90],"uv_size":[-19,24]},"east":{"uv":[199,90],"uv_size":[-90,24]},"south":{"uv":[218,90],"uv_size":[-19,24]},"west":{"uv":[90,90],"uv_size":[-90,24]},"up":{"uv":[109,0],"uv_size":[-19,90]},"down":{"uv":[128,90],"uv_size":[-19,-90]}}},{"origin":[-19,10,-46],"size":[19,19,28],"uv":{"north":{"uv":[128,142],"uv_size":[19,19]},"east":{"uv":[100,142],"uv_size":[28,19]},"south":{"uv":[175,142],"uv_size":[19,19]},"west":{"uv":[147,142],"uv_size":[28,19]},"up":{"uv":[128,114],"uv_size":[19,28]},"down":{"uv":[147,142],"uv_size":[19,-28]}}},{"origin":[0,10,-46],"size":[19,19,28],"uv":{"north":{"uv":[147,142],"uv_size":[-19,19]},"east":{"uv":[175,142],"uv_size":[-28,19]},"south":{"uv":[194,142],"uv_size":[-19,19]},"west":{"uv":[128,142],"uv_size":[-28,19]},"up":{"uv":[147,114],"uv_size":[-19,28]},"down":{"uv":[166,142],"uv_size":[-19,-28]}}},{"origin":[-19,18.01,-46],"size":[13,7,3],"pivot":[-19,21.5,-46],"rotation":[0,10,0],"uv":{"north":{"uv":[157,164],"uv_size":[13,7]},"east":{"uv":[154,164],"uv_size":[3,7]},"south":{"uv":[173,164],"uv_size":[13,7]},"west":{"uv":[170,164],"uv_size":[3,7]},"up":{"uv":[157,161],"uv_size":[13,3]},"down":{"uv":[170,164],"uv_size":[13,-3]}}},{"origin":[6,18.01,-46],"size":[13,7,3],"pivot":[19,21.5,-46],"rotation":[0,-10,0],"uv":{"north":{"uv":[170,164],"uv_size":[-13,7]},"east":{"uv":[173,164],"uv_size":[-3,7]},"south":{"uv":[186,164],"uv_size":[-13,7]},"west":{"uv":[157,164],"uv_size":[-3,7]},"up":{"uv":[170,161],"uv_size":[-13,3]},"down":{"uv":[183,164],"uv_size":[-13,-3]}}},{"origin":[-19,10,-49],"size":[38,4,3],"uv":{"north":{"uv":[131,65],"uv_size":[38,4]},"east":{"uv":[128,65],"uv_size":[3,4]},"south":{"uv":[172,65],"uv_size":[38,4]},"west":{"uv":[169,65],"uv_size":[3,4]},"up":{"uv":[131,62],"uv_size":[38,3]},"down":{"uv":[169,65],"uv_size":[38,-3]}}},{"origin":[-19,10,54],"size":[38,4,3],"uv":{"north":{"uv":[131,65],"uv_size":[38,4]},"east":{"uv":[128,65],"uv_size":[3,4]},"south":{"uv":[172,65],"uv_size":[38,4]},"west":{"uv":[169,65],"uv_size":[3,4]},"up":{"uv":[131,62],"uv_size":[38,3]},"down":{"uv":[169,65],"uv_size":[38,-3]}}},{"origin":[-9,14,54],"size":[18,7,6],"uv":{"north":{"uv":[6,144],"uv_size":[18,7]},"east":{"uv":[0,144],"uv_size":[6,7]},"south":{"uv":[30,144],"uv_size":[18,7]},"west":{"uv":[24,144],"uv_size":[6,7]},"up":{"uv":[6,138],"uv_size":[18,6]},"down":{"uv":[24,144],"uv_size":[18,-6]}}},{"origin":[-9,16,60],"size":[18,5,3],"uv":{"north":{"uv":[3,154],"uv_size":[18,5]},"east":{"uv":[0,154],"uv_size":[3,5]},"south":{"uv":[24,154],"uv_size":[18,5]},"west":{"uv":[21,154],"uv_size":[3,5]},"up":{"uv":[3,151],"uv_size":[18,3]},"down":{"uv":[21,154],"uv_size":[18,-3]}}},{"origin":[-18.99,29,-44],"size":[0,17,8],"uv":{"north":{"uv":[8,49],"uv_size":[0,17]},"east":{"uv":[0,49],"uv_size":[8,17]},"south":{"uv":[16,49],"uv_size":[0,17]},"west":{"uv":[8,49],"uv_size":[8,17]},"up":{"uv":[8,41],"uv_size":[0,8]},"down":{"uv":[8,49],"uv_size":[0,-8]}}},{"origin":[18.99,29,-44],"size":[0,17,8],"uv":{"north":{"uv":[8,49],"uv_size":[0,17]},"east":{"uv":[16,49],"uv_size":[-8,17]},"south":{"uv":[16,49],"uv_size":[0,17]},"west":{"uv":[8,49],"uv_size":[-8,17]},"up":{"uv":[8,41],"uv_size":[0,8]},"down":{"uv":[8,49],"uv_size":[0,-8]}}},{"origin":[-19,29,-46],"size":[38,26,3],"pivot":[0,29,-46],"rotation":[-22.6,0,0],"uv":{"north":{"uv":[3,23],"uv_size":[38,26]},"east":{"uv":[0,23],"uv_size":[3,26]},"south":{"uv":[44,23],"uv_size":[38,26]},"west":{"uv":[41,23],"uv_size":[3,26]},"up":{"uv":[3,20],"uv_size":[38,3]},"down":{"uv":[41,23],"uv_size":[38,-3]}}},{"origin":[-19.01,48,-46],"size":[0,7,3],"pivot":[0,29,-46],"rotation":[-22.6,0,0],"uv":{"north":{"uv":[17,9],"uv_size":[0,7]},"east":{"uv":[14,9],"uv_size":[3,7]},"south":{"uv":[20,9],"uv_size":[0,7]},"west":{"uv":[17,9],"uv_size":[3,7]},"up":{"uv":[17,6],"uv_size":[0,3]},"down":{"uv":[17,9],"uv_size":[0,-3]}}},{"origin":[19.01,48,-46],"size":[0,7,3],"pivot":[0,29,-46],"rotation":[-22.6,0,0],"uv":{"north":{"uv":[17,9],"uv_size":[0,7]},"east":{"uv":[14,9],"uv_size":[3,7]},"south":{"uv":[20,9],"uv_size":[0,7]},"west":{"uv":[17,9],"uv_size":[3,7]},"up":{"uv":[17,6],"uv_size":[0,3]},"down":{"uv":[17,9],"uv_size":[0,-3]}}}]},{"name":"rightThrust","parent":"hovercar","pivot":[-26,15,-4],"rotation":[0,-12.5,0],"cubes":[{"origin":[-26,12,-4],"size":[7,7,17],"uv":{"north":{"uv":[17,131],"uv_size":[7,7]},"east":{"uv":[0,131],"uv_size":[17,7]},"south":{"uv":[41,131],"uv_size":[7,7]},"west":{"uv":[24,131],"uv_size":[17,7]},"up":{"uv":[17,114],"uv_size":[7,17]},"down":{"uv":[24,131],"uv_size":[7,-17]}}}]},{"name":"rightThrustRing","parent":"rightThrust","pivot":[-23,15,16],"cubes":[{"origin":[-26,12,16],"size":[7,7,0],"uv":{"north":{"uv":[0,9],"uv_size":[7,7]},"east":{"uv":[0,9],"uv_size":[0,7]},"south":{"uv":[7,9],"uv_size":[7,7]},"west":{"uv":[7,9],"uv_size":[0,7]},"up":{"uv":[0,9],"uv_size":[7,0]},"down":{"uv":[7,9],"uv_size":[7,0]}}}]},{"name":"leftThrust","parent":"hovercar","pivot":[26,15,-4],"rotation":[0,12.5,0],"cubes":[{"origin":[19,12,-4],"size":[7,7,17],"uv":{"north":{"uv":[24,131],"uv_size":[-7,7]},"east":{"uv":[41,131],"uv_size":[-17,7]},"south":{"uv":[48,131],"uv_size":[-7,7]},"west":{"uv":[17,131],"uv_size":[-17,7]},"up":{"uv":[24,114],"uv_size":[-7,17]},"down":{"uv":[31,131],"uv_size":[-7,-17]}}}]},{"name":"leftThrustRing","parent":"leftThrust","pivot":[23,15,16],"cubes":[{"origin":[19,12,16],"size":[7,7,0],"uv":{"north":{"uv":[7,9],"uv_size":[-7,7]},"east":{"uv":[7,9],"uv_size":[0,7]},"south":{"uv":[14,9],"uv_size":[-7,7]},"west":{"uv":[0,9],"uv_size":[0,7]},"up":{"uv":[7,9],"uv_size":[-7,0]},"down":{"uv":[14,9],"uv_size":[-7,0]}}}]},{"name":"rightMirror","parent":"hovercar","pivot":[-19,32,-40],"rotation":[0,25,0],"cubes":[{"origin":[-28,27,-40],"size":[6,7,2],"uv":{"north":{"uv":[2,2],"uv_size":[6,7]},"east":{"uv":[0,2],"uv_size":[2,7]},"south":{"uv":[10,2],"uv_size":[6,7]},"west":{"uv":[8,2],"uv_size":[2,7]},"up":{"uv":[2,0],"uv_size":[6,2]},"down":{"uv":[8,2],"uv_size":[6,-2]}}},{"origin":[-28,34,-40],"size":[9,4,2],"uv":{"north":{"uv":[33,116],"uv_size":[9,4]},"east":{"uv":[31,116],"uv_size":[2,4]},"south":{"uv":[44,116],"uv_size":[9,4]},"west":{"uv":[42,116],"uv_size":[2,4]},"up":{"uv":[33,114],"uv_size":[9,2]},"down":{"uv":[42,116],"uv_size":[9,-2]}}}]},{"name":"leftMirror","parent":"hovercar","pivot":[19,32,-40],"rotation":[0,-25,0],"cubes":[{"origin":[22,27,-40],"size":[6,7,2],"uv":{"north":{"uv":[8,2],"uv_size":[-6,7]},"east":{"uv":[10,2],"uv_size":[-2,7]},"south":{"uv":[16,2],"uv_size":[-6,7]},"west":{"uv":[2,2],"uv_size":[-2,7]},"up":{"uv":[8,0],"uv_size":[-6,2]},"down":{"uv":[14,2],"uv_size":[-6,-2]}}},{"origin":[19,34,-40],"size":[9,4,2],"uv":{"north":{"uv":[42,116],"uv_size":[-9,4]},"east":{"uv":[44,116],"uv_size":[-2,4]},"south":{"uv":[53,116],"uv_size":[-9,4]},"west":{"uv":[33,116],"uv_size":[-2,4]},"up":{"uv":[42,114],"uv_size":[-9,2]},"down":{"uv":[51,116],"uv_size":[-9,-2]}}}]},{"name":"frontRightHover","parent":"hovercar","pivot":[-19,15,-28],"cubes":[{"origin":[-27,5,-36],"size":[18,10,18],"uv":{"north":{"uv":[146,52],"uv_size":[18,10]},"east":{"uv":[128,52],"uv_size":[18,10]},"south":{"uv":[182,52],"uv_size":[18,10]},"west":{"uv":[164,52],"uv_size":[18,10]},"up":{"uv":[146,34],"uv_size":[18,18]},"down":{"uv":[164,52],"uv_size":[18,-18]}}},{"origin":[-27,15,-36],"size":[0,4,18],"uv":{"north":{"uv":[18,86],"uv_size":[0,4]},"east":{"uv":[0,86],"uv_size":[18,4]},"south":{"uv":[36,86],"uv_size":[0,4]},"west":{"uv":[18,86],"uv_size":[18,4]},"up":{"uv":[18,68],"uv_size":[0,18]},"down":{"uv":[18,86],"uv_size":[0,-18]}}}]},{"name":"hover2","parent":"frontRightHover","pivot":[-18,5,-27],"cubes":[{"origin":[-24,5,-33],"size":[12,1,12],"uv":{"north":{"uv":[179,41],"uv_size":[1,3]},"east":{"uv":[179,41],"uv_size":[1,3]},"south":{"uv":[179,41],"uv_size":[1,3]},"west":{"uv":[179,41],"uv_size":[1,3]},"up":{"uv":[184,37],"uv_size":[12,12]},"down":{"uv":[184,49],"uv_size":[12,-12]}}}]},{"name":"frontLeftHover","parent":"hovercar","pivot":[19,15,-28],"cubes":[{"origin":[9,5,-36],"size":[18,10,18],"uv":{"north":{"uv":[164,52],"uv_size":[-18,10]},"east":{"uv":[182,52],"uv_size":[-18,10]},"south":{"uv":[200,52],"uv_size":[-18,10]},"west":{"uv":[146,52],"uv_size":[-18,10]},"up":{"uv":[164,34],"uv_size":[-18,18]},"down":{"uv":[182,52],"uv_size":[-18,-18]}}},{"origin":[27,15,-36],"size":[0,4,18],"uv":{"north":{"uv":[18,86],"uv_size":[0,4]},"east":{"uv":[36,86],"uv_size":[-18,4]},"south":{"uv":[36,86],"uv_size":[0,4]},"west":{"uv":[18,86],"uv_size":[-18,4]},"up":{"uv":[18,68],"uv_size":[0,18]},"down":{"uv":[18,86],"uv_size":[0,-18]}}}]},{"name":"hover1","parent":"frontLeftHover","pivot":[18,5,-27],"cubes":[{"origin":[12,5,-33],"size":[12,1,12],"uv":{"north":{"uv":[179,41],"uv_size":[1,3]},"east":{"uv":[179,41],"uv_size":[1,3]},"south":{"uv":[179,41],"uv_size":[1,3]},"west":{"uv":[179,41],"uv_size":[1,3]},"up":{"uv":[184,37],"uv_size":[12,12]},"down":{"uv":[184,49],"uv_size":[12,-12]}}}]},{"name":"backRightHover","parent":"hovercar","pivot":[-19,15,37],"cubes":[{"origin":[-27,5,29],"size":[18,10,18],"uv":{"north":{"uv":[146,52],"uv_size":[18,10]},"east":{"uv":[128,52],"uv_size":[18,10]},"south":{"uv":[182,52],"uv_size":[18,10]},"west":{"uv":[164,52],"uv_size":[18,10]},"up":{"uv":[146,34],"uv_size":[18,18]},"down":{"uv":[164,52],"uv_size":[18,-18]}}},{"origin":[-27,15,29],"size":[0,4,18],"uv":{"north":{"uv":[18,86],"uv_size":[0,4]},"east":{"uv":[0,86],"uv_size":[18,4]},"south":{"uv":[36,86],"uv_size":[0,4]},"west":{"uv":[18,86],"uv_size":[18,4]},"up":{"uv":[18,68],"uv_size":[0,18]},"down":{"uv":[18,86],"uv_size":[0,-18]}}}]},{"name":"hover3","parent":"backRightHover","pivot":[-18,5,38],"cubes":[{"origin":[-24,5,32],"size":[12,1,12],"uv":{"north":{"uv":[179,41],"uv_size":[1,3]},"east":{"uv":[179,41],"uv_size":[1,3]},"south":{"uv":[179,41],"uv_size":[1,3]},"west":{"uv":[179,41],"uv_size":[1,3]},"up":{"uv":[184,37],"uv_size":[12,12]},"down":{"uv":[184,49],"uv_size":[12,-12]}}}]},{"name":"backLeftHover","parent":"hovercar","pivot":[19,15,37],"cubes":[{"origin":[9,5,29],"size":[18,10,18],"uv":{"north":{"uv":[164,52],"uv_size":[-18,10]},"east":{"uv":[182,52],"uv_size":[-18,10]},"south":{"uv":[200,52],"uv_size":[-18,10]},"west":{"uv":[146,52],"uv_size":[-18,10]},"up":{"uv":[164,34],"uv_size":[-18,18]},"down":{"uv":[182,52],"uv_size":[-18,-18]}}},{"origin":[27,15,29],"size":[0,4,18],"uv":{"north":{"uv":[18,86],"uv_size":[0,4]},"east":{"uv":[36,86],"uv_size":[-18,4]},"south":{"uv":[36,86],"uv_size":[0,4]},"west":{"uv":[18,86],"uv_size":[-18,4]},"up":{"uv":[18,68],"uv_size":[0,18]},"down":{"uv":[18,86],"uv_size":[0,-18]}}}]},{"name":"hover4","parent":"backLeftHover","pivot":[18,5,38],"cubes":[{"origin":[12,5,32],"size":[12,1,12],"uv":{"north":{"uv":[179,41],"uv_size":[1,3]},"east":{"uv":[179,41],"uv_size":[1,3]},"south":{"uv":[179,41],"uv_size":[1,3]},"west":{"uv":[179,41],"uv_size":[1,3]},"up":{"uv":[184,37],"uv_size":[12,12]},"down":{"uv":[184,49],"uv_size":[12,-12]}}}]}]}],"format_version":"1.12.0"}