{"minecraft:geometry":[{"description":{"identifier":"geometry.hive.hub.arcade.vehicle.car","texture_width":256,"texture_height":256,"visible_bounds_width":11,"visible_bounds_height":6,"visible_bounds_offset":[0,1,0]},"bones":[{"name":"root","pivot":[0,0,0]},{"name":"hovercar","parent":"root","pivot":[0,10,0],"cubes":[{"origin":[-23,10,-18],"size":[46,15,54],"uv":{"north":{"uv":[54,241],"uv_size":[46,15]},"east":{"uv":[0,241],"uv_size":[54,15]},"south":{"uv":[154,241],"uv_size":[46,15]},"west":{"uv":[100,241],"uv_size":[54,15]},"up":{"uv":[54,187],"uv_size":[46,54]},"down":{"uv":[100,241],"uv_size":[46,-54]}}},{"origin":[-19,10,36],"size":[38,15,18],"uv":{"north":{"uv":[18,123],"uv_size":[38,15]},"east":{"uv":[0,123],"uv_size":[18,15]},"south":{"uv":[74,123],"uv_size":[38,15]},"west":{"uv":[56,123],"uv_size":[18,15]},"up":{"uv":[18,105],"uv_size":[38,18]},"down":{"uv":[56,123],"uv_size":[38,-18]}}},{"origin":[-19,10,-46],"size":[38,15,28],"uv":{"north":{"uv":[28,28],"uv_size":[38,15]},"east":{"uv":[0,28],"uv_size":[28,15]},"south":{"uv":[94,28],"uv_size":[38,15]},"west":{"uv":[66,28],"uv_size":[28,15]},"up":{"uv":[28,0],"uv_size":[38,28]},"down":{"uv":[66,28],"uv_size":[38,-28]}}},{"origin":[-19,18.01,-46],"size":[13,7,3],"pivot":[-19,21.5,-46],"rotation":[0,10,0],"uv":{"north":{"uv":[99,114],"uv_size":[13,7]},"east":{"uv":[96,114],"uv_size":[3,7]},"south":{"uv":[115,114],"uv_size":[13,7]},"west":{"uv":[112,114],"uv_size":[3,7]},"up":{"uv":[99,111],"uv_size":[13,3]},"down":{"uv":[112,114],"uv_size":[13,-3]}}},{"origin":[6,18.01,-46],"size":[13,7,3],"pivot":[19,21.5,-46],"rotation":[0,-10,0],"uv":{"north":{"uv":[112,114],"uv_size":[-13,7]},"east":{"uv":[115,114],"uv_size":[-3,7]},"south":{"uv":[128,114],"uv_size":[-13,7]},"west":{"uv":[99,114],"uv_size":[-3,7]},"up":{"uv":[112,111],"uv_size":[-13,3]},"down":{"uv":[125,114],"uv_size":[-13,-3]}}},{"origin":[-19,10,-49],"size":[38,4,3],"uv":{"north":{"uv":[3,141],"uv_size":[38,4]},"east":{"uv":[0,141],"uv_size":[3,4]},"south":{"uv":[44,141],"uv_size":[38,4]},"west":{"uv":[41,141],"uv_size":[3,4]},"up":{"uv":[3,138],"uv_size":[38,3]},"down":{"uv":[41,141],"uv_size":[38,-3]}}},{"origin":[-19,10,54],"size":[38,4,3],"uv":{"north":{"uv":[3,141],"uv_size":[38,4]},"east":{"uv":[0,141],"uv_size":[3,4]},"south":{"uv":[44,141],"uv_size":[38,4]},"west":{"uv":[41,141],"uv_size":[3,4]},"up":{"uv":[3,138],"uv_size":[38,3]},"down":{"uv":[41,141],"uv_size":[38,-3]}}},{"origin":[-9,14,54],"size":[18,7,6],"uv":{"north":{"uv":[6,196],"uv_size":[18,7]},"east":{"uv":[0,196],"uv_size":[6,7]},"south":{"uv":[30,196],"uv_size":[18,7]},"west":{"uv":[24,196],"uv_size":[6,7]},"up":{"uv":[6,190],"uv_size":[18,6]},"down":{"uv":[24,196],"uv_size":[18,-6]}}},{"origin":[-9,16,60],"size":[18,5,3],"uv":{"north":{"uv":[3,184],"uv_size":[18,5]},"east":{"uv":[0,184],"uv_size":[3,5]},"south":{"uv":[24,184],"uv_size":[18,5]},"west":{"uv":[21,184],"uv_size":[3,5]},"up":{"uv":[3,181],"uv_size":[18,3]},"down":{"uv":[21,184],"uv_size":[18,-3]}}},{"origin":[-16,14,25],"size":[32,11,24],"pivot":[0,25,49],"rotation":[-35,0,0],"uv":{"north":{"uv":[24,94],"uv_size":[32,11]},"east":{"uv":[0,94],"uv_size":[24,11]},"south":{"uv":[80,94],"uv_size":[32,11]},"west":{"uv":[56,94],"uv_size":[24,11]},"up":{"uv":[24,70],"uv_size":[32,24]},"down":{"uv":[56,94],"uv_size":[32,-24]}}},{"origin":[-19,25,-8],"size":[38,17,38],"uv":{"north":{"uv":[134,45],"uv_size":[38,17]},"east":{"uv":[96,45],"uv_size":[38,17]},"south":{"uv":[210,45],"uv_size":[38,17]},"west":{"uv":[172,45],"uv_size":[38,17]},"up":{"uv":[134,7],"uv_size":[38,38]},"down":{"uv":[172,45],"uv_size":[38,-38]}}},{"origin":[-18.99,25,-21],"size":[0,17,13],"uv":{"north":{"uv":[119,3],"uv_size":[0,17]},"east":{"uv":[106,3],"uv_size":[13,17]},"south":{"uv":[132,3],"uv_size":[0,17]},"west":{"uv":[119,3],"uv_size":[13,17]},"up":{"uv":[119,-10],"uv_size":[0,13]},"down":{"uv":[119,3],"uv_size":[0,-13]}}},{"origin":[18.99,25,-21],"size":[0,17,13],"uv":{"north":{"uv":[119,3],"uv_size":[0,17]},"east":{"uv":[132,3],"uv_size":[-13,17]},"south":{"uv":[132,3],"uv_size":[0,17]},"west":{"uv":[119,3],"uv_size":[-13,17]},"up":{"uv":[119,-10],"uv_size":[0,13]},"down":{"uv":[119,3],"uv_size":[0,-13]}}},{"origin":[-19,25,-25],"size":[38,24,3],"pivot":[0,25,-25],"rotation":[-45,0,0],"uv":{"north":{"uv":[3,46],"uv_size":[38,24]},"east":{"uv":[0,46],"uv_size":[3,24]},"south":{"uv":[44,46],"uv_size":[38,24]},"west":{"uv":[41,46],"uv_size":[3,24]},"up":{"uv":[3,43],"uv_size":[38,3]},"down":{"uv":[41,46],"uv_size":[38,-3]}}},{"origin":[-19.01,45,-25],"size":[0,4,3],"pivot":[0,25,-25],"rotation":[-45,0,0],"uv":{"north":{"uv":[3,146],"uv_size":[0,4]},"east":{"uv":[0,146],"uv_size":[3,4]},"south":{"uv":[6,146],"uv_size":[0,4]},"west":{"uv":[3,146],"uv_size":[3,4]},"up":{"uv":[3,143],"uv_size":[0,3]},"down":{"uv":[3,146],"uv_size":[0,-3]}}},{"origin":[19.01,45,-25],"size":[0,4,3],"pivot":[0,25,-25],"rotation":[-45,0,0],"uv":{"north":{"uv":[3,146],"uv_size":[0,4]},"east":{"uv":[6,146],"uv_size":[-3,4]},"south":{"uv":[6,146],"uv_size":[0,4]},"west":{"uv":[3,146],"uv_size":[-3,4]},"up":{"uv":[3,143],"uv_size":[0,3]},"down":{"uv":[3,146],"uv_size":[0,-3]}}}]},{"name":"rightThrust","parent":"hovercar","pivot":[-26,15,-4],"rotation":[0,-12.5,0],"cubes":[{"origin":[-26,12,-4],"size":[7,7,17],"uv":{"north":{"uv":[21,232],"uv_size":[7,7]},"east":{"uv":[4,232],"uv_size":[17,7]},"south":{"uv":[45,232],"uv_size":[7,7]},"west":{"uv":[28,232],"uv_size":[17,7]},"up":{"uv":[21,215],"uv_size":[7,17]},"down":{"uv":[28,232],"uv_size":[7,-17]}}}]},{"name":"rightThrustRing","parent":"rightThrust","pivot":[-23,15,16],"cubes":[{"origin":[-26,12,16],"size":[7,7,0],"uv":{"north":{"uv":[0,169],"uv_size":[7,7]},"east":{"uv":[0,169],"uv_size":[0,7]},"south":{"uv":[7,169],"uv_size":[7,7]},"west":{"uv":[7,169],"uv_size":[0,7]},"up":{"uv":[0,169],"uv_size":[7,0]},"down":{"uv":[7,169],"uv_size":[7,0]}}}]},{"name":"leftThrust","parent":"hovercar","pivot":[26,15,-4],"rotation":[0,12.5,0],"cubes":[{"origin":[19,12,-4],"size":[7,7,17],"uv":{"north":{"uv":[28,232],"uv_size":[-7,7]},"east":{"uv":[45,232],"uv_size":[-17,7]},"south":{"uv":[52,232],"uv_size":[-7,7]},"west":{"uv":[21,232],"uv_size":[-17,7]},"up":{"uv":[28,215],"uv_size":[-7,17]},"down":{"uv":[35,232],"uv_size":[-7,-17]}}}]},{"name":"leftThrustRing","parent":"leftThrust","pivot":[23,15,16],"cubes":[{"origin":[19,12,16],"size":[7,7,0],"uv":{"north":{"uv":[7,169],"uv_size":[-7,7]},"east":{"uv":[7,169],"uv_size":[0,7]},"south":{"uv":[14,169],"uv_size":[-7,7]},"west":{"uv":[0,169],"uv_size":[0,7]},"up":{"uv":[7,169],"uv_size":[-7,0]},"down":{"uv":[14,169],"uv_size":[-7,0]}}}]},{"name":"rightMirror","parent":"hovercar","pivot":[-19,25,-16],"rotation":[0,25,0],"cubes":[{"origin":[-29,25,-16],"size":[10,6,2],"uv":{"north":{"uv":[31,207],"uv_size":[10,6]},"east":{"uv":[29,207],"uv_size":[2,6]},"south":{"uv":[43,207],"uv_size":[10,6]},"west":{"uv":[41,207],"uv_size":[2,6]},"up":{"uv":[31,205],"uv_size":[10,2]},"down":{"uv":[41,207],"uv_size":[10,-2]}}}]},{"name":"leftMirror","parent":"hovercar","pivot":[19,25,-16],"rotation":[0,-25,0],"cubes":[{"origin":[19,25,-16],"size":[10,6,2],"uv":{"north":{"uv":[41,207],"uv_size":[-10,6]},"east":{"uv":[43,207],"uv_size":[-2,6]},"south":{"uv":[53,207],"uv_size":[-10,6]},"west":{"uv":[31,207],"uv_size":[-2,6]},"up":{"uv":[41,205],"uv_size":[-10,2]},"down":{"uv":[51,207],"uv_size":[-10,-2]}}}]},{"name":"frontRightHover","parent":"hovercar","pivot":[-19,15,-28],"cubes":[{"origin":[-27,5,-36],"size":[18,10,18],"uv":{"north":{"uv":[109,81],"uv_size":[18,10]},"east":{"uv":[91,81],"uv_size":[18,10]},"south":{"uv":[145,81],"uv_size":[18,10]},"west":{"uv":[127,81],"uv_size":[18,10]},"up":{"uv":[109,63],"uv_size":[18,18]},"down":{"uv":[127,81],"uv_size":[18,-18]}}},{"origin":[-27,15,-36],"size":[0,4,18],"uv":{"north":{"uv":[164,64],"uv_size":[0,4]},"east":{"uv":[146,64],"uv_size":[18,4]},"south":{"uv":[182,64],"uv_size":[0,4]},"west":{"uv":[164,64],"uv_size":[18,4]},"up":{"uv":[164,46],"uv_size":[0,18]},"down":{"uv":[164,64],"uv_size":[0,-18]}}}]},{"name":"hover2","parent":"frontRightHover","pivot":[-18,5,-27],"cubes":[{"origin":[-24,5,-33],"size":[12,1,12],"uv":{"north":{"uv":[142,69],"uv_size":[1,6]},"east":{"uv":[142,69],"uv_size":[1,6]},"south":{"uv":[142,69],"uv_size":[1,6]},"west":{"uv":[142,69],"uv_size":[1,6]},"up":{"uv":[157,81],"uv_size":[-12,-12]},"down":{"uv":[157,81],"uv_size":[-12,-12]}}}]},{"name":"frontLeftHover","parent":"hovercar","pivot":[19,15,-28],"cubes":[{"origin":[27,15,-36],"size":[0,4,18],"uv":{"north":{"uv":[164,64],"uv_size":[0,4]},"east":{"uv":[182,64],"uv_size":[-18,4]},"south":{"uv":[182,64],"uv_size":[0,4]},"west":{"uv":[164,64],"uv_size":[-18,4]},"up":{"uv":[164,46],"uv_size":[0,18]},"down":{"uv":[164,64],"uv_size":[0,-18]}}},{"origin":[9,5,-36],"size":[18,10,18],"uv":{"north":{"uv":[127,81],"uv_size":[-18,10]},"east":{"uv":[145,81],"uv_size":[-18,10]},"south":{"uv":[163,81],"uv_size":[-18,10]},"west":{"uv":[109,81],"uv_size":[-18,10]},"up":{"uv":[127,63],"uv_size":[-18,18]},"down":{"uv":[145,81],"uv_size":[-18,-18]}}}]},{"name":"hover1","parent":"frontLeftHover","pivot":[18,5,-27],"cubes":[{"origin":[12,5,-33],"size":[12,1,12],"uv":{"north":{"uv":[142,69],"uv_size":[1,6]},"east":{"uv":[142,69],"uv_size":[1,6]},"south":{"uv":[142,69],"uv_size":[1,6]},"west":{"uv":[142,69],"uv_size":[1,6]},"up":{"uv":[157,81],"uv_size":[-12,-12]},"down":{"uv":[157,81],"uv_size":[-12,-12]}}}]},{"name":"backRightHover","parent":"hovercar","pivot":[-19,15,37],"cubes":[{"origin":[-27,5,29],"size":[18,10,18],"uv":{"north":{"uv":[109,81],"uv_size":[18,10]},"east":{"uv":[91,81],"uv_size":[18,10]},"south":{"uv":[145,81],"uv_size":[18,10]},"west":{"uv":[127,81],"uv_size":[18,10]},"up":{"uv":[109,63],"uv_size":[18,18]},"down":{"uv":[127,81],"uv_size":[18,-18]}}},{"origin":[-27,15,29],"size":[0,4,18],"uv":{"north":{"uv":[164,64],"uv_size":[0,4]},"east":{"uv":[146,64],"uv_size":[18,4]},"south":{"uv":[182,64],"uv_size":[0,4]},"west":{"uv":[164,64],"uv_size":[18,4]},"up":{"uv":[164,46],"uv_size":[0,18]},"down":{"uv":[164,64],"uv_size":[0,-18]}}}]},{"name":"hover3","parent":"backRightHover","pivot":[-18,5,38],"cubes":[{"origin":[-24,5,32],"size":[12,1,12],"uv":{"north":{"uv":[142,69],"uv_size":[1,6]},"east":{"uv":[142,69],"uv_size":[1,6]},"south":{"uv":[142,69],"uv_size":[1,6]},"west":{"uv":[142,69],"uv_size":[1,6]},"up":{"uv":[157,81],"uv_size":[-12,-12]},"down":{"uv":[157,81],"uv_size":[-12,-12]}}}]},{"name":"backLeftHover","parent":"hovercar","pivot":[19,15,37],"cubes":[{"origin":[9,5,29],"size":[18,10,18],"uv":{"north":{"uv":[127,81],"uv_size":[-18,10]},"east":{"uv":[145,81],"uv_size":[-18,10]},"south":{"uv":[163,81],"uv_size":[-18,10]},"west":{"uv":[109,81],"uv_size":[-18,10]},"up":{"uv":[127,63],"uv_size":[-18,18]},"down":{"uv":[145,81],"uv_size":[-18,-18]}}},{"origin":[27,15,29],"size":[0,4,18],"uv":{"north":{"uv":[164,64],"uv_size":[0,4]},"east":{"uv":[182,64],"uv_size":[-18,4]},"south":{"uv":[182,64],"uv_size":[0,4]},"west":{"uv":[164,64],"uv_size":[-18,4]},"up":{"uv":[164,46],"uv_size":[0,18]},"down":{"uv":[164,64],"uv_size":[0,-18]}}}]},{"name":"hover4","parent":"backLeftHover","pivot":[18,5,38],"cubes":[{"origin":[12,5,32],"size":[12,1,12],"uv":{"north":{"uv":[142,69],"uv_size":[1,6]},"east":{"uv":[142,69],"uv_size":[1,6]},"south":{"uv":[142,69],"uv_size":[1,6]},"west":{"uv":[142,69],"uv_size":[1,6]},"up":{"uv":[157,81],"uv_size":[-12,-12]},"down":{"uv":[157,81],"uv_size":[-12,-12]}}}]},{"name":"rightSpoiler","parent":"hovercar","pivot":[-9,25,51],"cubes":[{"origin":[-9,25,49],"size":[0,8,5],"uv":{"north":{"uv":[5,5],"uv_size":[0,8]},"east":{"uv":[0,5],"uv_size":[5,8]},"south":{"uv":[10,5],"uv_size":[0,8]},"west":{"uv":[5,5],"uv_size":[5,8]},"up":{"uv":[5,0],"uv_size":[0,5]},"down":{"uv":[5,5],"uv_size":[0,-5]}}}]},{"name":"rightSpoilerWing","parent":"rightSpoiler","pivot":[-6,31,49],"rotation":[27.5,0,0],"cubes":[{"origin":[-19,31,49],"size":[16,0,14],"uv":{"north":{"uv":[216,77],"uv_size":[16,0]},"east":{"uv":[202,77],"uv_size":[14,0]},"south":{"uv":[246,77],"uv_size":[16,0]},"west":{"uv":[232,77],"uv_size":[14,0]},"up":{"uv":[216,63],"uv_size":[16,14]},"down":{"uv":[232,77],"uv_size":[16,-14]}}},{"origin":[-26,31,53],"size":[7,0,10],"uv":{"north":{"uv":[219,88],"uv_size":[7,0]},"east":{"uv":[209,88],"uv_size":[10,0]},"south":{"uv":[236,88],"uv_size":[7,0]},"west":{"uv":[226,88],"uv_size":[10,0]},"up":{"uv":[219,78],"uv_size":[7,10]},"down":{"uv":[226,88],"uv_size":[7,-10]}}}]},{"name":"rightSpoilerWing2","parent":"rightSpoilerWing","pivot":[-26,31,63],"rotation":[0,0,45],"cubes":[{"origin":[-26,24,53],"size":[0,7,10],"uv":{"north":{"uv":[226,90],"uv_size":[0,7]},"east":{"uv":[216,90],"uv_size":[10,7]},"south":{"uv":[236,90],"uv_size":[0,7]},"west":{"uv":[226,90],"uv_size":[10,7]},"up":{"uv":[226,80],"uv_size":[0,10]},"down":{"uv":[226,90],"uv_size":[0,-10]}}}]},{"name":"leftSpoiler","parent":"hovercar","pivot":[9,25,51],"cubes":[{"origin":[9,25,49],"size":[0,8,5],"uv":{"north":{"uv":[5,5],"uv_size":[0,8]},"east":{"uv":[10,5],"uv_size":[-5,8]},"south":{"uv":[10,5],"uv_size":[0,8]},"west":{"uv":[5,5],"uv_size":[-5,8]},"up":{"uv":[5,0],"uv_size":[0,5]},"down":{"uv":[5,5],"uv_size":[0,-5]}}}]},{"name":"leftSpoilerWing","parent":"leftSpoiler","pivot":[6,31,49],"rotation":[27.5,0,0],"cubes":[{"origin":[3,31,49],"size":[16,0,14],"uv":{"north":{"uv":[232,77],"uv_size":[-16,0]},"east":{"uv":[246,77],"uv_size":[-14,0]},"south":{"uv":[262,77],"uv_size":[-16,0]},"west":{"uv":[216,77],"uv_size":[-14,0]},"up":{"uv":[232,63],"uv_size":[-16,14]},"down":{"uv":[248,77],"uv_size":[-16,-14]}}},{"origin":[19,31,53],"size":[7,0,10],"uv":{"north":{"uv":[226,88],"uv_size":[-7,0]},"east":{"uv":[236,88],"uv_size":[-10,0]},"south":{"uv":[243,88],"uv_size":[-7,0]},"west":{"uv":[219,88],"uv_size":[-10,0]},"up":{"uv":[226,78],"uv_size":[-7,10]},"down":{"uv":[233,88],"uv_size":[-7,-10]}}}]},{"name":"leftSpoilerWing2","parent":"leftSpoilerWing","pivot":[26,31,63],"rotation":[0,0,-45],"cubes":[{"origin":[26,24,53],"size":[0,7,10],"uv":{"north":{"uv":[226,90],"uv_size":[0,7]},"east":{"uv":[236,90],"uv_size":[-10,7]},"south":{"uv":[236,90],"uv_size":[0,7]},"west":{"uv":[226,90],"uv_size":[-10,7]},"up":{"uv":[226,80],"uv_size":[0,10]},"down":{"uv":[226,90],"uv_size":[0,-10]}}}]}]}],"format_version":"1.12.0"}