{"format_version":"1.12.0","minecraft:geometry":[{"description":{"identifier":"geometry.hive.hub.arcade.chair","texture_width":64,"texture_height":64,"visible_bounds_width":3,"visible_bounds_height":3.5,"visible_bounds_offset":[0,1.25,0]},"bones":[{"name":"root","pivot":[0,0,0]},{"name":"chair","parent":"root","pivot":[0,0,0],"cubes":[{"origin":[-7,12,4],"size":[14,15,4],"uv":[0,20]},{"origin":[-7,8,-8],"size":[14,4,16],"uv":[0,0]},{"origin":[7,8,-8],"size":[2,2,16],"uv":[0,39]},{"origin":[-9,8,-8],"size":[2,2,16],"uv":[20,23]},{"origin":[7,10,6],"size":[2,15,2],"uv":[40,41]},{"origin":[-9,10,6],"size":[2,15,2],"uv":[40,20]},{"origin":[-4,0,-7],"size":[0,8,10],"pivot":[-4,0,3],"rotation":[0,-53.13,0],"uv":[20,31]},{"origin":[4,0,-7],"size":[0,8,10],"pivot":[4,0,3],"rotation":[0,53.13,0],"uv":[20,31]},{"origin":[-6.75,0,-5.75],"size":[3,8,3],"pivot":[-4,8,-3],"rotation":[-2.5,0,2.5],"uv":[44,0]},{"origin":[3.75,0,-5.75],"size":[3,8,3],"pivot":[4,8,-3],"rotation":[-2.5,0,-2.5],"uv":[44,0],"mirror":true},{"origin":[3.75,0,2.75],"size":[3,8,3],"pivot":[4,8,3],"rotation":[2.5,0,-2.5],"uv":[44,0],"mirror":true},{"origin":[-6.75,0,2.75],"size":[3,8,3],"pivot":[-4,8,3],"rotation":[2.5,0,2.5],"uv":[44,0]}]}]}]}