{"format_version":"1.12.0","minecraft:geometry":[{"description":{"identifier":"geometry.hive.hub.arcade.checkpoint","texture_width":64,"texture_height":64,"visible_bounds_width":4,"visible_bounds_height":3.5,"visible_bounds_offset":[0,1.25,0]},"bones":[{"name":"root","pivot":[0,0,0]},{"name":"checkpoint","parent":"root","pivot":[0,0,0],"cubes":[{"origin":[-3,12,-3],"size":[6,3,6],"uv":[36,16]},{"origin":[-5,0,-5],"size":[10,12,10],"uv":[0,0]},{"origin":[-7,4,-3],"size":[2,7,6],"uv":[0,45]},{"origin":[5,4,-3],"size":[2,7,6],"uv":[0,45],"mirror":true},{"origin":[-5,15,-5],"size":[10,3,10],"uv":[24,51]}]},{"name":"hologram","parent":"checkpoint","pivot":[0,18,0],"cubes":[{"origin":[-9,18,0],"size":[18,20,0],"uv":[0,24]}]},{"name":"flag","parent":"checkpoint","pivot":[0,28.5,-1],"rotation":[0,0,30],"cubes":[{"origin":[-5.06699,21.25,-1],"size":[11,15,0],"uv":[40,0]},{"origin":[-5.06699,21.25,1],"size":[11,15,0],"uv":[40,0]}]}]}]}