{"format_version":"1.12.0","minecraft:geometry":[{"description":{"identifier":"geometry.hive.hub.arcade.djbooth","texture_width":80,"texture_height":80,"visible_bounds_width":4,"visible_bounds_height":4.5,"visible_bounds_offset":[0,1.75,0]},"bones":[{"name":"root","pivot":[0,0,0]},{"name":"booth","parent":"root","pivot":[0,15,-8],"rotation":[30,0,0],"cubes":[{"origin":[-8,12,-8],"size":[16,3,16],"uv":{"south":{"uv":[0,13],"uv_size":[16,3]},"up":{"uv":[48,0],"uv_size":[16,16]},"down":{"uv":[64,46],"uv_size":[-16,-16]}}}]},{"name":"line","parent":"booth","pivot":[-3,15.1,-4],"cubes":[{"origin":[-4,15.2,-4],"size":[2,0,6],"uv":{"south":{"uv":[0,13],"uv_size":[16,3]},"up":{"uv":[64,0],"uv_size":[2,8]},"down":{"uv":[2,8],"uv_size":[-2,-8]}}}]},{"name":"line2","parent":"booth","pivot":[0,15.1,-4],"cubes":[{"origin":[-1,15.2,-4],"size":[2,0,6],"uv":{"south":{"uv":[0,13],"uv_size":[16,3]},"up":{"uv":[64,0],"uv_size":[2,8]},"down":{"uv":[2,8],"uv_size":[-2,-8]}}}]},{"name":"line3","parent":"booth","pivot":[3,15.1,-4],"cubes":[{"origin":[2,15.2,-4],"size":[2,0,6],"uv":{"south":{"uv":[0,13],"uv_size":[16,3]},"up":{"uv":[66,0],"uv_size":[2,8]},"down":{"uv":[2,8],"uv_size":[-2,-8]}}}]},{"name":"speakers","parent":"root","pivot":[-16,15,0],"cubes":[{"origin":[-24,15,-8],"size":[16,30,16],"uv":{"north":{"uv":[16,16],"uv_size":[16,30]},"east":{"uv":[0,16],"uv_size":[16,30]},"south":{"uv":[32,16],"uv_size":[16,30]},"west":{"uv":[0,16],"uv_size":[16,30]},"up":{"uv":[16,0],"uv_size":[16,16]}}}]},{"name":"tweeter","parent":"speakers","pivot":[-16,37,-8.1],"cubes":[{"origin":[-21,31,-8.15],"size":[10,11,0],"uv":{"north":{"uv":[1,69],"uv_size":[10,11]},"east":{"uv":[1,69],"uv_size":[0,11]},"south":{"uv":[0,47],"uv_size":[2,2]},"west":{"uv":[11,69],"uv_size":[0,11]},"up":{"uv":[1,69],"uv_size":[10,0]},"down":{"uv":[11,69],"uv_size":[10,0]}}}]},{"name":"sub","parent":"speakers","pivot":[-16,24,-8.1],"cubes":[{"origin":[-22,17,-8.15],"size":[12,13,0],"uv":{"north":{"uv":[0,56],"uv_size":[12,13]},"east":{"uv":[0,56],"uv_size":[0,13]},"south":{"uv":[1,47],"uv_size":[2,2]},"west":{"uv":[12,56],"uv_size":[0,13]},"up":{"uv":[0,56],"uv_size":[12,0]},"down":{"uv":[12,56],"uv_size":[12,0]}}}]},{"name":"speakers2","parent":"root","pivot":[16,15,0],"cubes":[{"origin":[8,15,-8],"size":[16,30,16],"uv":{"north":{"uv":[16,16],"uv_size":[16,30]},"east":{"uv":[0,16],"uv_size":[16,30]},"south":{"uv":[32,16],"uv_size":[16,30]},"west":{"uv":[0,16],"uv_size":[16,30]},"up":{"uv":[16,0],"uv_size":[16,16]}}},{"origin":[-24,0,-8],"size":[48,15,16],"uv":{"north":{"uv":[13,46],"uv_size":[48,15]},"east":{"uv":[32,0],"uv_size":[16,15]},"south":{"uv":[13,46],"uv_size":[48,15]},"west":{"uv":[32,0],"uv_size":[16,15]},"up":{"uv":[13,61],"uv_size":[48,16]},"down":{"uv":[16,17],"uv_size":[16,-1]}}}]},{"name":"tweeter2","parent":"speakers2","pivot":[16,37,-8.1],"cubes":[{"origin":[11,31,-8.15],"size":[10,11,0],"uv":{"north":{"uv":[1,69],"uv_size":[10,11]},"east":{"uv":[1,69],"uv_size":[0,11]},"south":{"uv":[0,47],"uv_size":[2,2]},"west":{"uv":[11,69],"uv_size":[0,11]},"up":{"uv":[1,69],"uv_size":[10,0]},"down":{"uv":[11,69],"uv_size":[10,0]}}}]},{"name":"sub2","parent":"speakers2","pivot":[16,24,-8.1],"cubes":[{"origin":[10,17,-8.15],"size":[12,13,0],"uv":{"north":{"uv":[0,56],"uv_size":[12,13]},"east":{"uv":[0,56],"uv_size":[0,13]},"south":{"uv":[0,46],"uv_size":[2,2]},"west":{"uv":[12,56],"uv_size":[0,13]},"up":{"uv":[0,56],"uv_size":[12,0]},"down":{"uv":[12,56],"uv_size":[12,0]}}}]}]}]}