{"format_version":"1.12.0","minecraft:geometry":[{"description":{"identifier":"geometry.hive.hub.arcade.drink","texture_width":12,"texture_height":8,"visible_bounds_width":2,"visible_bounds_height":2.5,"visible_bounds_offset":[0,0.75,0]},"bones":[{"name":"root","pivot":[0,0,0]},{"name":"drink","parent":"root","pivot":[0,0,0],"cubes":[{"origin":[-2,0,-2],"size":[4,7,4],"uv":{"north":{"uv":[0,0],"uv_size":[4,7]},"east":{"uv":[0,0],"uv_size":[4,7]},"south":{"uv":[0,0],"uv_size":[4,7]},"west":{"uv":[0,0],"uv_size":[4,7]},"up":{"uv":[4,0],"uv_size":[4,4]},"down":{"uv":[4,8],"uv_size":[4,-4]}}},{"origin":[-2,7,-2],"size":[4,1,4],"uv":{"north":{"uv":[0,7],"uv_size":[4,1]},"east":{"uv":[0,7],"uv_size":[4,1]},"south":{"uv":[0,7],"uv_size":[4,1]},"west":{"uv":[0,7],"uv_size":[4,1]}}},{"origin":[-1,7,0],"size":[4,5,0],"pivot":[-1,7,0],"rotation":[0,0,7.5],"uv":{"north":{"uv":[8,0],"uv_size":[4,5]},"east":{"uv":[0,0],"uv_size":[0,5]},"west":{"uv":[0,0],"uv_size":[0,5]},"up":{"uv":[0,0],"uv_size":[4,0]},"down":{"uv":[0,0],"uv_size":[4,0]}}}]}]}]}