{"format_version":"1.12.0","minecraft:geometry":[{"description":{"identifier":"geometry.hive.hub.arcade.laser","texture_width":48,"texture_height":16,"visible_bounds_width":25,"visible_bounds_height":25,"visible_bounds_offset":[0,0.75,0]},"bones":[{"name":"root","pivot":[0,0,0]},{"name":"emitter","parent":"root","pivot":[0,0,0],"cubes":[{"origin":[-14,6,6],"size":[2,4,4],"pivot":[-7,8,1],"rotation":[0,90,0],"uv":[0,5]}]},{"name":"laser","parent":"emitter","pivot":[0,8,8],"cubes":[{"origin":[-16,7,7],"size":[16,2,2],"pivot":[0,8,8],"rotation":[0,-90,0],"uv":[0,0]}],"locators":{"end":[0,8,-8]}}]}]}