{"format_version":"1.12.0","minecraft:geometry":[{"description":{"identifier":"geometry.hive.hub.arcade.speakers","texture_width":64,"texture_height":80,"visible_bounds_width":3,"visible_bounds_height":4.5,"visible_bounds_offset":[0,1.75,0]},"bones":[{"name":"root","pivot":[0,0,0]},{"name":"speakers","parent":"root","pivot":[0,15,0],"cubes":[{"origin":[-8,15,-8],"size":[16,30,16],"uv":[0,0]}]},{"name":"tweeter","parent":"speakers","pivot":[0,37,-8.15],"cubes":[{"origin":[-5,31,-8.15],"size":[10,11,0],"uv":[1,69]}]},{"name":"sub","parent":"speakers","pivot":[0,24,-8.15],"cubes":[{"origin":[-6,17,-8.15],"size":[12,13,0],"uv":[0,56]}]},{"name":"stand","parent":"root","pivot":[0,2,0],"rotation":[0,-45,0],"cubes":[{"origin":[-4,9,-4],"size":[8,2,8],"uv":[0,46]},{"origin":[-1,-2,-4],"size":[2,13,2],"pivot":[0,11,-4],"rotation":[-30,0,0],"uv":[54,55]},{"origin":[-1,-2,2],"size":[2,13,2],"pivot":[0,11,4],"rotation":[30,0,0],"uv":[38,55]},{"origin":[-4,-2,-1],"size":[2,13,2],"pivot":[-4,11,0],"rotation":[0,0,30],"uv":[30,55]},{"origin":[2,-2,-1],"size":[2,13,2],"pivot":[4,11,0],"rotation":[0,0,-30],"uv":[30,55],"mirror":true},{"origin":[-8,0,0],"size":[7,9,0],"uv":[54,46]},{"origin":[1,0,0],"size":[7,9,0],"uv":[48,0]},{"origin":[0,0,-8],"size":[0,9,7],"uv":[32,39]},{"origin":[0,0,1],"size":[0,9,7],"uv":[0,0]},{"origin":[-1,0,-1],"size":[2,15,2],"pivot":[0,0,0],"rotation":[0,45,0],"uv":[46,46]}]}]}]}