{"format_version":"1.12.0","minecraft:geometry":[{"description":{"identifier":"geometry.hive.hub.arcade.cakestand.row","texture_width":96,"texture_height":64,"visible_bounds_width":5,"visible_bounds_height":3.5,"visible_bounds_offset":[0,1.25,0]},"bones":[{"name":"root","pivot":[2,0,2]},{"name":"table","parent":"root","pivot":[2,0,2],"cubes":[{"origin":[-8,13,-8],"size":[16,3,16],"uv":[0,0]},{"origin":[-8,9,-6],"size":[0,7,12],"pivot":[-8,16,0],"rotation":[0,0,10],"uv":[42,7]},{"origin":[2,0,2],"size":[3,10,3],"pivot":[2,10,2],"rotation":[2.5,0,-2.5],"uv":[60,50]},{"origin":[-5,0,2],"size":[3,10,3],"pivot":[-2,10,2],"rotation":[2.5,0,2.5],"uv":[60,50],"mirror":true},{"origin":[-5,0,-5],"size":[3,10,3],"pivot":[-2,10,-2],"rotation":[-2.5,0,2.5],"uv":[0,0],"mirror":true},{"origin":[-2,27,0],"size":[4,3,0],"pivot":[0,28.5,0],"rotation":[0,45,0],"uv":[0,13]},{"origin":[2,0,-5],"size":[3,10,3],"pivot":[2,10,-2],"rotation":[-2.5,0,-2.5],"uv":[0,0]},{"origin":[-6,10,-6],"size":[12,3,12],"uv":[0,44]}]},{"name":"cake","parent":"table","pivot":[0,19.21429,0],"cubes":[{"origin":[-5,16,-5],"size":[10,5,10],"uv":[46,34]},{"origin":[-3,21,-3],"size":[6,2,6],"uv":[48,0]},{"origin":[-1,23,-1],"size":[2,2,2],"pivot":[0,23,0],"rotation":[0,-45,0],"uv":[0,48]},{"origin":[-5,16,-5],"size":[10,3,0],"pivot":[0,16,-5],"rotation":[30,0,0],"uv":[60,8]},{"origin":[-5,16,5],"size":[10,3,0],"pivot":[0,16,5],"rotation":[-30,0,0],"uv":[0,52]},{"origin":[-5,16,-5],"size":[0,3,10],"pivot":[-5,16,0],"rotation":[0,0,-30],"uv":[42,19]},{"origin":[5,16,-5],"size":[0,3,10],"pivot":[5,16,0],"rotation":[0,0,30],"uv":[42,16]}]},{"name":"table3","parent":"root","pivot":[18,0,-14],"cubes":[{"origin":[8,13,-24],"size":[16,3,16],"uv":[0,0]},{"origin":[10,9,-24],"size":[12,7,0],"pivot":[16,16,-24],"rotation":[-10,0,0],"uv":[42,19]},{"origin":[-6,9,-8],"size":[12,7,0],"pivot":[0,16,-8],"rotation":[-10,0,0],"uv":[42,19]},{"origin":[-22,9,8],"size":[12,7,0],"pivot":[-16,16,8],"rotation":[-10,0,0],"uv":[42,19]},{"origin":[8,9,-22],"size":[0,7,12],"pivot":[8,16,-16],"rotation":[0,0,10],"uv":[42,7]},{"origin":[18,0,-14],"size":[3,10,3],"pivot":[18,10,-14],"rotation":[2.5,0,-2.5],"uv":[60,50]},{"origin":[11,0,-14],"size":[3,10,3],"pivot":[14,10,-14],"rotation":[2.5,0,2.5],"uv":[60,50],"mirror":true},{"origin":[11,0,-21],"size":[3,10,3],"pivot":[14,10,-18],"rotation":[-2.5,0,2.5],"uv":[0,0],"mirror":true},{"origin":[14,27,-16],"size":[4,3,0],"pivot":[16,28.5,-16],"rotation":[0,45,0],"uv":[0,13]},{"origin":[18,0,-21],"size":[3,10,3],"pivot":[18,10,-18],"rotation":[-2.5,0,-2.5],"uv":[0,0]},{"origin":[10,10,-22],"size":[12,3,12],"uv":[0,44]}]},{"name":"donuts3","parent":"table3","pivot":[50,-1,-47],"cubes":[{"origin":[11,16,-15.25],"size":[4,2,4],"pivot":[14,17,-13],"rotation":[0,15,0],"uv":[74,28]},{"origin":[16.5,16,-21],"size":[4,2,4],"pivot":[18,18,-18],"rotation":[0,-12.5,0],"uv":[58,28]},{"origin":[12.5,16.1,-22.5],"size":[4,0,4],"pivot":[14,16.1,-19.5],"rotation":[0,165,0],"uv":[0,19]},{"origin":[17,16,-15],"size":[4,3,4],"pivot":[19,17,-13],"rotation":[0,15,0],"uv":[48,8]},{"origin":[18,19,-14],"size":[2,1,2],"pivot":[19,17,-13],"rotation":[0,15,0],"uv":[0,44]}]},{"name":"table2","parent":"root","pivot":[-14,0,18],"cubes":[{"origin":[-24,13,8],"size":[16,3,16],"uv":[0,0]},{"origin":[-24,9,10],"size":[0,7,12],"pivot":[-24,16,16],"rotation":[0,0,10],"uv":[42,7]},{"origin":[-14,0,18],"size":[3,10,3],"pivot":[-14,10,18],"rotation":[2.5,0,-2.5],"uv":[60,50]},{"origin":[-21,0,18],"size":[3,10,3],"pivot":[-18,10,18],"rotation":[2.5,0,2.5],"uv":[60,50],"mirror":true},{"origin":[-21,0,11],"size":[3,10,3],"pivot":[-18,10,14],"rotation":[-2.5,0,2.5],"uv":[0,0],"mirror":true},{"origin":[-14,0,11],"size":[3,10,3],"pivot":[-14,10,14],"rotation":[-2.5,0,-2.5],"uv":[0,0]},{"origin":[-22,10,10],"size":[12,3,12],"uv":[0,44]},{"origin":[-18,27,16],"size":[4,3,0],"pivot":[-16,28.5,16],"rotation":[0,45,0],"uv":[0,13]}]},{"name":"donuts2","parent":"table2","pivot":[18,-1,-15],"cubes":[{"origin":[-21,16,16.75],"size":[4,3,4],"pivot":[-18,17,19],"rotation":[0,15,0],"uv":[48,8]},{"origin":[-20,18,17.75],"size":[2,2,2],"pivot":[-18,17,19],"rotation":[0,15,0],"uv":[0,44]},{"origin":[-15.5,16,11],"size":[4,3,4],"pivot":[-14,18,14],"rotation":[0,-12.5,0],"uv":[48,8]},{"origin":[-14.5,18,12],"size":[2,2,2],"pivot":[-14,18,14],"rotation":[0,-12.5,0],"uv":[0,44]},{"origin":[-21,16,11],"size":[4,2,4],"pivot":[-19,17,13],"rotation":[0,-5,0],"uv":[44,58]},{"origin":[-15,16,17],"size":[4,2,4],"pivot":[-13,17,19],"rotation":[0,15,0],"uv":[58,28]}]},{"name":"translucent","pivot":[0,0,0],"cubes":[{"origin":[-23,16,9],"size":[14,11,14],"uv":[0,19]},{"origin":[-7,16,-7],"size":[14,11,14],"uv":[0,19]},{"origin":[9,16,-23],"size":[14,11,14],"uv":[0,19]}]}]}]}