{"format_version":"1.12.0","minecraft:geometry":[{"description":{"identifier":"geometry.hive.hub.arcade.portal.layer.sky","texture_width":168,"texture_height":112,"visible_bounds_width":9,"visible_bounds_height":8,"visible_bounds_offset":[0,2,0]},"bones":[{"name":"root","pivot":[0,0,-10]},{"name":"innerportal","parent":"root","pivot":[0,0,-10],"rotation":[-2.5,0,0],"cubes":[{"origin":[-21,0,3],"size":[42,56,0],"uv":{"north":{"uv":[0,0],"uv_size":[84,112]},"east":{"uv":[0,0],"uv_size":[0,24.5]},"west":{"uv":[0,0],"uv_size":[0,24.5]},"up":{"uv":[0,0],"uv_size":[28.21875,0]},"down":{"uv":[0,0],"uv_size":[28.21875,0]}}}]}]}]}