{"minecraft:geometry":[{"description":{"identifier":"geometry.hive.hub.game.bridge","texture_width":64,"texture_height":64,"visible_bounds_width":3,"visible_bounds_height":6,"visible_bounds_offset":[0,2,0]},"bones":[{"name":"root","pivot":[0,0,0]},{"name":"leftLeg","parent":"root","pivot":[2,12,0],"cubes":[{"origin":[0,0,-2],"size":[4,12,4],"uv":[48,48],"mirror":true},{"origin":[1,6,-3],"size":[4,3,3],"uv":[50,32],"mirror":true},{"origin":[0,0,-4],"size":[4,3,2],"uv":[52,38],"mirror":true}]},{"name":"leftLegging","parent":"leftLeg","pivot":[2,12,0]},{"name":"leftBoot","parent":"leftLeg","pivot":[2,12,0]},{"name":"rightLeg","parent":"root","pivot":[-2,12,0],"cubes":[{"origin":[-4,0,-2],"size":[4,12,4],"uv":[48,16]},{"origin":[-4,0,-4],"size":[4,3,2],"uv":[23,51]},{"origin":[-5,6,-3],"size":[4,3,3],"uv":[21,45]}]},{"name":"rightLegging","parent":"rightLeg","pivot":[-2,12,0]},{"name":"rightBoot","parent":"rightLeg","pivot":[-2,12,0]},{"name":"waist","parent":"root","pivot":[0,12,0]},{"name":"body","parent":"waist","pivot":[0,24,0],"cubes":[{"origin":[-4,12,-2],"size":[8,12,4],"uv":[0,0]},{"origin":[-2,12,-3],"size":[4,4,1],"pivot":[0,14,-2.5],"rotation":[0,0,45],"uv":[0,55]}]},{"name":"bodyArmor","parent":"body","pivot":[0,24,0]},{"name":"belt","parent":"body","pivot":[0,24,0]},{"name":"head","parent":"body","pivot":[0,24,0],"cubes":[{"origin":[-4,24,-4],"size":[8,7,8],"uv":[0,16]},{"origin":[-4,23,-4],"size":[2,2,0],"pivot":[-4,25,-4],"rotation":[0,30,0],"uv":[0,39]},{"origin":[-4,23,-4],"size":[0,1,2],"uv":[0,38]},{"origin":[4,23,-4],"size":[0,1,2],"uv":[5,38],"mirror":true},{"origin":[2,23,-4],"size":[2,2,0],"pivot":[4,25,-4],"rotation":[0,-30,0],"uv":[5,39],"mirror":true},{"origin":[-5,30,-5],"size":[10,3,10],"uv":[0,32]},{"origin":[-1,28,-5],"size":[2,2,0],"pivot":[0,30,-5],"rotation":[7.5,0,0],"uv":[5,33]},{"origin":[-5,24,-2],"size":[1,6,4],"pivot":[-5,30,0],"rotation":[0,0,-5],"uv":[0,45]},{"origin":[4,24,-2],"size":[1,6,4],"pivot":[5,30,0],"rotation":[0,0,5],"uv":[11,45],"mirror":true}]},{"name":"helmet","parent":"head","pivot":[0,24,0]},{"name":"arms","parent":"body","pivot":[0,21.5,0]},{"name":"rightArm","parent":"arms","pivot":[-5,21.5,0],"cubes":[{"origin":[-7,12,-2],"size":[3,12,4],"uv":[33,16]},{"origin":[-9,21,-2.5],"size":[5,4,5],"pivot":[-4,24,0],"rotation":[0,0,-5],"uv":[24,0]},{"origin":[-8,16,-2.5],"size":[3,3,5],"uv":[44,0]}]},{"name":"rightArmArmor","parent":"rightArm","pivot":[-5,21.5,0]},{"name":"rightItem","parent":"rightArm","pivot":[-6,15,0]},{"name":"leftArm","parent":"arms","pivot":[5,21.5,0],"cubes":[{"origin":[4,12,-2],"size":[3,12,4],"uv":[33,16],"mirror":true},{"origin":[4,21,-2.5],"size":[5,4,5],"pivot":[4,24,0],"rotation":[0,0,5],"uv":[30,32],"mirror":true},{"origin":[5,16,-2.5],"size":[3,3,5],"uv":[44,8],"mirror":true}]},{"name":"leftArmArmor","parent":"leftArm","pivot":[5,21.5,0]},{"name":"leftItem","parent":"leftArm","pivot":[6,15,0]}]}],"format_version":"1.12.0"}