{"minecraft:geometry":[{"description":{"identifier":"geometry.hive.hub.game.dr","texture_width":64,"texture_height":64,"visible_bounds_width":3,"visible_bounds_height":4,"visible_bounds_offset":[0,1,0]},"bones":[{"name":"root","pivot":[0,0,0]},{"name":"leftLeg","parent":"root","pivot":[1.9,12,0],"cubes":[{"origin":[0.4,0,-1.5],"size":[3,6,3],"uv":[48,16],"mirror":true},{"origin":[-0.1,6,-2],"size":[4,6,4],"uv":[30,44],"mirror":true},{"origin":[3.9,6,-2],"size":[0,6,4],"pivot":[3.9,12,0],"rotation":[0,0,-30],"uv":[30,54],"mirror":true},{"origin":[-0.1,2,-2],"size":[4,4,4],"uv":[47,47],"mirror":true}]},{"name":"rightLeg","parent":"root","pivot":[-1.9,12,0],"cubes":[{"origin":[-3.4,0,-1.5],"size":[3,6,3],"uv":[48,16]},{"origin":[-3.9,6,-2],"size":[4,6,4],"uv":[30,44]},{"origin":[-3.9,6,-2],"size":[0,6,4],"pivot":[-3.9,12,0],"rotation":[0,0,30],"uv":[30,54]},{"origin":[-3.9,2,-2],"size":[4,4,4],"uv":[47,47]}]},{"name":"waist","parent":"root","pivot":[0,12,0]},{"name":"body","parent":"waist","pivot":[0,24,0],"cubes":[{"origin":[-4,12,-2],"size":[8,12,4],"uv":[27,27]},{"origin":[-4,20,-2],"size":[8,4,0],"pivot":[0,24,-2],"rotation":[-30,0,0],"uv":[22,19]},{"origin":[-4,20,2],"size":[8,4,0],"pivot":[0,24,2],"rotation":[30,0,0],"uv":[22,19],"mirror":true}]},{"name":"head","parent":"body","pivot":[0,24,0],"cubes":[{"origin":[-4,24,-4],"size":[8,8,8],"uv":[0,0]},{"origin":[-2,23,3],"size":[4,2,2],"uv":[25,0]},{"origin":[-3,31,-5],"size":[6,2,9],"uv":[0,17]},{"origin":[-2,33,-4],"size":[4,1,9],"uv":[24,8]},{"origin":[-4,30,-5],"size":[2,2,1],"uv":[0,4]},{"origin":[2,30,-5],"size":[2,2,1],"uv":[0,4],"mirror":true},{"origin":[3,25,-5],"size":[2,6,2],"uv":[0,17],"mirror":true},{"origin":[-5,25,-5],"size":[2,6,2],"uv":[0,17]},{"origin":[-4,24,-5],"size":[1,1,2],"uv":[0,0]},{"origin":[3,24,-5],"size":[1,1,2],"uv":[0,0],"mirror":true},{"origin":[-3,25,4],"size":[6,8,2],"uv":[42,0]}]},{"name":"leftArm","parent":"body","pivot":[5,21.5,0],"cubes":[{"origin":[4,12,-2],"size":[3,12,4],"uv":[0,29],"mirror":true},{"origin":[4,15,-3],"size":[4,3,6],"uv":[9,40],"mirror":true}]},{"name":"rightArm","parent":"body","pivot":[-5,21.5,0],"cubes":[{"origin":[-7,12,-2],"size":[3,12,4],"uv":[0,29]},{"origin":[-8,15,-3],"size":[4,3,6],"uv":[9,40]}]},{"name":"scythe","parent":"rightArm","pivot":[6,14,0],"cubes":[{"origin":[4.5,12.5,-10],"size":[2,2,4],"uv":[16,56]},{"origin":[5.5,6.5,-9],"size":[0,11,5],"uv":[52,26]},{"origin":[5,13,-6],"size":[1,1,14],"uv":[0,49]}]}]}],"format_version":"1.12.0"}