{"minecraft:geometry":[{"description":{"identifier":"geometry.hive.hub.game.gi","texture_width":64,"texture_height":64,"visible_bounds_width":3,"visible_bounds_height":5,"visible_bounds_offset":[0,1.5,0]},"bones":[{"name":"root","pivot":[0,0,0]},{"name":"leftLeg","parent":"root","pivot":[1.9,12,0],"cubes":[{"origin":[3.9,8,-2],"size":[0,4,4],"pivot":[3.9,12,0],"rotation":[0,0,-20],"uv":[56,7],"mirror":true},{"origin":[-0.1,0,-2],"size":[4,12,4],"uv":[48,16],"mirror":true},{"origin":[-0.35,4,-2.5],"size":[5,2,5],"uv":[41,32],"mirror":true},{"origin":[-0.1,0,-3],"size":[4,3,1],"uv":[47,39],"mirror":true}]},{"name":"rightLeg","parent":"root","pivot":[-1.9,12,0],"cubes":[{"origin":[-3.9,0,-2],"size":[4,12,4],"uv":[48,16]},{"origin":[-3.9,0,-3],"size":[4,3,1],"uv":[47,39]},{"origin":[-4.65,4,-2.5],"size":[5,2,5],"uv":[41,32]},{"origin":[-3.9,8,-2],"size":[0,4,4],"pivot":[-3.9,12,0],"rotation":[0,0,20],"uv":[56,7]}]},{"name":"waist","parent":"root","pivot":[0,12,0]},{"name":"body","parent":"waist","pivot":[0,24,0],"cubes":[{"origin":[-4,12,-2],"size":[8,12,4],"uv":[0,0]},{"origin":[0,12,-3],"size":[3,4,1],"uv":[24,5]}]},{"name":"head","parent":"body","pivot":[0,24,0],"cubes":[{"origin":[-4,24,-4],"size":[8,6,8],"uv":[0,16]},{"origin":[-3,19,4],"size":[6,5,0],"pivot":[0,24,4],"rotation":[20,0,0],"uv":[24,0]},{"origin":[-6,26,-4],"size":[2,2,0],"pivot":[-4,27,-4],"rotation":[0,45,0],"uv":[11,30]},{"origin":[4,26,-4],"size":[2,2,0],"pivot":[4,27,-4],"rotation":[0,-45,0],"uv":[11,30],"mirror":true},{"origin":[-6,30,-6],"size":[12,1,12],"uv":[0,51]},{"origin":[-4,31,-4],"size":[8,4,8],"uv":[0,39]},{"origin":[-3,35,-3],"size":[6,6,6],"pivot":[0,35,-3],"rotation":[-15,0,0],"uv":[37,50]},{"origin":[-3,39,3],"size":[6,2,4],"pivot":[0,35,-3],"rotation":[-15,0,0],"uv":[33,44]},{"origin":[-3,37,6],"size":[6,2,1],"pivot":[0,35,-3],"rotation":[-15,0,0],"uv":[50,44]},{"origin":[-2,31,-5],"size":[4,2,1],"uv":[0,52]},{"origin":[-1,25,-4],"size":[2,3,1],"pivot":[0,28,-4],"rotation":[-17.5,0,0],"uv":[0,33]}]},{"name":"rightEyebrow","parent":"head","pivot":[-1,27.5,-4],"cubes":[{"origin":[-5,27.5,-5],"size":[4,1,1],"pivot":[-1,27.5,-4],"rotation":[0,0,10],"uv":[0,30]}]},{"name":"leftEyebrow","parent":"head","pivot":[1,27.5,-4],"cubes":[{"origin":[1,27.5,-5],"size":[4,1,1],"pivot":[1,27.5,-4],"rotation":[0,0,-10],"uv":[0,30],"mirror":true}]},{"name":"leftArm","parent":"body","pivot":[5,21.5,0],"cubes":[{"origin":[4,21.6,-2.5],"size":[5,3,5],"pivot":[4,24.5,0],"rotation":[0,0,10],"uv":[11,30],"mirror":true},{"origin":[4,12,-1.5],"size":[3,12,3],"uv":[34,17],"mirror":true},{"origin":[3.75,15,-2.5],"size":[4,3,5],"uv":[27,34],"mirror":true}]},{"name":"rightArm","parent":"body","pivot":[-5,21.5,0],"cubes":[{"origin":[-7,12,-1.5],"size":[3,12,3],"uv":[34,17]},{"origin":[-9,21.6,-2.5],"size":[5,3,5],"pivot":[-4,24.5,0],"rotation":[0,0,-10],"uv":[11,30]},{"origin":[-7.75,15,-2.5],"size":[4,3,5],"uv":[27,34]}]}]}],"format_version":"1.12.0"}