{"minecraft:geometry":[{"description":{"identifier":"geometry.hive.hub.game.gi","texture_width":64,"texture_height":64,"visible_bounds_width":3,"visible_bounds_height":4,"visible_bounds_offset":[0,1,0]},"bones":[{"name":"root","pivot":[0,0,0]},{"name":"rightLeg","parent":"root","pivot":[-1.9,12,0],"cubes":[{"origin":[-3.9,8,-2],"size":[4,4,4],"uv":[44,0]},{"origin":[-3.9,7,-2],"size":[4,1,4],"uv":[44,8]},{"origin":[-2.9,2,-1],"size":[2,6,2],"uv":[52,14]},{"origin":[-3.9,0,-2],"size":[4,2,4],"uv":[36,14]},{"origin":[-3.9,0,-4],"size":[0,2,2],"pivot":[-1.9,2,-2],"rotation":[10,0,0],"uv":[49,12]},{"origin":[0.1,0,-4],"size":[0,2,2],"pivot":[-1.9,2,-2],"rotation":[10,0,0],"uv":[49,12]},{"origin":[-1.9,0,-4],"size":[0,2,2],"pivot":[-1.9,2,-2],"rotation":[10,0,0],"uv":[49,12]}]},{"name":"rightLegging","parent":"rightLeg","pivot":[-1.9,12,0]},{"name":"rightBoot","parent":"rightLeg","pivot":[-1.9,12,0]},{"name":"leftLeg","parent":"root","pivot":[1.9,12,0],"cubes":[{"origin":[-0.1,8,-2],"size":[4,4,4],"uv":[44,0],"mirror":true},{"origin":[-0.1,7,-2],"size":[4,1,4],"uv":[44,8],"mirror":true},{"origin":[0.9,2,-1],"size":[2,6,2],"uv":[52,14],"mirror":true},{"origin":[-0.1,0,-2],"size":[4,2,4],"uv":[36,14],"mirror":true},{"origin":[3.9,0,-4],"size":[0,2,2],"pivot":[1.9,2,-2],"rotation":[10,0,0],"uv":[49,12],"mirror":true},{"origin":[-0.1,0,-4],"size":[0,2,2],"pivot":[1.9,2,-2],"rotation":[10,0,0],"uv":[49,12],"mirror":true},{"origin":[1.9,0,-4],"size":[0,2,2],"pivot":[1.9,2,-2],"rotation":[10,0,0],"uv":[49,12],"mirror":true}]},{"name":"leftLegging","parent":"leftLeg","pivot":[1.9,12,0]},{"name":"leftBoot","parent":"leftLeg","pivot":[1.9,12,0]},{"name":"waist","parent":"root","pivot":[0,12,0]},{"name":"body","parent":"waist","pivot":[0,24,0],"cubes":[{"origin":[-4,12,-2],"size":[8,12,4],"uv":[0,0]},{"origin":[-2,11,-3],"size":[4,5,1],"uv":[0,41]}]},{"name":"tail","parent":"body","pivot":[0,12,2],"rotation":[27.5,0,0],"cubes":[{"origin":[0,11,2],"size":[0,7,9],"uv":[31,35]}]},{"name":"head","parent":"body","pivot":[0,24,1],"cubes":[{"origin":[-7,26,-2],"size":[2,5,5],"pivot":[-6,29,0],"rotation":[-10,0,0],"uv":[0,16]},{"origin":[5,26,-2],"size":[2,5,5],"pivot":[6,29,0],"rotation":[-10,0,0],"uv":[0,16],"mirror":true},{"origin":[-2,34,3],"size":[4,2,2],"pivot":[0,34,-3],"rotation":[-5,0,0],"uv":[36,21]},{"origin":[-2,32,5],"size":[4,6,4],"pivot":[0,34,-3],"rotation":[-5,0,0],"uv":[0,26]},{"origin":[-2,34,-3],"size":[4,5,6],"pivot":[0,34,-3],"rotation":[-5,0,0],"uv":[15,16]},{"origin":[-3,26,-8],"size":[6,2,4],"pivot":[0,28,-4],"rotation":[22.5,0,0],"uv":[34,25]},{"origin":[-3,28,-9],"size":[6,3,5],"pivot":[0,28,-4],"rotation":[-10,0,0],"uv":[16,27]},{"origin":[-5,22,-4],"size":[10,2,0],"pivot":[0,24,-4],"rotation":[45,0,0],"uv":[0,37]},{"origin":[-5,22,6],"size":[10,2,0],"pivot":[0,24,6],"rotation":[-37.5,0,0],"uv":[0,37]},{"origin":[-5,24,-4],"size":[10,10,10],"uv":[0,44]},{"origin":[-1,23,-6],"size":[2,3,2],"pivot":[0,26,-4],"rotation":[5,0,0],"uv":[51,23]}]},{"name":"rightArm","parent":"body","pivot":[-5,21.5,0],"cubes":[{"origin":[-7,12,-2],"size":[3,12,4],"uv":[25,0]},{"origin":[-7,12,2],"size":[0,12,2],"uv":[39,-2]}]},{"name":"leftArm","parent":"body","pivot":[5,21.5,0],"cubes":[{"origin":[4,12,-2],"size":[3,12,4],"uv":[25,0],"mirror":true},{"origin":[7,12,2],"size":[0,12,2],"uv":[39,-2],"mirror":true}]}]}],"format_version":"1.12.0"}