{"format_version":"1.12.0","minecraft:geometry":[{"description":{"identifier":"geometry.hive.hub.game.hide","texture_width":64,"texture_height":64,"visible_bounds_width":3,"visible_bounds_height":4,"visible_bounds_offset":[0,1,0]},"bones":[{"name":"root","pivot":[0,0,0]},{"name":"pivot","parent":"root","pivot":[0,13,0]},{"name":"leftLeg","parent":"pivot","pivot":[1.9,12,0],"cubes":[{"origin":[0,7,-2],"size":[4,5,4],"uv":[32,9]},{"origin":[1,3,-1],"size":[2,4,2],"uv":[0,0]},{"origin":[0,0,-2],"size":[4,3,4],"uv":[0,44]}]},{"name":"rightLeg","parent":"pivot","pivot":[-1.9,12,0],"cubes":[{"origin":[-4,0,-2],"size":[4,12,4],"uv":[28,28]}]},{"name":"waist","parent":"pivot","pivot":[0,12,0]},{"name":"body","parent":"waist","pivot":[0,24,0],"cubes":[{"origin":[-4,20,-2],"size":[4,4,4],"uv":[40,40]},{"origin":[0,12,-2],"size":[4,12,4],"uv":[16,16]},{"origin":[-4,12,-2],"size":[4,4,4],"uv":[12,40]},{"origin":[0,20,2],"size":[4,4,1],"uv":[44,32]},{"origin":[-4,12,2],"size":[4,4,1],"uv":[28,44]},{"origin":[0,12,-3],"size":[4,4,1],"uv":[47,17]},{"origin":[-4,20,-3],"size":[4,4,1],"uv":[16,48]}]},{"name":"head","parent":"body","pivot":[0,24,0],"cubes":[{"origin":[-4,24,-4],"size":[8,8,8],"uv":[0,0]}]},{"name":"eyes","parent":"head","pivot":[0,28,-4],"cubes":[{"origin":[-4,24,-4],"size":[8,8,1],"inflate":0.5,"uv":[32,0]}]},{"name":"leftArm","parent":"body","pivot":[5,21.5,0],"cubes":[{"origin":[4,12,-2],"size":[4,8,4],"uv":[0,32]}]},{"name":"cake","parent":"leftArm","pivot":[8.5,27.5,0.5],"cubes":[{"origin":[7,26,-1],"size":[3,3,3],"uv":[40,26]}]},{"name":"grass","parent":"leftArm","pivot":[7,23,-1],"cubes":[{"origin":[5,21,-3],"size":[4,4,4],"uv":[32,18]}]},{"name":"rightArm","parent":"body","pivot":[-5,21.5,0],"cubes":[{"origin":[-8,12,-2],"size":[4,12,4],"uv":[0,16]},{"origin":[-9,23,0],"size":[3,3,3],"uv":[16,32]}]},{"name":"emerald","parent":"rightArm","pivot":[-9,28,0],"cubes":[{"origin":[-10,27,-1],"size":[2,2,2],"uv":[12,16]}]}]}]}