{"minecraft:geometry":[{"description":{"identifier":"geometry.hive.hub.game.kits","texture_width":64,"texture_height":64,"visible_bounds_width":3,"visible_bounds_height":4,"visible_bounds_offset":[0,1,0]},"bones":[{"name":"root","pivot":[0,0,0]},{"name":"enderPearl","parent":"root","pivot":[-5.5,14,-9],"cubes":[{"origin":[-7,12.5,-11],"size":[3,3,3],"uv":[0,58]},{"origin":[-5.5,12.5,-7],"size":[0,3,4],"uv":[13,57]}]},{"name":"leftLeg","parent":"root","pivot":[1.9,12,0],"cubes":[{"origin":[3.9,8,-2],"size":[0,4,4],"pivot":[3.9,12,0],"rotation":[0,0,-22.5],"uv":[26,47],"mirror":true},{"origin":[-0.1,0,-2],"size":[4,12,4],"uv":[48,16],"mirror":true},{"origin":[-0.1,4,-3],"size":[5,3,6],"uv":[26,41],"mirror":true},{"origin":[-0.1,0,-4],"size":[4,3,2],"uv":[43,32],"mirror":true}]},{"name":"rightLeg","parent":"root","pivot":[-1.9,12,0],"cubes":[{"origin":[-3.9,0,-2],"size":[4,12,4],"uv":[48,16]},{"origin":[-3.9,8,-2],"size":[0,4,4],"pivot":[-3.9,12,0],"rotation":[0,0,22.5],"uv":[26,47]},{"origin":[-3.9,0,-4],"size":[4,3,2],"uv":[43,32]},{"origin":[-4.9,4,-3],"size":[5,3,6],"uv":[26,41]}]},{"name":"waist","parent":"root","pivot":[0,12,0]},{"name":"body","parent":"waist","pivot":[0,24,0],"cubes":[{"origin":[-4,12,-2],"size":[8,12,4],"uv":[0,0]},{"origin":[0,11,-4],"size":[4,5,2],"pivot":[2,13.5,-3],"rotation":[0,0,7.5],"uv":[24,6]},{"origin":[-4,15,2],"size":[8,9,0],"pivot":[0,24,2],"rotation":[20,0,0],"uv":[48,0]},{"origin":[-2,18,-3],"size":[4,4,2],"pivot":[0,22,-2],"rotation":[-12.5,0,0],"uv":[24,0]}]},{"name":"head","parent":"body","pivot":[0,24,0],"cubes":[{"origin":[-4,24,-4],"size":[8,8,8],"uv":[0,16]},{"origin":[-2,22,-4],"size":[4,2,0],"uv":[24,17]},{"origin":[-3,22,4],"size":[6,8,0],"pivot":[0,30,4],"rotation":[12.5,0,0],"uv":[0,50]},{"origin":[-4,30,-5.01],"size":[8,3,3],"pivot":[0,31,-5],"rotation":[2.5,0,0],"uv":[0,32]},{"origin":[-5,23,-5],"size":[2,9,3],"pivot":[0,31,-5],"rotation":[2.5,0,0],"uv":[0,38]},{"origin":[-3,29,-5],"size":[1,1,0],"pivot":[0,31,-5],"rotation":[2.5,0,0],"uv":[0,33]},{"origin":[2,29,-5],"size":[1,1,0],"pivot":[0,31,-5],"rotation":[2.5,0,0],"uv":[0,33]},{"origin":[3,23,-5],"size":[2,9,3],"pivot":[0,31,-5],"rotation":[2.5,0,0],"uv":[0,38],"mirror":true}]},{"name":"rightEyebrow","parent":"head","pivot":[-1,28,-4.2],"rotation":[0,0,7.5],"cubes":[{"origin":[-3.5,27.5,-4.2],"size":[3,1,0],"uv":[18,39]}]},{"name":"leftEyebrow","parent":"head","pivot":[1,27.5,-4.2],"rotation":[0,0,-5],"cubes":[{"origin":[0.5,27.5,-4.2],"size":[3,1,0],"uv":[18,39],"mirror":true}]},{"name":"leftArm","parent":"body","pivot":[4,21.5,0],"cubes":[{"origin":[4,12,-2],"size":[4,12,4],"uv":[32,16],"mirror":true},{"origin":[4,19,-3],"size":[5,3,6],"uv":[26,32],"mirror":true},{"origin":[9,17,-3],"size":[0,2,5],"uv":[49,34],"mirror":true},{"origin":[4,24,0],"size":[4,3,0],"uv":[20,32],"mirror":true}]},{"name":"rightArm","parent":"body","pivot":[-5,21.5,0],"cubes":[{"origin":[-8,12,-2],"size":[4,12,4],"uv":[32,16]},{"origin":[-8,24,0],"size":[4,3,0],"uv":[20,32]},{"origin":[-9,19,-3],"size":[5,3,6],"uv":[26,32]},{"origin":[-9,17,-3],"size":[0,2,5],"uv":[49,34]}]}]}],"format_version":"1.12.0"}