{"format_version":"1.10.0","particle_effect":{"description":{"identifier":"hivepets:endolotl_shake","basic_render_parameters":{"material":"particles_alpha","texture":"textures/particle/particles"}},"components":{"minecraft:emitter_rate_steady":{"spawn_rate":20,"max_particles":100},"minecraft:emitter_lifetime_once":{"active_time":0.2},"minecraft:emitter_shape_point":{"direction":["math.random(-3,3)",-1,0]},"minecraft:particle_lifetime_expression":{"max_lifetime":0.8},"minecraft:particle_initial_speed":1,"minecraft:particle_motion_dynamic":{"linear_acceleration":[0,-1,0]},"minecraft:particle_appearance_billboard":{"size":["(1-(variable.particle_age/variable.particle_lifetime))*0.07","(1-(variable.particle_age/variable.particle_lifetime))*0.07"],"facing_camera_mode":"rotate_xyz","uv":{"texture_width":128,"texture_height":128,"flipbook":{"base_UV":[40,0],"size_UV":[8,8],"step_UV":[-8,0],"frames_per_second":3,"max_frame":6,"stretch_to_lifetime":true}}},"minecraft:particle_appearance_tinting":{"color":{"interpolant":"variable.particle_age","gradient":{"0.0":"#FFB32FF5","1.0":"#FF20183C"}}}}}}