{"format_version":"1.10.0","particle_effect":{"description":{"identifier":"hivepets:endolotl_sleeping","basic_render_parameters":{"material":"particles_alpha","texture":"textures/particle/hive/pets/endolotl/sleeping"}},"components":{"minecraft:emitter_rate_steady":{"spawn_rate":2,"max_particles":100},"minecraft:emitter_lifetime_once":{"active_time":10},"minecraft:emitter_shape_point":{"direction":["math.random(0.5,1.5)","math.random(-0.5,-2)","math.random(0.5,1.5)"]},"minecraft:particle_lifetime_expression":{"max_lifetime":4},"minecraft:particle_initial_speed":1.5,"minecraft:particle_motion_dynamic":{"linear_acceleration":["variable.particle_age \u003c 0.7 ? 0 : 0.1","variable.particle_age \u003c 0.7 ? 0 : 0.2","variable.particle_age \u003c 0.7 ? 0 : 0.1"],"linear_drag_coefficient":1,"rotation_acceleration":"math.random(-45,45)"},"minecraft:particle_appearance_billboard":{"size":["variable.particle_age \u003c 0.7 ? variable.particle_age/8.5 : 0.022*(4-variable.particle_age)","variable.particle_age \u003c 0.7 ? variable.particle_age/8.5 : 0.022*(4-variable.particle_age)"],"facing_camera_mode":"rotate_xyz","uv":{"texture_width":16,"texture_height":16,"uv":[0,0],"uv_size":[16,16]}},"minecraft:particle_appearance_tinting":{"color":{"interpolant":"variable.particle_age","gradient":{"0.0":"#FFF16FFF","3.0":"#FF20183C"}}}}}}