{"format_version":"1.10.0","particle_effect":{"description":{"identifier":"hivecommon:prestige_circle","basic_render_parameters":{"material":"particles_alpha","texture":"textures/particle/hive/common/prestige/sparkle"}},"components":{"minecraft:emitter_initialization":{"creation_expression":"variable.size \u003d 0.06;variable.lifetime \u003d 2.2;"},"minecraft:emitter_rate_steady":{"spawn_rate":20,"max_particles":250},"minecraft:emitter_lifetime_once":{"active_time":5},"minecraft:emitter_shape_disc":{"radius":1,"surface_only":true,"direction":["math.random(-4,4)","math.random(-4,4)","math.random(-4,4)"]},"minecraft:particle_lifetime_expression":{"max_lifetime":"variable.lifetime"},"minecraft:particle_initial_spin":{"rotation_rate":200},"minecraft:particle_initial_speed":0.2,"minecraft:particle_motion_dynamic":{"linear_acceleration":[0,0.5,0],"linear_drag_coefficient":1,"rotation_acceleration":7},"minecraft:particle_appearance_billboard":{"size":["variable.size*(variable.lifetime-variable.particle_age)","variable.size*(variable.lifetime-variable.particle_age)"],"facing_camera_mode":"rotate_xyz","uv":{"texture_width":8,"texture_height":48,"flipbook":{"base_UV":[0,40],"size_UV":[8,8],"step_UV":[0,-8],"frames_per_second":5,"max_frame":6,"stretch_to_lifetime":true}}},"minecraft:particle_appearance_tinting":{"color":["Math.clamp(Math.clamp(Math.clamp(0.9+((variable.particle_random_2*0.4))-0.2, 0, 1), 0, 1), 0, 1)","Math.clamp(Math.clamp(Math.clamp(0.8+((variable.particle_random_2*0.4)-0.2), 0, 1), 0, 1), 0, 1)","Math.clamp(Math.clamp(Math.clamp(0.4+((variable.particle_random_2*0.4)-0.2), 0, 1), 0, 1), 0, 1)",1]}}}}