{"format_version":"1.10.0","animation_controllers":{"controller.animation.hive.wars.bridge.builder":{"states":{"default":{"transitions":[{"grumpus":"query.variant \u003d\u003d 3"},{"mailbot":"query.variant \u003d\u003d 4"},{"motobug":"query.variant \u003d\u003d 10"},{"invader":"query.variant \u003d\u003d 12"}]},"grumpus":{"animations":[{"grumpus":"query.modified_move_speed"}]},"mailbot":{"animations":["mailbot_arms","mailbot_wheel"]},"motobug":{"animations":["motobug_spin"]},"invader":{"animations":["invader"]}}}}}