{"format_version":"1.10.0","animation_controllers":{"controller.animation.hive.wars.status.idle":{"states":{"default":{"animations":["idle"]}}},"controller.animation.hive.wars.status.treasureless":{"states":{"default":{"transitions":[{"treasure":"!query.is_tamed"},{"treasureless_hold":"query.is_tamed"}]},"treasure":{"transitions":[{"treasureless":"query.is_tamed"}]},"treasureless":{"animations":["treasureless"],"transitions":[{"treasureless_hold":"query.all_animations_finished"}]},"treasureless_hold":{"animations":["treasureless_hold"]}}}}}