{"format_version":"1.10.0","animation_controllers":{"controller.animation.hive.pets.endolotl.idle":{"states":{"default":{"animations":["idle_float"],"particle_effects":[{"effect":"idle","locator":"body"}]}}},"controller.animation.hive.pets.endolotl.move":{"states":{"default":{"animations":["move_forward"]}}},"controller.animation.hive.pets.endolotl.face":{"states":{"default":{"transitions":[{"decide":"variable.idleTimer \u003d\u003d 0"}]},"decide":{"transitions":[{"blink":"math.random_integer(0, 3) \u003d\u003d 0"},{"look_left":"math.random_integer(0, 3) \u003d\u003d 0"},{"look_right":"math.random_integer(0, 3) \u003d\u003d 0"}]},"blink":{"animations":["face_blink"],"transitions":[{"default":"query.all_animations_finished"}]},"look_left":{"animations":["face_look_left"],"transitions":[{"default":"query.all_animations_finished"}]},"look_right":{"animations":["face_look_right"],"transitions":[{"default":"query.all_animations_finished"}]}}},"controller.animation.hive.pets.endolotl.body":{"states":{"default":{"transitions":[{"shake":"query.mark_variant \u003d\u003d 1"},{"waves":"query.mark_variant \u003d\u003d 2"},{"sleep":"query.mark_variant \u003d\u003d 3"},{"tilt":"query.mark_variant \u003d\u003d 4"}]},"shake":{"animations":["body_shake"],"transitions":[{"default":"query.all_animations_finished"}]},"waves":{"animations":["body_waves"],"transitions":[{"default":"query.all_animations_finished"}]},"sleep":{"animations":["body_sleep"],"transitions":[{"default":"query.all_animations_finished"}]},"tilt":{"animations":["body_tilt"],"transitions":[{"default":"query.all_animations_finished"}]}}},"controller.animation.hive.pets.endolotl.state":{"states":{"default":{"transitions":[{"faded_wait":"query.is_tamed"},{"normal_wait":"!query.is_tamed"}]},"faded_wait":{"transitions":[{"normal":"!query.is_tamed"}]},"normal_wait":{"transitions":[{"faded":"query.is_tamed"}]},"faded":{"animations":["state_change"],"transitions":[{"faded_wait":"query.all_animations_finished"}]},"normal":{"animations":["state_change"],"transitions":[{"normal_wait":"query.all_animations_finished"}]}}}}}