{"format_version":"1.10.0","animation_controllers":{"controller.animation.hive.pets.pirateship.idle":{"states":{"default":{"animations":["idle"]}}},"controller.animation.hive.pets.pirateship.afk":{"states":{"default":{"animations":["hide_anchor"],"transitions":[{"active":"!query.is_baby"},{"afk_hold":"query.is_baby"}]},"active":{"animations":["hide_anchor"],"transitions":[{"afk":"query.is_baby"}]},"afk":{"animations":["afk"],"transitions":[{"afk_hold":"query.all_animations_finished"}]},"afk_hold":{"animations":["afk_hold"],"transitions":[{"afk_retract":"!query.is_baby"}]},"afk_retract":{"animations":["afk_retract"],"transitions":[{"active":"query.all_animations_finished"}]}}},"controller.animation.hive.pets.pirateship.move":{"states":{"default":{"transitions":[{"moving":"query.modified_move_speed \u003e 0.1 \u0026\u0026 query.variant \u003d\u003d 0"},{"moving_ghost":"query.modified_move_speed \u003e 0.1 \u0026\u0026 query.variant \u003d\u003d 1"}]},"moving":{"animations":["move_forward"],"transitions":[{"default":"query.modified_move_speed \u003c\u003d 0.1"}],"particle_effects":[{"effect":"water","locator":"ship"}]},"moving_ghost":{"animations":["move_forward"],"transitions":[{"default":"query.modified_move_speed \u003c\u003d 0.1"}],"particle_effects":[{"effect":"water_ghost","locator":"ship"}]}}},"controller.animation.hive.pets.pirateship.idle.action":{"states":{"default":{"transitions":[{"cannon":"query.mark_variant \u003d\u003d 1"},{"travel":"query.mark_variant \u003d\u003d 2"},{"morph":"query.mark_variant \u003d\u003d 3"}]},"cannon":{"animations":["idle_cannon"],"transitions":[{"default":"query.all_animations_finished"}]},"travel":{"animations":["idle_travel"],"transitions":[{"default":"query.all_animations_finished"}]},"morph":{"animations":["morph"],"transitions":[{"default":"query.all_animations_finished"}]}}}}}