{"content":[{"path":"render_controllers/hive/pets/phasedpet.json","key":"SVOP5CGZSQXGDYGDKOWWX5CRYJLNMUFM"},{"path":"textures/entity/hive/pets/cubee/faded.png","key":"EU47CTBBWPQVDSPC7Z5EAVV7GDQY45GJ"},{"path":"particles/hive/pets/babydragon/fire.particle.json","key":"3QDM22KF2MV4DPTCMOEVZZJGM7PTLCYG"},{"path":"particles/hive/pets/pirateship/cannons.particle.json","key":"CIM42BHC7XG7SES3OFWT47T5PJJTJMMK"},{"path":"textures/entity/hive/pets/pirateship/default_faded.png","key":"FQ4RT6CQS3VTNT2Q6E3BYMXDJERERYIX"},{"path":"animation_controllers/hive/pets/pirateship.json","key":"I7ETBZSMH7FXYRTM55J2KEUAE2V5PKFL"},{"path":"animation_controllers/hive/pets/endolotl.json","key":"3VONLN4HR52YZTMKZTXQKRNXIZHQJ3Q6"},{"path":"sounds/hive/pets/pirateship/cannon.ogg","key":"LZ44REBLW7DDBTB5F5X456OZZJQ6I4GW"},{"path":"render_controllers/hive/pets/babydragon.json","key":"TECZW5K5N3A2QYM2LP5CVFTTSR3OYGJR"},{"path":"sounds/sound_definitions.json","key":"AEVBWOJDKGU6YKHGVWCHVR7WHRZ3ETCE"},{"path":"entity/hive/pets/endolotl.json","key":"CUTJ7IO22H3NZWWHZVYNZDRE2RCTQZZV"},{"path":"sounds/hive/pets/pirateship/morph.ogg","key":"XIOAGKDTS3XZZAZK7NA3GZJNL5OIFVJG"},{"path":"textures/entity/hive/pets/endolotl/endolotl.png","key":"X6DZAGC3DWOVYJPLZEQXWYABPAMOEY6O"},{"path":"particles/hive/pets/endolotl/sleeping.particle.json","key":"DIZAAJXS2INT3QNZPNXDG5UN6NNCAQA6"},{"path":"models/entity/hive/pets/pirateship/ghost.json","key":"VMBU2SPMWJ62VCNHZONI46I34PKYTDN3"},{"path":"sounds/hive/pets/pirateship/afk.ogg","key":"5YQ7RAEP7NNWBH4Y7KAL5JFBH45WLOBP"},{"path":"particles/hive/pets/endolotl/sleeping2.particle.json","key":"POYXJGHOJSGZZTG6G3MDEALNKC7JKAZL"},{"path":"models/entity/hive/pets/endolotl.json","key":"6YXS5VKRU5SOD6WIP3S5FRETUAUA3NDI"},{"path":"entity/hive/pets/babydragon.json","key":"OIHMXMIGF5VPZNL72566SSPTCL2UCZXC"},{"path":"sounds/hive/pets/pirateship/afk_retract.ogg","key":"JHU5KMEX7WA34EKSBHBTBO7MVJEVZ5ZG"},{"path":"entity/hive/pets/rock.json","key":"GR4EXI34VVGLC2EMJQD76VBZ3R2CL6IO"},{"path":"textures/entity/hive/pets/endolotl/faded.png","key":"SRXN2VOZ5ZWWZSEXKRTSNS3AEZTTSUYH"},{"path":"textures/entity/hive/pets/babydragon/pink.png","key":"KS4NRXYFVVG6C3ER7SNPAKUQW7M5SXHC"},{"path":"textures/entity/hive/pets/babydragon/red_faded.png","key":"7SDB22RWTP5XCG43SRM53WTECFRZSN6R"},{"path":"textures/entity/hive/pets/babydragon/red.png","key":"TLGSMMK5JM7VGNHDSA2DVILBI5MTOX3E"},{"path":"textures/entity/hive/pets/babydragon/pink_faded.png","key":"F32SEOTH4RODE43NHS7Q5JISQ2G2UNHB"},{"path":"textures/entity/hive/pets/pirateship/ghost_faded.png","key":"T5M7HWTWOZVAYHPBLEY4XUHRDRJETSMX"},{"path":"particles/hive/pets/babydragon/steam.particle.json","key":"YKBQBAVC5UE5NTBIZQTHFLEMJAXU6IXW"},{"path":"textures/particle/hive/pets/endolotl/sleeping.png","key":"7E7HPKTHLGI5LSSWP2NCQTAV7R5IX2GJ"},{"path":"models/entity/hive/pets/babydragon.json","key":"BJR5ATS33DMRCEAMI5RIBIZ3CKPWAO63"},{"path":"entity/hive/pets/pirateship.json","key":"VUKIYCWZDXYUWOCS4FEYU2UUKLPEATNJ"},{"path":"models/entity/hive/pets/rock.json","key":"WD3PNBBS5Q5OQGJL7WCGGLV5JZYETPCS"},{"path":"textures/entity/hive/pets/rock.png","key":"2CM7B5EGXTCB2VOIMPMME2ZFPQIZADDC"},{"path":"models/entity/hive/pets/pirateship/default.json","key":"2GRPGRMCV6RU7IJESF6UEIRYVQSTHSYE"},{"path":"textures/entity/hive/pets/babydragon/green.png","key":"Y7MWG36KTRQQBGUZTH25AJVPSIB7GZF3"},{"path":"textures/entity/hive/pets/babydragon/ender.png","key":"PIJSXNNM5C3P77LP3M4IKEWHQV3TE43V"},{"path":"entity/hive/pets/cubee.json","key":"NUPNCIA7U3QGD4O6VSDHDWIKOJC57ABU"},{"path":"models/entity/hive/pets/cubee.json","key":"RJ3NVMRCL4JJIXDSDZWGXKXTRPPFZ26Y"},{"path":"particles/hive/pets/pirateship/cannonball.particle.json","key":"3MW7JCIKOFYH5B2RTAR4DJE6HCAYQYOW"},{"path":"animations/hive/pets/rock.json","key":"A6LSRAAVINTCQWLGSI36M2ZF5ZCMW2PB"},{"path":"particles/hive/pets/pirateship/water.particle.json","key":"VQ45QPA2MNZWOADK447NW75YVSNSTUHA"},{"path":"textures/particle/hive/pets/pirateship/cannonball.png","key":"X2SGDLEIWRE5ZPDLIUKUDSMEV7VBIHLD"},{"path":"animation_controllers/hive/pets/rock.json","key":"PW7ZYOD7A5YRL2KZ672F5DIAXCOONZ3F"},{"path":"textures/entity/hive/pets/babydragon/green_faded.png","key":"4NGVCARG4CR52C3AK3FE6GDHMSOOAF7B"},{"path":"particles/hive/pets/endolotl/shake.particle.json","key":"B73ELLFKNHZN2Z67ECZNPL7NK5O7FV27"},{"path":"textures/entity/hive/pets/babydragon/blue.png","key":"YOTQEADZNUH63FTLBCBWAK6VLF7CZISQ"},{"path":"textures/entity/hive/pets/cubee/cubee.png","key":"BPEO2YPU6PVOTRPOEW5HFDYW4CWSHCII"},{"path":"render_controllers/hive/pets/pirateship.json","key":"2FOHQVDMZJVON5XMAK3RQC7GJBBTDHJL"},{"path":"models/entity/hive/pets/pirateship/locators.json","key":"WJE6TNJDJN2ZNKNWKOVVG5V6UQF7PMDB"},{"path":"animations/hive/pets/pirateship.json","key":"CDIN2ZJ7TVPP74NOPBHHOH7QBSPLS3PE"},{"path":"particles/hive/pets/pirateship/water.ghost.particle.json","key":"SCZVYEAMIT262M43VDPEPC6QFPAQ27ES"},{"path":"animation_controllers/hive/pets/cubee.json","key":"MCB2YZ54GZDMNDO62M4FLWDHNV5Z734L"},{"path":"particles/hive/pets/babydragon/idledust.particle.json","key":"4WZEWLR3JJLCTBXXAMRGOOEZ6QDPBC64"},{"path":"animation_controllers/hive/pets/babydragon.json","key":"U2RETUDAJZOL6ZUJLQW2G6XUG4L7XAKU"},{"path":"animations/hive/pets/endolotl.json","key":"4HQDEBGA2GJ6DXC65DMPG5FDSLM25Z7F"},{"path":"animations/hive/pets/babydragon.json","key":"VGGWQIRK7YKL2M2XA6WJUGJQJRSXUC27"},{"path":"particles/hive/pets/endolotl/idle.particle.json","key":"CHNYHLQJVSWKGHVUU4WQ6425VU365NN3"},{"path":"animations/hive/pets/cubee.json","key":"PVOFIAOYCAZYXJP2ICI6OYSGCCFMU7H7"},{"path":"textures/entity/hive/pets/babydragon/blue_faded.png","key":"2GHO2IZT3SJW2CM25VPKHWMYTKDDKH4U"},{"path":"textures/entity/hive/pets/pirateship/default.png","key":"7CH3RQQHXHL5P2ZASXLHT2HLSYHLR6CT"},{"path":"textures/entity/hive/pets/pirateship/ghost.png","key":"N6UJRI2JZHTGEYXSWAXDJAIFCNWIVUZV"},{"path":"textures/entity/hive/pets/babydragon/ender_faded.png","key":"F5QRTIUEYSAKSYT5QZLSQXA4M5BDNVTF"}]}