{"minecraft:geometry":[{"description":{"identifier":"geometry.hive.sg.cache_cow","texture_width":64,"texture_height":64,"visible_bounds_width":4,"visible_bounds_height":4,"visible_bounds_offset":[0,1,0]},"bones":[{"name":"body","pivot":[0,10,0],"cubes":[{"origin":[-6,9,-9],"size":[12,10,18],"uv":[0,36]},{"origin":[-3,7,-1],"size":[6,2,6],"pivot":[0,9,5],"rotation":[-5,0,0],"uv":[0,28]}]},{"name":"tail","parent":"body","pivot":[0.5,17,9],"rotation":[42.5,0,0],"cubes":[{"origin":[-1,12,7],"size":[2,5,2],"uv":[0,36]},{"origin":[-2,9,6],"size":[4,3,4],"uv":[0,43]},{"origin":[-2,7,6],"size":[4,2,4],"uv":[43,47]}]},{"name":"head","pivot":[0,14,-11],"cubes":[{"origin":[-4,14,-16],"size":[8,8,8],"uv":[0,0]},{"origin":[-3,22,-16],"size":[6,0,2],"pivot":[0,22,-16],"rotation":[35,0,0],"uv":[18,16]},{"origin":[-8,19,-11],"size":[4,2,2],"pivot":[-4,19,-10],"rotation":[0,0,25],"uv":[25,0]},{"origin":[4,19,-11],"size":[4,2,2],"pivot":[4,19,-10],"rotation":[0,0,-25],"uv":[25,0],"mirror":true},{"origin":[-8,21,-11],"size":[1,2,2],"pivot":[-4,19,-10],"rotation":[0,0,25],"uv":[25,4]},{"origin":[7,21,-11],"size":[1,2,2],"pivot":[4,19,-10],"rotation":[0,0,-25],"uv":[25,4],"mirror":true},{"origin":[-4,16,-14],"size":[1,4,3],"pivot":[-4,20,-12.5],"rotation":[0,0,30],"uv":[0,21]},{"origin":[3,16,-14],"size":[1,4,3],"pivot":[4,20,-12.5],"rotation":[0,0,-30],"uv":[0,21],"mirror":true},{"origin":[-4,14,-17],"size":[8,4,1],"uv":[0,16]}]},{"name":"frontRightLeg","pivot":[-4,9,-7],"cubes":[{"origin":[-6,2,-9],"size":[4,7,4],"uv":[47,0]},{"origin":[-6.5,0,-9.5],"size":[5,2,5],"uv":[44,11]}]},{"name":"frontLeftLeg","pivot":[4,9,-7],"cubes":[{"origin":[2,2,-9],"size":[4,7,4],"uv":[47,0],"mirror":true},{"origin":[1.5,0,-9.5],"size":[5,2,5],"uv":[44,11],"mirror":true}]},{"name":"backRightLeg","pivot":[-4,9,7],"cubes":[{"origin":[-6,2,5],"size":[4,7,4],"uv":[47,0]},{"origin":[-6.5,0,4.5],"size":[5,2,5],"uv":[44,11]}]},{"name":"backLeftLeg","pivot":[4,9,7],"cubes":[{"origin":[2,2,5],"size":[4,7,4],"uv":[47,0],"mirror":true},{"origin":[1.5,0,4.5],"size":[5,2,5],"uv":[44,11],"mirror":true}]}]}],"format_version":"1.12.0"}