{"format_version":"1.12.0","minecraft:geometry":[{"description":{"identifier":"geometry.hive.sg.helicopter","texture_width":64,"texture_height":64,"visible_bounds_width":14,"visible_bounds_height":4,"visible_bounds_offset":[0,1,0]},"bones":[{"name":"root","pivot":[0,0,0],"cubes":[{"origin":[-3,0,-3],"size":[6,3,6],"uv":[0,55]},{"origin":[-2,7,-2],"size":[4,3,4],"uv":[0,48]},{"origin":[-3,10,-3],"size":[6,3,6],"uv":[0,55]},{"origin":[-4,3,-4],"size":[8,4,8],"uv":[25,52]}]},{"name":"propeller","parent":"root","pivot":[0,8.5,0],"cubes":[{"origin":[-24,8,-2],"size":[22,1,4],"uv":[0,23]},{"origin":[-44,7,-2],"size":[22,1,4],"uv":[0,23]},{"origin":[2,8,-2],"size":[22,1,4],"uv":[0,23]},{"origin":[22,7,-2],"size":[22,1,4],"uv":[0,23]},{"origin":[-2,8,-24],"size":[4,1,22],"uv":[0,0]},{"origin":[-2,7,-44],"size":[4,1,22],"uv":[0,0]},{"origin":[-2,8,2],"size":[4,1,22],"uv":[0,0]},{"origin":[-2,7,22],"size":[4,1,22],"uv":[0,0]},{"origin":[38,7,2],"size":[6,1,2],"uv":[17,49]},{"origin":[-44,7,-4],"size":[6,1,2],"uv":[17,49]},{"origin":[2,7,-44],"size":[2,1,6],"uv":[34,45]},{"origin":[-4,7,38],"size":[2,1,6],"uv":[34,45]}],"locators":{"blade1":[-3,8,43],"blade2":[-43,8,-3],"blade3":[43,8,3],"blade4":[3,8,-43]}}]}]}