{"minecraft:geometry":[{"description":{"identifier":"geometry.hive.sg.parachute","texture_width":128,"texture_height":128,"visible_bounds_width":4,"visible_bounds_height":7,"visible_bounds_offset":[0,2.5,0]},"bones":[{"name":"parachute","pivot":[0,24,0],"cubes":[{"origin":[-16,18,-16],"size":[32,26,32],"uv":[0,0]},{"origin":[-12.5,0,-14],"size":[0,18,5],"pivot":[-12.5,18,-12.5],"rotation":[0,45,0],"uv":[0,0]},{"origin":[-12.5,0,9],"size":[0,18,5],"pivot":[-12.5,18,12.5],"rotation":[0,-45,0],"uv":[20,0]},{"origin":[12.5,0,-14],"size":[0,18,5],"pivot":[12.5,18,-12.5],"rotation":[0,-45,0],"uv":[0,0],"mirror":true},{"origin":[12.5,0,9],"size":[0,18,5],"pivot":[12.5,18,12.5],"rotation":[0,45,0],"uv":[20,0],"mirror":true}]}]}],"format_version":"1.12.0"}