{"minecraft:geometry":[{"description":{"identifier":"geometry.hive.sg.supply_crate","texture_width":128,"texture_height":128,"visible_bounds_width":6,"visible_bounds_height":6,"visible_bounds_offset":[0,2,0]},"bones":[{"name":"root","pivot":[0,12,14]},{"name":"crate","parent":"root","pivot":[0,0,0],"cubes":[{"origin":[-14,0,-14],"size":[28,20,28],"uv":[0,41]}]},{"name":"strapeast","parent":"crate","pivot":[-14,12,0],"rotation":[0,0,166],"cubes":[{"origin":[-13.98737,3.72648,-11],"size":[0,9,22],"uv":[0,68]}]},{"name":"strapeast2","parent":"crate","pivot":[0,12,-14],"rotation":[-90,76,90],"cubes":[{"origin":[0.01263,3.72648,-25],"size":[0,9,22],"uv":[0,68]}]},{"name":"strapeast3","parent":"crate","pivot":[14,12,0],"rotation":[180,0,14],"cubes":[{"origin":[14.01263,3.72648,-11],"size":[0,9,22],"uv":[0,68]}]},{"name":"strapeast4","parent":"crate","pivot":[0,12,14],"rotation":[90,-76,90],"cubes":[{"origin":[0.01263,3.72648,3],"size":[0,9,22],"uv":[0,68]}]},{"name":"lid","parent":"root","pivot":[0,24.5,0],"cubes":[{"origin":[-16,20,-16],"size":[32,9,32],"uv":[0,0]}]}]}],"format_version":"1.12.0"}