{"minecraft:geometry":[{"description":{"identifier":"geometry.hive.hub.npc.locker","texture_width":128,"texture_height":128,"visible_bounds_width":4,"visible_bounds_height":4,"visible_bounds_offset":[0,1,0]},"bones":[{"name":"root","pivot":[0,0,0]},{"name":"leftLeg","parent":"root","pivot":[2,12,0],"cubes":[{"origin":[0,4,-2.5],"size":[5,2,5],"uv":[69,53]},{"origin":[0,0,-2],"size":[4,10,4],"uv":[63,63]},{"origin":[0,0,-4],"size":[4,3,2],"uv":[43,0]}]},{"name":"rightLeg","parent":"root","pivot":[-2,12,0],"cubes":[{"origin":[-4,0,-2],"size":[4,10,4],"uv":[63,63],"mirror":true},{"origin":[-5,4,-2.5],"size":[5,2,5],"uv":[69,53],"mirror":true},{"origin":[-4,0,-4],"size":[4,3,2],"uv":[43,0],"mirror":true}]},{"name":"waist","parent":"root","pivot":[0,12,0]},{"name":"body","parent":"waist","pivot":[0,10,0],"rotation":[7.5,0,0],"cubes":[{"origin":[-4,10,-2],"size":[8,12,4],"uv":[53,17]},{"origin":[-4,5,-2],"size":[0,5,4],"pivot":[-4,10,0],"rotation":[0,0,30],"uv":[0,0],"mirror":true},{"origin":[4,5,-2],"size":[0,5,4],"pivot":[4,10,0],"rotation":[0,0,-30],"uv":[0,0]},{"origin":[1.73643,16.05507,-3],"size":[2,2,1],"pivot":[3.25,18.5,-2.5],"rotation":[0,0,10],"uv":[25,61],"mirror":true},{"origin":[-4.73643,18.05507,-3],"size":[3,4,1],"pivot":[-3.25,18.5,-2.5],"rotation":[0,0,-10],"uv":[78,0]},{"origin":[-3.73643,16.05507,-3],"size":[2,2,1],"pivot":[-3.25,18.5,-2.5],"rotation":[0,0,-10],"uv":[25,61]},{"origin":[1.73643,18.05507,-3],"size":[3,4,1],"pivot":[3.25,18.5,-2.5],"rotation":[0,0,10],"uv":[78,0],"mirror":true},{"origin":[-2,10,-3],"size":[4,5,1],"uv":[36,58]}]},{"name":"backpack","parent":"body","pivot":[0,17,2],"cubes":[{"origin":[-6,4.22592,7.4413],"size":[11,5,0],"pivot":[0,0,0],"rotation":[-2.5,0,0],"uv":[74,44]},{"origin":[-10,26.91336,0.81623],"size":[20,6,6],"pivot":[0.14198,20.7761,0.81623],"rotation":[-9.85108,0,0],"uv":[0,21]},{"origin":[-8,20.9,1],"size":[16,10,10],"pivot":[0,22,1],"rotation":[-10,0,0],"uv":[0,0]},{"origin":[-6,8,2],"size":[12,14,8],"pivot":[0,17,2],"rotation":[10,0,0],"uv":[0,34]},{"origin":[-5,4.51072,12.26765],"size":[4,4,0],"pivot":[-5,10.51072,11.26765],"rotation":[10,0,0],"uv":[46,75]},{"origin":[-4,8.51072,11.26765],"size":[2,4,1],"pivot":[-5,10.51072,11.26765],"rotation":[10,0,0],"uv":[0,34]},{"origin":[1,8.49503,11.09313],"size":[3,3,0],"pivot":[-3,11.49503,11.09313],"rotation":[30,0,0],"uv":[25,57]},{"origin":[1,7.03409,11.03567],"size":[3,3,0],"pivot":[0,0.50817,-0.40563],"rotation":[-2.5,0,0],"uv":[58,34]}]},{"name":"cow","parent":"backpack","pivot":[-8,26,6],"cubes":[{"origin":[-9.8,16.9,3],"size":[1,3,6],"pivot":[-8,26,6],"rotation":[0,0,7.5],"uv":[74,74]},{"origin":[-8.8,16.9,2],"size":[1,8,8],"pivot":[-8,26,6],"rotation":[0,0,7.5],"uv":[25,57]}]},{"name":"dragon","parent":"backpack","pivot":[-4,22,11],"cubes":[{"origin":[-4,9.74038,4.43397],"size":[3,3,0],"pivot":[2.5,27.74038,3.43397],"rotation":[32.4905,-0.21782,4.99527],"uv":[43,6]},{"origin":[-6.5,13.25,10.8],"size":[8,8,1],"pivot":[4,27,14],"rotation":[2.4905,-0.21782,4.99527],"uv":[13,74]},{"origin":[-7.5,13.25,10.8],"size":[1,8,1],"pivot":[4,27,14],"rotation":[2.4905,-0.21782,4.99527],"uv":[13,84],"mirror":true},{"origin":[1.5,13.25,10.8],"size":[1,8,1],"pivot":[4,27,14],"rotation":[2.4905,-0.21782,4.99527],"uv":[13,84]}]},{"name":"owl","parent":"backpack","pivot":[4,27,14],"cubes":[{"origin":[-1,18,11.7],"size":[8,8,1],"pivot":[4,27,14],"rotation":[4.93656,0.9762,-7.43656],"uv":[66,34]},{"origin":[-2.75256,22.93401,12.55405],"size":[5,2,0],"pivot":[4,27,14],"rotation":[5.07265,10.89098,-6.1251],"uv":[10,70]},{"origin":[2,19.04451,8.51154],"size":[2,4,2],"pivot":[4,27,14],"rotation":[37.43656,0.9762,-7.43656],"uv":[55,58]},{"origin":[-2,20.01503,11.69105],"size":[10,3,2],"pivot":[4,27,14],"rotation":[4.93656,0.9762,-7.43656],"uv":[33,34]},{"origin":[3.78294,22.94916,12.90102],"size":[5,2,0],"pivot":[4,27,14],"rotation":[5.02742,-8.93909,-8.74023],"uv":[10,70],"mirror":true}]},{"name":"doughnut","parent":"backpack","pivot":[8,24,6],"cubes":[{"origin":[7.8,20.9,3],"size":[1,2,6],"pivot":[8,24,6],"rotation":[5,0,-5],"uv":[60,78]},{"origin":[7.8,16.9,4],"size":[1,4,4],"pivot":[8,24,6],"rotation":[5,0,-5],"uv":[78,17]},{"origin":[7.8,15.9,2],"size":[1,6,2],"pivot":[8,24,6],"rotation":[5,0,-5],"uv":[83,71]},{"origin":[7.8,15.9,8],"size":[1,6,2],"pivot":[8,24,6],"rotation":[5,0,-5],"uv":[41,40]},{"origin":[7.8,14.9,3],"size":[1,2,6],"pivot":[8,24,6],"rotation":[5,0,-5],"uv":[51,75]},{"origin":[7.8,14.9,2],"size":[1,8,8],"inflate":0.5,"pivot":[8,24,6],"rotation":[5,0,-5],"uv":[44,58]}]},{"name":"head","parent":"body","pivot":[0,24,0],"rotation":[-7.5,0,0],"cubes":[{"origin":[-4,22,-5],"size":[8,8,8],"uv":[53,0]},{"origin":[-4,22,-4.75],"size":[8,8,8],"inflate":0.5,"uv":[41,41]},{"origin":[-5,21,-6],"size":[10,10,2],"uv":[0,57]},{"origin":[-2,28,-9],"size":[0,6,3],"pivot":[-2,31,-6],"rotation":[0,30,0],"uv":[80,61]},{"origin":[2,28,-9],"size":[0,6,3],"pivot":[2,31,-6],"rotation":[0,-30,0],"uv":[80,61],"mirror":true}]},{"name":"leftArm","parent":"body","pivot":[5,21.5,0],"rotation":[-7.5,0,0],"cubes":[{"origin":[4,10,-1.5],"size":[3,12,3],"uv":[0,70]},{"origin":[4,13,-2.5],"size":[4,3,5],"uv":[32,75]}]},{"name":"rightArm","parent":"body","pivot":[-5,21.5,0],"rotation":[-7.5,0,0],"cubes":[{"origin":[-7,10,-1.5],"size":[3,12,3],"uv":[0,70],"mirror":true},{"origin":[-8,13,-2.5],"size":[4,3,5],"uv":[32,75],"mirror":true}]}]}],"format_version":"1.12.0"}