{"format_version":"1.12.0","minecraft:geometry":[{"description":{"identifier":"geometry.hive.hub.npc.plus","texture_width":64,"texture_height":64,"visible_bounds_width":3,"visible_bounds_height":3,"visible_bounds_offset":[0,1.5,0]},"bones":[{"name":"root","pivot":[0,0,0]},{"name":"plus","parent":"root","pivot":[0,11,0],"cubes":[{"origin":[-4,15,-3],"size":[8,7,6],"uv":[0,0]},{"origin":[-11,7,-3],"size":[22,8,6],"uv":[0,14]},{"origin":[-4,0,-3],"size":[8,7,6],"uv":[0,29]}],"locators":{"plus":[0,11,0]}}]}]}