{"format_version":"1.12.0","minecraft:geometry":[{"description":{"identifier":"geometry.hive.hub.npc.region","texture_width":64,"texture_height":64,"visible_bounds_width":3,"visible_bounds_height":3,"visible_bounds_offset":[0,1.5,0]},"bones":[{"name":"root","pivot":[0,0,0]},{"name":"globe","parent":"root","pivot":[0,24,0],"cubes":[{"origin":[-8,16,-8],"size":[16,16,16],"uv":[0,0]}]},{"name":"eyes","parent":"globe","pivot":[0,23,-8]},{"name":"leftEye","parent":"eyes","pivot":[3,23,-8],"cubes":[{"origin":[2,23,-8.125],"size":[1,2,0],"uv":[58,39]}]},{"name":"rightEye","parent":"eyes","pivot":[-3,23,-8],"cubes":[{"origin":[-3,23,-8.125],"size":[1,2,0],"uv":[53,39]}]},{"name":"mouth","parent":"globe","pivot":[0,22,-8],"cubes":[{"origin":[-3,19,-8.125],"size":[6,3,0],"uv":[47,42]}]},{"name":"cloud1","parent":"globe","pivot":[-8,26,-8],"cubes":[{"origin":[-1,28,-9],"size":[2,2,1],"uv":[25,38]},{"origin":[-9,26,-9],"size":[7,4,5],"uv":[0,32]}]},{"name":"cloud2","parent":"globe","pivot":[8,18,-8],"cubes":[{"origin":[4,18,-9],"size":[5,4,7],"uv":[0,41]},{"origin":[8,20,-1],"size":[1,2,2],"uv":[25,48]}]},{"name":"cloud3","parent":"globe","pivot":[0,0,0],"cubes":[{"origin":[2,26,4],"size":[7,4,5],"uv":[0,32],"mirror":true},{"origin":[-1,28,8],"size":[2,2,1],"uv":[25,38],"mirror":true}]},{"name":"cloud4","parent":"globe","pivot":[-8,18,8],"cubes":[{"origin":[-9,18,2],"size":[5,4,7],"uv":[0,41],"mirror":true},{"origin":[-9,20,-1],"size":[1,2,2],"uv":[25,48],"mirror":true}]}]}]}