{"format_version":"1.12.0","minecraft:geometry":[{"description":{"identifier":"geometry.hive.hub.npc.animals.hedgehog","texture_width":32,"texture_height":32,"visible_bounds_width":3,"visible_bounds_height":1,"visible_bounds_offset":[0,0.5,0]},"bones":[{"name":"root","pivot":[0,0,0]},{"name":"leftHog","parent":"root","pivot":[-9,0,2]},{"name":"right","parent":"leftHog","pivot":[-11.5,0,2]},{"name":"left","parent":"right","pivot":[-6.5,0,2]},{"name":"body","parent":"left","pivot":[-9,3,2],"cubes":[{"origin":[-12,1,-1],"size":[6,4,7],"uv":[0,0]},{"origin":[-12,1,6.3],"size":[6,4,0],"uv":[6,22]},{"origin":[-12.3,1,-1],"size":[0,4,7],"uv":[0,11]},{"origin":[-5.7,1,-1],"size":[0,4,7],"uv":[0,11],"mirror":true},{"origin":[-12,5.3,-1],"size":[6,0,7],"uv":[0,11]}]},{"name":"head","parent":"body","pivot":[-9,2,-1],"cubes":[{"origin":[-11,1,-3],"size":[4,3,2],"uv":[0,27]},{"origin":[-10,1,-4],"size":[2,2,1],"uv":[12,29]},{"origin":[-9.5,2,-5],"size":[1,1,1],"uv":[12,27]},{"origin":[-11,4,-2],"size":[1,1,1],"uv":[17,27]},{"origin":[-8,4,-2],"size":[1,1,1],"uv":[17,27]}]},{"name":"rightfrontleg","parent":"body","pivot":[-2,1,0.5],"cubes":[{"origin":[-11.5,0,0],"size":[1,2,1],"uv":[19,29]}]},{"name":"leftfrontleg","parent":"body","pivot":[2,1,0.5],"cubes":[{"origin":[-7.5,0,0],"size":[1,2,1],"uv":[19,29],"mirror":true}]},{"name":"rightbackleg","parent":"body","pivot":[-2,1,4.5],"cubes":[{"origin":[-11.5,0,4],"size":[1,2,1],"uv":[19,29]}]},{"name":"leftbackleg","parent":"body","pivot":[2,1,4.5],"cubes":[{"origin":[-7.5,0,4],"size":[1,2,1],"uv":[19,29],"mirror":true}]},{"name":"middleHog","parent":"root","pivot":[0,0,9]},{"name":"right2","parent":"middleHog","pivot":[-2.5,0,9]},{"name":"left2","parent":"right2","pivot":[2.5,0,9]},{"name":"body2","parent":"left2","pivot":[0,3,9],"cubes":[{"origin":[-3,1,6],"size":[6,4,7],"uv":[0,0]},{"origin":[-3,1,13.3],"size":[6,4,0],"uv":[6,22]},{"origin":[-3.3,1,6],"size":[0,4,7],"uv":[0,11]},{"origin":[3.3,1,6],"size":[0,4,7],"uv":[0,11],"mirror":true},{"origin":[-3,5.3,6],"size":[6,0,7],"uv":[0,11]}]},{"name":"head2","parent":"body2","pivot":[0,2,6],"cubes":[{"origin":[-2,1,4],"size":[4,3,2],"uv":[0,27]},{"origin":[-1,1,3],"size":[2,2,1],"uv":[12,29]},{"origin":[-0.5,2,2],"size":[1,1,1],"uv":[12,27]},{"origin":[-2,4,5],"size":[1,1,1],"uv":[17,27]},{"origin":[1,4,5],"size":[1,1,1],"uv":[17,27]}]},{"name":"rightfrontleg2","parent":"left2","pivot":[7,1,7.5],"cubes":[{"origin":[-2.5,0,7],"size":[1,2,1],"uv":[19,29]}]},{"name":"leftfrontleg2","parent":"left2","pivot":[11,1,7.5],"cubes":[{"origin":[1.5,0,7],"size":[1,2,1],"uv":[19,29],"mirror":true}]},{"name":"rightbackleg2","parent":"left2","pivot":[7,1,11.5],"cubes":[{"origin":[-2.5,0,11],"size":[1,2,1],"uv":[19,29]}]},{"name":"leftbackleg2","parent":"left2","pivot":[11,1,11.5],"cubes":[{"origin":[1.5,0,11],"size":[1,2,1],"uv":[19,29],"mirror":true}]},{"name":"rightHog","parent":"root","pivot":[18,0,4]},{"name":"right3","parent":"rightHog","pivot":[6.5,0,4]},{"name":"left3","parent":"right3","pivot":[11.5,0,4]},{"name":"body3","parent":"left3","pivot":[18,3,4],"cubes":[{"origin":[6,1,1],"size":[6,4,7],"uv":[0,0]},{"origin":[6,1,8.3],"size":[6,4,0],"uv":[6,22]},{"origin":[5.7,1,1],"size":[0,4,7],"uv":[0,11]},{"origin":[12.3,1,1],"size":[0,4,7],"uv":[0,11],"mirror":true},{"origin":[6,5.3,1],"size":[6,0,7],"uv":[0,11]}]},{"name":"head3","parent":"body3","pivot":[9,2,1],"cubes":[{"origin":[7,1,-1],"size":[4,3,2],"uv":[0,27]},{"origin":[8,1,-2],"size":[2,2,1],"uv":[12,29]},{"origin":[8.5,2,-3],"size":[1,1,1],"uv":[12,27]},{"origin":[7,4,0],"size":[1,1,1],"uv":[17,27]},{"origin":[10,4,0],"size":[1,1,1],"uv":[17,27]}]},{"name":"rightfrontleg3","parent":"body3","pivot":[16,1,2.5],"cubes":[{"origin":[6.5,0,2],"size":[1,2,1],"uv":[19,29]}]},{"name":"leftfrontleg3","parent":"body3","pivot":[20,1,2.5],"cubes":[{"origin":[10.5,0,2],"size":[1,2,1],"uv":[19,29],"mirror":true}]},{"name":"rightbackleg3","parent":"body3","pivot":[16,1,6.5],"cubes":[{"origin":[6.5,0,6],"size":[1,2,1],"uv":[19,29]}]},{"name":"leftbackleg3","parent":"body3","pivot":[20,1,6.5],"cubes":[{"origin":[10.5,0,6],"size":[1,2,1],"uv":[19,29],"mirror":true}]}]}]}