{"format_version":"1.12.0","minecraft:geometry":[{"description":{"identifier":"geometry.hive.hub.npc.animals.owl","texture_width":64,"texture_height":64,"visible_bounds_width":2,"visible_bounds_height":2,"visible_bounds_offset":[0,1,0]},"bones":[{"name":"root","pivot":[0,0,0]},{"name":"body","parent":"root","pivot":[0,4,0],"cubes":[{"origin":[-3,6,-3],"size":[6,5,6],"inflate":0.01,"uv":[0,10]},{"origin":[-2.5,3.38481,-1.87635],"size":[5,3,5],"pivot":[0,4,0],"rotation":[10,0,0],"uv":[0,21]},{"origin":[-2,2.18292,1.8983],"size":[4,2,2],"pivot":[0,2.08292,2.7483],"rotation":[25,0,0],"uv":[16,21]},{"origin":[-1,1.18292,2.8983],"size":[2,1,1],"pivot":[0,2.08292,2.7483],"rotation":[25,0,0],"uv":[21,26]}]},{"name":"head","parent":"body","pivot":[0,11,0],"cubes":[{"origin":[-3,11,-2.5],"size":[6,5,5],"uv":[0,0]},{"origin":[-1,10.43481,-3.27365],"size":[2,3,1],"pivot":[0,11.5,-3],"rotation":[-10,0,0],"uv":[23,4]}]},{"name":"eyeLeft","parent":"head","pivot":[2,12,-2.5],"cubes":[{"origin":[1,12,-2.52],"size":[2,2,0],"uv":[30,6],"mirror":true}]},{"name":"eyeRight","parent":"head","pivot":[-2,12,-2.5],"cubes":[{"origin":[-3,12,-2.52],"size":[2,2,0],"uv":[30,6]}]},{"name":"eyebrowLeft","parent":"head","pivot":[1,13.5,-3],"cubes":[{"origin":[2.5,14.5,-3],"size":[1,1,2],"uv":[17,0],"mirror":true},{"origin":[0.5,13.5,-3],"size":[3,1,1],"uv":[24,1],"mirror":true}]},{"name":"eyebrowRight","parent":"head","pivot":[-0.5,13.5,-3],"cubes":[{"origin":[-3.5,14.5,-3],"size":[1,1,2],"uv":[17,0]},{"origin":[-3.5,13.5,-3],"size":[3,1,1],"uv":[24,1]}]},{"name":"wings","parent":"body","pivot":[0,10.25,0.25]},{"name":"rightwing","parent":"wings","pivot":[-3.5,10.25,0.25],"rotation":[10,0,0],"cubes":[{"origin":[-4,5,-2],"size":[1,6,4],"uv":[26,11]},{"origin":[-4,4,-1],"size":[1,1,3],"uv":[37,17]}]},{"name":"leftwing","parent":"wings","pivot":[3.5,10.25,0.25],"rotation":[10,0,0],"cubes":[{"origin":[3,5,-2],"size":[1,6,4],"uv":[26,11],"mirror":true},{"origin":[3,4,-1],"size":[1,1,3],"uv":[37,17],"mirror":true}]},{"name":"leftleg","parent":"root","pivot":[1.5,4,0.5],"cubes":[{"origin":[1,1,0],"size":[1,3,1],"uv":[0,30],"mirror":true},{"origin":[0.5,0,-1],"size":[2,1,2],"uv":[5,31],"mirror":true}]},{"name":"rightleg","parent":"root","pivot":[-1.5,4,0.5],"cubes":[{"origin":[-2,1,0],"size":[1,3,1],"uv":[0,30]},{"origin":[-2.5,0,-1],"size":[2,1,2],"uv":[5,31]}]}]}]}