{"format_version":"1.8.0","animations":{"animation.hive.hub.arcade.floorfan.idle":{"loop":true,"anim_time_update":"(query.is_tamed ? 2.5 : 1) * query.delta_time + query.anim_time","animation_length":1.64,"bones":{"hologram":{"scale":{"0.0":[1,1,1],"0.08":[1,1.0088,1],"0.28":[1,1.0619,1],"0.6":[1,1.2686,1],"0.76":[1,1.3137,1],"0.84":[1,1.325,1],"1.0":[1,1.2686,1],"1.28":[1,1.0619,1],"1.48":[1,1.0177,1],"1.64":[1,1,1]}},"fan":{"rotation":{"0.0":[0,0,0],"1.64":[0,-720,0]}}}},"animation.hive.hub.arcade.floorfan.hover":{"loop":true,"animation_length":3.36,"bones":{"root":{"position":{"0.0":[0,-0.02,0],"0.12":[0,-0.03,0],"0.24":[0,-0.06,0],"0.4":[0,-0.14,0],"0.56":[0,-0.27,0],"0.72":[0,-0.55,0],"0.96":[0,-0.98,0],"1.12":[0,-1.11,0],"1.44":[0,-1.23,0],"1.56":[0,-1.25,0],"1.68":[0,-1.23,0],"2.0":[0,-1.11,0],"2.16":[0,-0.98,0],"2.4":[0,-0.55,0],"2.56":[0,-0.27,0],"2.72":[0,-0.14,0],"2.88":[0,-0.06,0],"3.08":[0,-0.02,0],"3.24":[0,0,0],"3.36":[0,0,0]}}}}}}