{"content":[{"path":"ui/_ui_defs.json","key":"4PJMEQRVU74OVEWZQEFWPGFBQTEYT3JL"},{"path":"textures/ui/hive/hive_special_button_hover.png","key":"POTOSI7OR46YVGGCYXYE3HK2CP5GI3VK"},{"path":"textures/ui/hive/hive_special_button.png","key":"B2BVYZZLZPMFRWWJVW4I4RQZVIOKPUEB"},{"path":"ui/hive/server_form/left_button_panel.json","key":"44X6E4HLVE2LNSF3PWRY5R6AT7TJRO56"},{"path":"textures/gui/newgui/mob_effects/village_hero_effect.png","key":"PUC5MEUK72OCNQPPHN7CB6REK76BAYRG"},{"path":"ui/server_form.json","key":"ATXJ5UXG2WXMQALIMUBDPK4SF6HY6S4Q"},{"path":"textures/ui/hive/whitetransparencygradient.png","key":"ROEZBELDNLKOIBPYCWVK7NPE3RN2TBYL"},{"path":"ui/hive/server_form/bottom_button_panel.json","key":"JFGBISK5L7N2SKCBIDXTW73I6KCQJQOQ"},{"path":"ui/hud_screen.json","key":"XL3FVHYI7UMZN3LJIDGWYJKDNEMSHVR7"},{"path":"textures/ui/hive/shop_close_button_default.png","key":"V37LF2YZWUIHKFPPZ3SKKKM42QOOA22Q"},{"path":"textures/ui/title.png","key":"44Y7BXDVQTXK7BCZXMFMW4DRU6PJVIGZ"},{"path":"ui/hive/server_form/button_grid_panel.json","key":"3TEFZ2F2GLQHXJMHI5HD3QIPKU2YNCZN"},{"path":"ui/hive/server_form/button_image_grid_panel.json","key":"F66VEGCUEUBKFYAX5F2J3B4VYXPJKC2K"},{"path":"ui/_global_variables.json","key":"TRAZNWGSVZZPRYFXG3V44ORJIXBXSF72"},{"path":"textures/ui/hive/hive_inside_corners.json","key":"25DCKANJKONUNRB3RTPASCAUN3FG5VMU"},{"path":"textures/ui/hive/hive_scoreboard_entry.json","key":"5RMWSFUWSOPIBXZQ2IMVQLZSJHXWJINV"},{"path":"textures/ui/hive/loading_grid.png","key":"XFVFQICW4M2TAY7TVFCZ7EBOBG4FPVYZ"},{"path":"textures/ui/village_hero_effect.png","key":"OSTBMU34QX32QBKWQFFINQ5GXQM5LUG4"},{"path":"textures/ui/hive/featured_bg_slice.json","key":"EKEDNBOXF3IQCDGXEIOUC4L2C5AWODPP"},{"path":"font/glyph_E1.png","key":"AX2TCX4RXLVSHJ3QOFGCQC7VUKW2PPBA"},{"path":"textures/ui/hive/hive_normal_button.png","key":"JBJPANMTGDAOGLSKJAKUVBZBV2QA5DEH"},{"path":"textures/ui/hive/hive_rounded_corners.png","key":"35E7U2KQWQFMXPWHY3PYC4P6RSBN25HA"},{"path":"textures/ui/hive/hive_scoreboard_entry.png","key":"OZFPK27LIZOOGUS4TRQQBJZMSGFP6NG6"},{"path":"ui/scoreboards.json","key":"IPAKNBV6RKTESC2KCQ7HL7ILMVQ4KYYE"},{"path":"textures/items/friends.png","key":"LQ75BFD3LULFSVW6L4J5JT4XHOH6AZH5"},{"path":"textures/ui/hive/hive_inside_corners.png","key":"OYPGINKJMCDHUG4FZWSCUFSVIGR62QOB"},{"path":"textures/ui/hive/hive_normal_button_hover.png","key":"GEZBWDDQI4WYRIZ4GCJXDTBGLNGAIHI7"},{"path":"textures/ui/hive/whitetransparency.png","key":"T4JYIKRZHRG7YZNVVXP6IHFOKD3VCEP3"},{"path":"textures/ui/hive/featured_bg_slice.png","key":"IKPNVUUFVXRZ2KRILBK3DM3TK6NHO7G5"},{"path":"textures/ui/hive/hive_rounded_corners.json","key":"YZLIHRNOTGR3PVH6MWDJFX3UO7JU6RPR"},{"path":"textures/items/locker.png","key":"ZOH2XKQ7QGIQGJH6RVDJDANOYUCIMM5V"}]}