{"content":[{"path":"models/entity/hive/bridge/pit/advanced.json","key":"R6UVGEIGB6RKU3YOTZZ5K344ZYCIZP5D"},{"path":"models/entity/hive/bridge/screen/score/red.json","key":"PHPXBAUC5DU67KYVWDKBMYNOJH4DYMZD"},{"path":"models/entity/hive/bridge/pit/golden.json","key":"75CLGXFYTNTQAXHV4ATRTWFN522ZBGGG"},{"path":"models/entity/hive/bridge/pit/redstone.json","key":"AQIEQI3WTK4NPQE4PCGG2S36AELDADAJ"},{"path":"entity/hive/bridge/trapdoor.json","key":"P2LFPKMSOZOSL4GHITDXZUYHSODGLSM2"},{"path":"sounds/hive/bridge/game/countdown.ogg","key":"6J34GHC345PYCVFXZMDCAIKWZSN4I4EW"},{"path":"sounds/hive/bridge/game/point_scored_against.ogg","key":"BIGGVTTSR27O7FUOWZXNH5GPFVGZ6YEG"},{"path":"textures/entity/hive/bridge/pit/golden.png","key":"X22OW6OWDPYUC5DYXX3ZAC3EL3MQCUUL"},{"path":"animation_controllers/hive/bridge/screen.json","key":"E4S6MZATYY4UR2MLPY3UHPJKOW25MQXU"},{"path":"particles/hive/bridge/confetti.particle.json","key":"SRJQTMERMTDDCAWQWYSWFQI23SIVYG72"},{"path":"textures/entity/hive/bridge/screen/digit_9.png","key":"FOOBTJUQH5UH7Y2E6YM5LBRJSCPEX3QA"},{"path":"models/entity/hive/bridge/screen/text/background.json","key":"KWHKUL572LH4G3OQUMCA46SVZKU3AHWX"},{"path":"models/entity/hive/bridge/screen/backplate.json","key":"7A3TLJKK5BDQNNSNMBVUVZDVUSVXC2J4"},{"path":"models/entity/hive/bridge/pit/mineshaft.json","key":"BFYJUK4LYYL5HJEGKNLMEJ7KRD5VNWIE"},{"path":"sounds/hive/bridge/game/respawn.ogg","key":"RPUYIB65TDCZ6WMCNXT3C5ZK5QYS56AF"},{"path":"textures/entity/hive/bridge/screen/digit_0.png","key":"GIK2FKVSWTQIN3CWPSETRM4OUFD56OPC"},{"path":"textures/entity/hive/bridge/arrow/blue.png","key":"GTJL7HRSUFIDSMOACOGNRAG4N453DLYE"},{"path":"textures/entity/hive/bridge/pit/mineshaft.png","key":"VYBH53PXUZWJBSHJOIFPMF2MEICICH5W"},{"path":"sounds/sound_definitions.json","key":"XLP7BJ6KCHWZGKUZUB5JAEJAMN3WPTC3"},{"path":"models/entity/hive/bridge/trapdoor.json","key":"6WG2DUMQMSV7R4SBK5EBJ4OSQZJTETLB"},{"path":"textures/entity/hive/bridge/screen/digit_8.png","key":"HXUQDOSE67K7C3WBVAS4KK5INNCZYBSD"},{"path":"textures/entity/hive/bridge/pit/default/red.png","key":"TEHBLX5FOKFJ3HPXHZW3WAACY3XRCPSP"},{"path":"entity/hive/bridge/screen.json","key":"VUJN532DHMS7S5EVMLVI2X2IPL6XTPSF"},{"path":"textures/entity/hive/bridge/pit/ancient.png","key":"BEEY43FSP7FUPYMOCWS4S2YIKRI7JO55"},{"path":"models/entity/hive/bridge/screen/score/background.json","key":"YSZHYKEUCDCS7FUDZGTSEGILBICGVART"},{"path":"models/entity/hive/bridge/pit/pool.json","key":"GEYPOWCFUTVZCVL3SOOGL2QULWGFEEAD"},{"path":"models/entity/hive/bridge/pit/dark_sorcery.json","key":"QC3H2IRIEN6TJY3V67O7GGN5U3IQXUST"},{"path":"textures/entity/hive/bridge/screen/digit_7.png","key":"NHLOGUJRIBRDYLGTFDKI3YZIFSHODVU6"},{"path":"models/entity/hive/bridge/pit/castle.json","key":"ZKNR45BM5AMZIG34UUVGSNNHW5F5OLA5"},{"path":"textures/entity/hive/bridge/pit/dark_sorcery.png","key":"PZ6BVWGLJSC7C34ZSXEYFW2NX6PO7KH5"},{"path":"textures/entity/hive/bridge/screen/score_text.png","key":"VRTZJX2MGFF2J2UUB64JFNRT5KZ6HJNE"},{"path":"textures/entity/hive/bridge/screen/digit_6.png","key":"O3AWI3OWC644YLMNOHPBIWFMLNSO7TCL"},{"path":"textures/entity/hive/bridge/screen/score_bg_red.png","key":"EMZEPUNPORW6BHSA3JNZSGS53CI7RMN6"},{"path":"particles/hive/bridge/score_red.particle.json","key":"YSUK42ZPHV5UKVGWIUPECYHTUQE37FXP"},{"path":"sounds/hive/bridge/game/game_over.ogg","key":"62SPWTG267QXPV2IN7JTSKFHFGBOAA77"},{"path":"render_controllers/hive/bridge/pit.json","key":"RW352KQMEFPF7HMH6SIJ3AJ4JKUXU7T2"},{"path":"textures/entity/hive/bridge/screen/digit_5.png","key":"TABKF2EOKNBZZ5W4G3SHBXOXGY6IERV7"},{"path":"animations/hive/bridge/trapdoor.json","key":"VHT6BFUDMUQAXADFFX5FGBZA7KGQKPUH"},{"path":"particles/hive/bridge/confetti_long.particle.json","key":"NVJIVLTBAYMLL6G5EQPAOMUM7L7MBUGG"},{"path":"render_controllers/hive/bridge/trapdoor.json","key":"XX74OLN34XW344WM6DVP75RD77SRYUCE"},{"path":"textures/entity/hive/bridge/trapdoor/blue.png","key":"H5DV2DPGLHLZ4RF2HBDHOZLQL4GF52UM"},{"path":"sounds/hive/bridge/game/point_scored.ogg","key":"Z266OT6XV55S3KS6ITCV6YWLLOKFSQP2"},{"path":"animation_controllers/hive/bridge/trapdoor.json","key":"Z7G5OMQJ25ZTM4Q7VGB34SL3FZRYXGHW"},{"path":"textures/entity/hive/bridge/screen/score_bg_blue.png","key":"XXM7HYNLBKNX5IKWCQC7Q6KCJZK63QFH"},{"path":"models/entity/hive/bridge/pit/ancient.json","key":"EKHON2622PYGLUB4FKF5HK6ZPIP767EE"},{"path":"textures/entity/hive/bridge/arrow/red.png","key":"AZTUTHZJMWAEWQ2FVQJSJBCO7IZENNQZ"},{"path":"textures/entity/hive/bridge/screen/digit_4.png","key":"YNDJ73VRUORY2JLPSX2OZRSGYHALROYN"},{"path":"models/entity/hive/bridge/pit/end.json","key":"73X4DQB4T6ALS46UQVK3WDAVS5TMJ5UN"},{"path":"entity/hive/bridge/pit.json","key":"YBSDSCUGYKUGJIFZ4HZZZ5ATPYW23UF5"},{"path":"render_controllers/hive/bridge/screen.json","key":"X7O2EGOYLAPRQN5VD2BPZVUIQM46PIHX"},{"path":"models/entity/hive/bridge/screen/score/blue.json","key":"UBKWM5NXXP4ZCIEXRZ54DN2IH5WQZOAW"},{"path":"animation_controllers/hive/bridge/arrow.json","key":"TKL7CXHLQ2AEP2UYWVL3WLFWRR2RRNTW"},{"path":"textures/entity/hive/bridge/pit/advanced.png","key":"T4YG744MPLJSC7RPQTUYID76B245VBX5"},{"path":"textures/entity/hive/bridge/pit/end.png","key":"ONXAMHSEURDUOESS6JCJZ3AVSYOQJPM6"},{"path":"textures/entity/hive/bridge/screen/digit_3.png","key":"4LBKTTKIGXAKNTNZZ4KX4JFE5MFDZIFE"},{"path":"textures/entity/hive/bridge/screen/scoreboard.png","key":"WQUYHMGRN26JRTCSVQX3NOFBUG6UIDKC"},{"path":"sounds/hive/bridge/pit/ambience.ogg","key":"UVFXPLTKBF56C4IYXZF6TLB3SOQ4MJ5L"},{"path":"textures/entity/hive/bridge/screen/backplate.png","key":"3I5WSPU3ET4X32LNGR44MGAL4R4WDGLJ"},{"path":"models/entity/hive/bridge/screen/text/score.json","key":"H24OKXTBZ2DZUI3EGZ2CYCEFPVVZYUWX"},{"path":"models/entity/hive/bridge/pit/default.json","key":"QVT3RKH6KFEF6AGO4LJVXT4SND2SVWVQ"},{"path":"sounds/hive/bridge/env/distant_splash.ogg","key":"7TL25P4J4A4RUJRI2KQPAZVCLULBCDLD"},{"path":"sounds/hive/bridge/game/checkmate.ogg","key":"RLVYSSZPMZXTJCKLGECRKLU5C35JZLPB"},{"path":"textures/entity/hive/bridge/pit/nether.png","key":"NCAVU7ZEBHWJJTE765CZ4PW47WTFCSLZ"},{"path":"models/entity/hive/bridge/arrow.json","key":"DALAWFIWBGO2CY23ZKTEVW5HYWJOD62N"},{"path":"textures/entity/hive/bridge/trapdoor/red.png","key":"TU2Z6JL453K6Z3ELCWH3EK2J3VVSGBZX"},{"path":"textures/entity/hive/bridge/screen/digit_2.png","key":"A7H36XCVYYOAOT3GSN2B6ZFQU6MN6BT2"},{"path":"textures/entity/hive/bridge/pit/redstone.png","key":"Q74HGT54D445ETWYEYYU7AN4XH7R6XJM"},{"path":"textures/entity/hive/bridge/pit/castle.png","key":"ZA2GO7LCZECDCXL7ACJLKW7GDF5Z5CRM"},{"path":"animations/hive/bridge/arrow.json","key":"7WJ7VPHYPRAVGN6SWCA4UMO5FDZAVO5D"},{"path":"particles/hive/bridge/score_blue.particle.json","key":"5R2BQ5IXXGV4IFLJRMEFW2LQJQNQYGEB"},{"path":"render_controllers/hive/bridge/arrow.json","key":"P42S4UMVFYXBHMBOIKC6EV6GNGORLJWW"},{"path":"textures/entity/hive/bridge/screen/frame.png","key":"NQP75NHVZA4Q6BJXWDIF6HGX2MZAKP3C"},{"path":"animations/hive/bridge/screen.json","key":"B2RIB6WVK565FR7D6GOK7DDQ3JXZQRJG"},{"path":"entity/hive/bridge/arrow.json","key":"4SKV2NFNSVABWB7GH7SSNFPXIWM4J2P5"},{"path":"models/entity/hive/bridge/screen/frame.json","key":"DG5G4FAEISMBKP6N7LBLGENMOCYHB62X"},{"path":"textures/entity/hive/bridge/pit/default/blue.png","key":"HC55C2LZCAODMM2C5QLUIG43QAFMOFFA"},{"path":"textures/entity/hive/bridge/screen/digit_1.png","key":"S5OZ4UDBPPAR4ED25TZ3EPPDEV2FEIJY"},{"path":"models/entity/hive/bridge/pit/nether.json","key":"BV5EYQ3U2MY3P4XPXLM53TCOYUWK7QK3"},{"path":"textures/entity/hive/bridge/pit/pool.png","key":"5FEWIPGBHUXQJ75AA4WBOMCNWPTLPYVR"}]}