{"format_version":"1.12.0","minecraft:geometry":[{"description":{"identifier":"geometry.hive.sky.spawn.vehicle.balloon","texture_width":128,"texture_height":128,"visible_bounds_width":3,"visible_bounds_height":5,"visible_bounds_offset":[0,2.5,0]},"bones":[{"name":"root","pivot":[0,0,0],"cubes":[{"origin":[-7,-1,-7],"size":[14,1,14],"uv":[31,48]},{"origin":[-8,-1,-8],"size":[16,13,1],"uv":[26,14]},{"origin":[-8,-1,7],"size":[16,13,1],"uv":[62,14]},{"origin":[-8,-1,-7],"size":[1,13,14],"uv":[0,36]},{"origin":[7,-1,-7],"size":[1,13,14],"uv":[0,36],"mirror":true},{"origin":[-9,12,-10],"size":[18,3,3],"uv":[0,0]},{"origin":[-9,12,7],"size":[18,3,3],"uv":[0,6]},{"origin":[-10,12,-9],"size":[3,3,18],"uv":[0,13]},{"origin":[7,12,-9],"size":[3,3,18],"uv":[0,13],"mirror":true},{"origin":[-9,15,-9],"size":[1,20,1],"uv":[0,82]},{"origin":[-9,15,8],"size":[1,20,1],"uv":[0,82]},{"origin":[8,15,-9],"size":[1,20,1],"uv":[0,82],"mirror":true},{"origin":[8,15,8],"size":[1,20,1],"uv":[0,82],"mirror":true},{"origin":[-12,35,-12],"size":[24,24,24],"uv":[0,80]}]}]}]}