{"format_version":"1.12.0","minecraft:geometry":[{"description":{"identifier":"geometry.hive.sky.spawn.vehicle.cloud","texture_width":64,"texture_height":64,"visible_bounds_width":3,"visible_bounds_height":1,"visible_bounds_offset":[0,0.5,0]},"bones":[{"name":"root","pivot":[0,0,0],"cubes":[{"origin":[-7,-8,-5],"size":[14,8,10],"uv":[0,0]},{"origin":[-11,-8,-4],"size":[4,6,8],"uv":[0,18]},{"origin":[7,-8,-4],"size":[4,6,8],"uv":[0,18],"mirror":true},{"origin":[-14,-8,-2.5],"size":[3,4,5],"uv":[0,32]},{"origin":[11,-8,-2.5],"size":[3,4,5],"uv":[0,32],"mirror":true}]}]}]}