{"format_version":"1.12.0","minecraft:geometry":[{"description":{"identifier":"geometry.hive.sky.spawn.vehicle.drone","texture_width":64,"texture_height":64,"visible_bounds_width":3,"visible_bounds_height":4,"visible_bounds_offset":[0,2,0]},"bones":[{"name":"root","pivot":[0,0,0],"cubes":[{"origin":[-3.5,24,-0.5],"size":[0,12,1],"uv":[0,32]},{"origin":[3.5,24,-0.5],"size":[0,12,1],"uv":[0,32],"mirror":true},{"origin":[-4,36,-3],"size":[1,1,6],"uv":[17,27]},{"origin":[3,36,-3],"size":[1,1,6],"uv":[17,27],"mirror":true},{"origin":[-4,37,2],"size":[1,3,1],"uv":[11,28]},{"origin":[3,37,2],"size":[1,3,1],"uv":[11,28],"mirror":true},{"origin":[-4,37,-3],"size":[1,3,1],"uv":[11,28]},{"origin":[3,37,-3],"size":[1,3,1],"uv":[11,28],"mirror":true},{"origin":[-4.5,40,-4.5],"size":[9,3,9],"uv":[0,9]},{"origin":[-2.5,43,-3.5],"size":[5,1,7],"uv":[0,0]},{"origin":[-6.5,41,-6.5],"size":[3,2,3],"uv":[37,16]},{"origin":[-6.5,41,3.5],"size":[3,2,3],"uv":[50,16]},{"origin":[3.5,41,-6.5],"size":[3,2,3],"uv":[37,16],"mirror":true},{"origin":[3.5,41,3.5],"size":[3,2,3],"uv":[50,16],"mirror":true},{"origin":[-7.5,41,-7.5],"size":[2,2,2],"uv":[0,22]},{"origin":[-7.5,41,5.5],"size":[2,2,2],"uv":[0,22]},{"origin":[5.5,41,-7.5],"size":[2,2,2],"uv":[0,22],"mirror":true},{"origin":[5.5,41,5.5],"size":[2,2,2],"uv":[0,22],"mirror":true},{"origin":[-7,43,-7],"size":[1,1,1],"uv":[9,24]},{"origin":[-7,43,6],"size":[1,1,1],"uv":[9,24]},{"origin":[6,43,-7],"size":[1,1,1],"uv":[9,24],"mirror":true},{"origin":[6,43,6],"size":[1,1,1],"uv":[9,24],"mirror":true},{"origin":[-9,44,-9],"size":[5,0,5],"uv":[9,21]},{"origin":[-9,44,4],"size":[5,0,5],"uv":[9,21]},{"origin":[4,44,-9],"size":[5,0,5],"uv":[9,21]},{"origin":[4,44,4],"size":[5,0,5],"uv":[9,21]},{"origin":[-0.5,39,-0.5],"size":[1,1,1],"uv":[9,24]},{"origin":[-1,37,-1.5],"size":[2,2,3],"uv":[0,27]}]}]}]}