{"minecraft:geometry":[{"description":{"identifier":"geometry.hive.sky.spawn.vehicle.ghastly","texture_width":128,"texture_height":128,"visible_bounds_width":3,"visible_bounds_height":5,"visible_bounds_offset":[0,0.5,0]},"bones":[{"name":"root","pivot":[0,0,0],"cubes":[{"origin":[-5,3,-5],"size":[10,2,14],"uv":[72,0]}]},{"name":"controlPanel","parent":"root","pivot":[0,-21,-1],"cubes":[{"origin":[-4,3,-11],"size":[0,6,6],"uv":[73,11]},{"origin":[4,3,-11],"size":[0,6,6],"uv":[73,11]}]},{"name":"controlPanel1","parent":"controlPanel","pivot":[0,9,-11],"rotation":[-15,0,0],"cubes":[{"origin":[-6,9,-11],"size":[12,2,7],"uv":[90,42]}]},{"name":"lever1","parent":"controlPanel1","pivot":[-3,11,-8],"cubes":[{"origin":[-4,10,-9],"size":[2,5,2],"uv":[97,28]}]},{"name":"lever2","parent":"controlPanel1","pivot":[3,11,-7],"cubes":[{"origin":[2,10,-8],"size":[2,5,2],"uv":[106,28]}]},{"name":"body","parent":"root","pivot":[0,3,0],"cubes":[{"origin":[-12,-21,-12],"size":[24,24,24],"uv":[0,0]},{"origin":[-12.5,3.5,-3],"size":[8,0,10],"uv":[0,99]},{"origin":[-12.5,-21.5,-3],"size":[0,25,10],"uv":[0,63]},{"origin":[4.5,3.5,-3],"size":[8,0,10],"uv":[0,99],"mirror":true},{"origin":[12.5,-21.5,-3],"size":[0,25,10],"uv":[0,63],"mirror":true},{"origin":[-12.5,-21.5,-3],"size":[25,0,10],"uv":[0,110]}],"locators":{"righteye":[-6,-8,-12],"lefteye":[6,-8,-12]}},{"name":"legs","parent":"body","pivot":[0,-21,0]},{"name":"leg1","parent":"legs","pivot":[-7,-21,-10],"rotation":[25,0,0],"cubes":[{"origin":[-9,-30,-10],"size":[4,9,4],"uv":[62,107]}]},{"name":"leg2","parent":"legs","pivot":[-7,-21,-2],"rotation":[25,0,0],"cubes":[{"origin":[-9,-30,-2],"size":[4,9,4],"uv":[62,107]}]},{"name":"leg3","parent":"legs","pivot":[-7,-21,6],"rotation":[25,0,0],"cubes":[{"origin":[-9,-30,6],"size":[4,9,4],"uv":[62,107]}]},{"name":"leg4","parent":"legs","pivot":[0,-21,-10],"rotation":[25,0,0],"cubes":[{"origin":[-2,-30,-10],"size":[4,9,4],"uv":[79,107]}]},{"name":"leg5","parent":"legs","pivot":[0,-21,-2],"rotation":[25,0,0],"cubes":[{"origin":[-2,-30,-2],"size":[4,9,4],"uv":[79,107]}]},{"name":"leg6","parent":"legs","pivot":[0,-21,6],"rotation":[25,0,0],"cubes":[{"origin":[-2,-30,6],"size":[4,9,4],"uv":[79,107]}]},{"name":"leg7","parent":"legs","pivot":[7,-21,-10],"rotation":[25,0,0],"cubes":[{"origin":[5,-30,-10],"size":[4,9,4],"uv":[62,107],"mirror":true}]},{"name":"leg8","parent":"legs","pivot":[7,-21,-2],"rotation":[25,0,0],"cubes":[{"origin":[5,-30,-2],"size":[4,9,4],"uv":[62,107],"mirror":true}]},{"name":"leg9","parent":"legs","pivot":[7,-21,6],"rotation":[25,0,0],"cubes":[{"origin":[5,-30,6],"size":[4,9,4],"uv":[62,107],"mirror":true}]},{"name":"saddlePieceRight","parent":"body","pivot":[-13.5,-8.5,2],"rotation":[45,0,0],"cubes":[{"origin":[-15,-14.5,-4],"size":[3,12,12],"uv":[0,48]}]},{"name":"saddlePieceRight2","parent":"body","pivot":[-13.5,-8.5,2],"rotation":[45,0,0],"cubes":[{"origin":[12,-14.5,-4],"size":[3,12,12],"uv":[0,48],"mirror":true}]}]}],"format_version":"1.12.0"}