{"format_version":"1.12.0","minecraft:geometry":[{"description":{"identifier":"geometry.hive.sky.spawn.vehicle.hearse","texture_width":128,"texture_height":128,"visible_bounds_width":12,"visible_bounds_height":4,"visible_bounds_offset":[0,1,0]},"bones":[{"name":"root","pivot":[0,0,0],"cubes":[{"origin":[-1,5,-8],"size":[2,2,1],"uv":[0,20]},{"origin":[-7,-1,-20],"size":[14,8,12],"uv":[0,0]},{"origin":[-7,-1,9],"size":[14,9,27],"uv":[0,83]},{"origin":[-10,8,10],"size":[20,9,26],"uv":[28,48]},{"origin":[-7,17,12],"size":[14,3,3],"pivot":[0,18.5,13.5],"rotation":[45,0,0],"uv":[0,24]},{"origin":[-7,17,17],"size":[14,4,17],"uv":[21,27]},{"origin":[-6,21,19],"size":[6,3,11],"uv":[84,0]},{"origin":[-10,19,18],"size":[3,3,15],"uv":[0,39]},{"origin":[7,19,18],"size":[3,3,6],"uv":[40,0]},{"origin":[7,19,27],"size":[3,3,6],"uv":[40,0]},{"origin":[2,21,28],"size":[3,4,3],"pivot":[3.5,23,29.5],"rotation":[0,-45,0],"uv":[0,0]},{"origin":[-12,-1,-4],"size":[5,9,13],"uv":[92,97]},{"origin":[7,-1,-4],"size":[5,9,13],"uv":[92,97],"mirror":true},{"origin":[-12,-1,-21],"size":[5,9,17],"uv":[57,0]},{"origin":[7,-1,-21],"size":[5,9,17],"uv":[57,0],"mirror":true},{"origin":[-12,-1,9],"size":[5,9,28],"uv":[54,91]},{"origin":[7,-1,9],"size":[5,9,28],"uv":[54,91],"mirror":true},{"origin":[12.01,-1,9],"size":[0,9,28],"uv":[0,29],"mirror":true},{"origin":[-12,-5,-13],"size":[5,4,8],"uv":[94,50]},{"origin":[7,-5,-13],"size":[5,4,8],"uv":[94,50],"mirror":true},{"origin":[7,-5,16],"size":[5,4,8],"uv":[94,62],"mirror":true},{"origin":[-12,-5,16],"size":[5,4,8],"uv":[94,62]},{"origin":[7,2,37],"size":[4,4,3],"uv":[0,46]},{"origin":[-11,2,37],"size":[4,4,3],"uv":[0,39]},{"origin":[-12,8,19],"size":[0,6,21],"uv":[55,64]},{"origin":[12,8,19],"size":[0,6,21],"uv":[55,63]},{"origin":[-10,3,22],"size":[0,19,6],"pivot":[-10,22,24],"rotation":[0,0,15],"uv":[0,76]},{"origin":[-12,8,-4],"size":[0,2,23],"uv":[0,103]},{"origin":[12,8,-4],"size":[0,2,23],"uv":[0,103]},{"origin":[-7,7,-8],"size":[14,6,0],"uv":[26,67]},{"origin":[-12,3,-22],"size":[5,3,1],"uv":[6,20]},{"origin":[7,3,-22],"size":[5,3,1],"uv":[0,7]},{"origin":[-7,-1,-8],"size":[14,1,17],"uv":[66,26]},{"origin":[-5,0,6],"size":[10,12,3],"uv":[0,67]},{"origin":[-3,3,-7],"size":[6,6,2],"uv":[58,0]}]}]}]}