{"format_version":"1.12.0","minecraft:geometry":[{"description":{"identifier":"geometry.hive.sky.spawn.vehicle.hoverboard","texture_width":64,"texture_height":64,"visible_bounds_width":3,"visible_bounds_height":1,"visible_bounds_offset":[0,0.5,0]},"bones":[{"name":"root","pivot":[0,0,0],"cubes":[{"origin":[-8,-1,-4],"size":[16,1,8],"uv":[0,0]},{"origin":[-10,-1,-3],"size":[2,1,6],"uv":[0,9]},{"origin":[8,-1,-3],"size":[2,1,6],"uv":[0,9],"mirror":true},{"origin":[-7,-2.5,-2],"size":[4,2,4],"uv":[0,17]},{"origin":[3,-2.5,-2],"size":[4,2,4],"uv":[0,17],"mirror":true},{"origin":[-7.5,-4,-2.5],"size":[5,0,5],"uv":[0,24]},{"origin":[2.5,-4,-2.5],"size":[5,0,5],"uv":[0,24]},{"origin":[-8.5,-6,-3.5],"size":[7,0,7],"uv":[0,30]},{"origin":[1.5,-6,-3.5],"size":[7,0,7],"uv":[0,30]}]}]}]}