{"format_version":"1.12.0","minecraft:geometry":[{"description":{"identifier":"geometry.hive.sky.spawn.vehicle.hovercar","texture_width":128,"texture_height":128,"visible_bounds_width":5,"visible_bounds_height":2,"visible_bounds_offset":[0,1,0]},"bones":[{"name":"root","pivot":[0,0,0],"cubes":[{"origin":[-7,-1,-20],"size":[14,8,12],"uv":[55,97]},{"origin":[-7,-1,9],"size":[14,11,13],"uv":[74,67]},{"origin":[-7,10,18],"size":[14,2,4],"uv":[0,105]},{"origin":[-7,10,13],"size":[14,1,5],"uv":[0,112]},{"origin":[-12,-1,-21],"size":[5,9,43],"uv":[0,76]},{"origin":[-11.5,2,22],"size":[4,4,3],"uv":[114,121]},{"origin":[7.5,2,22],"size":[4,4,3],"uv":[114,121],"mirror":true},{"origin":[7,-1,-21],"size":[5,9,43],"uv":[0,76],"mirror":true},{"origin":[-12,8,7],"size":[0,8,18],"uv":[0,53]},{"origin":[12,8,7],"size":[0,8,18],"uv":[0,53],"mirror":true},{"origin":[-14,-4,-17],"size":[8,5,8],"uv":[0,91]},{"origin":[6,-4,-17],"size":[8,5,8],"uv":[0,91],"mirror":true},{"origin":[-14,-4,9.01],"size":[8,5,8],"uv":[0,91]},{"origin":[6,-4,9.01],"size":[8,5,8],"uv":[0,91],"mirror":true},{"origin":[-7,7,-8],"size":[14,6,0],"uv":[0,82]},{"origin":[-4,2,22],"size":[8,8,5],"uv":[102,94]},{"origin":[-12,3,-22],"size":[5,3,1],"uv":[98,124]},{"origin":[7,3,-22],"size":[5,3,1],"uv":[98,124]},{"origin":[-7,-1,-8],"size":[14,1,17],"uv":[66,48]},{"origin":[-5,0,6],"size":[10,12,3],"uv":[55,65]},{"origin":[-3,3,-7],"size":[6,6,2],"uv":[26,89]},{"origin":[-1,5,-8],"size":[2,2,1],"uv":[34,101]}]}]}]}