{"minecraft:geometry":[{"description":{"identifier":"geometry.hive.sky.spawn.vehicle.hoverbike","texture_width":128,"texture_height":128,"visible_bounds_width":6,"visible_bounds_height":4,"visible_bounds_offset":[0,1,0]},"bones":[{"name":"root","pivot":[0,-7,0]},{"name":"body","parent":"root","pivot":[0,6,0]},{"name":"mainBody","parent":"body","pivot":[3,-1.5,-13],"cubes":[{"origin":[-3,9,-24],"size":[6,6,6],"uv":[76,20]},{"origin":[-6,0,-17],"size":[12,9,13],"uv":[0,0]},{"origin":[-6,0,8],"size":[12,8,12],"pivot":[0,0,8],"rotation":[26.5,0,0],"uv":[0,62]},{"origin":[-4,-4,-15],"size":[8,4,18],"uv":[0,40]},{"origin":[-5,0,-4],"size":[10,6,12],"uv":[0,22]},{"origin":[-4,0,8],"size":[8,6,9],"uv":[49,67]},{"origin":[-7,-6,-27],"size":[14,6,12],"uv":[50,0]},{"origin":[-7,-6,3],"size":[14,6,12],"uv":[50,0]}]},{"name":"hoverRings","parent":"mainBody","pivot":[0,-2,0]},{"name":"hoverRing1","parent":"hoverRings","pivot":[0,-10,-21],"cubes":[{"origin":[-6,-10,-27],"size":[12,0,12],"uv":[38,19]}]},{"name":"hoverRing2","parent":"hoverRings","pivot":[0,-10,-21],"cubes":[{"origin":[-6,-10,-27],"size":[12,0,12],"uv":[38,19]}]},{"name":"hoverRing3","parent":"hoverRings","pivot":[0,-10,9],"cubes":[{"origin":[-6,-10,3],"size":[12,0,12],"uv":[38,19]}]},{"name":"hoverRing4","parent":"hoverRings","pivot":[0,-10,9],"cubes":[{"origin":[-6,-10,3],"size":[12,0,12],"uv":[38,19]}]},{"name":"leftBooster","parent":"mainBody","pivot":[4,-1.4,-12],"rotation":[0,40,0],"cubes":[{"origin":[0,-3.97,-12],"size":[4,4,10],"uv":[36,42],"mirror":true}]},{"name":"leftFlame","parent":"leftBooster","pivot":[4,-1.4,-2],"cubes":[{"origin":[2,-3.97,-2],"size":[0,4,5],"uv":[55,42],"mirror":true},{"origin":[0,-1.97,-2],"size":[4,0,5],"uv":[50,41],"mirror":true}]},{"name":"rightBooster","parent":"mainBody","pivot":[-4,-1.4,-12],"rotation":[0,-40,0],"cubes":[{"origin":[-4,-3.97,-12],"size":[4,4,10],"uv":[36,42]}]},{"name":"rightFlame","parent":"rightBooster","pivot":[-4,-1.4,-2],"cubes":[{"origin":[-2,-3.97,-2],"size":[0,4,5],"uv":[55,42]},{"origin":[-4,-1.97,-2],"size":[4,0,5],"uv":[50,41]}]},{"name":"handlebars","parent":"mainBody","pivot":[0,0,-26],"rotation":[-27.5,0,0],"cubes":[{"origin":[-2,0,-26],"size":[4,21,2],"uv":[0,83]},{"origin":[-2,0,-24],"size":[4,14,6],"uv":[14,83]},{"origin":[-7,21,-26],"size":[14,2,2],"uv":[71,33]},{"origin":[4,23,-25],"size":[6,5,0],"uv":[0,0]},{"origin":[-10,23,-25],"size":[6,5,0],"uv":[0,0],"mirror":true},{"origin":[-13,21,-26],"size":[6,2,2],"pivot":[-7,22,-26],"rotation":[0,50,0],"uv":[72,39]},{"origin":[-13,19,-25],"size":[5,2,0],"pivot":[-7,22,-26],"rotation":[0,50,0],"uv":[89,38]},{"origin":[7,21,-26],"size":[6,2,2],"pivot":[7,22,-26],"rotation":[0,-50,0],"uv":[72,39],"mirror":true},{"origin":[8,19,-25],"size":[5,2,0],"pivot":[7,22,-26],"rotation":[0,-50,0],"uv":[89,38],"mirror":true}]}]}],"format_version":"1.12.0"}