{"format_version":"1.12.0","minecraft:geometry":[{"description":{"identifier":"geometry.hive.sky.spawn.vehicle.parachute","texture_width":64,"texture_height":64,"visible_bounds_width":3,"visible_bounds_height":4,"visible_bounds_offset":[0,2,0]},"bones":[{"name":"root","pivot":[0,0,0],"cubes":[{"origin":[-7,24,-2],"size":[1,3,4],"uv":[6,42]},{"origin":[6,24,-2],"size":[1,3,4],"uv":[6,42],"mirror":true},{"origin":[-8,27,-2],"size":[1,5,1],"uv":[0,50]},{"origin":[7,27,-2],"size":[1,5,1],"uv":[0,50],"mirror":true},{"origin":[-8,27,1],"size":[1,5,1],"uv":[0,50]},{"origin":[7,27,1],"size":[1,5,1],"uv":[0,50],"mirror":true},{"origin":[-9,32,-3],"size":[1,5,1],"uv":[0,43]},{"origin":[8,32,-3],"size":[1,5,1],"uv":[0,43],"mirror":true},{"origin":[-9,32,2],"size":[1,5,1],"uv":[0,43]},{"origin":[8,32,2],"size":[1,5,1],"uv":[0,43],"mirror":true},{"origin":[-16,37,-7],"size":[10,7,14],"uv":[0,21]},{"origin":[-8,39,-7],"size":[16,7,14],"uv":[0,0]},{"origin":[6,37,-7],"size":[10,7,14],"uv":[0,21],"mirror":true}]}]}]}