{"format_version":"1.12.0","minecraft:geometry":[{"description":{"identifier":"geometry.hive.sky.spawn.vehicle.sleigh","texture_width":128,"texture_height":128,"visible_bounds_width":12,"visible_bounds_height":4,"visible_bounds_offset":[0,1,0]},"bones":[{"name":"root","pivot":[0,0,0],"cubes":[{"origin":[3,2,-16],"size":[4,13,0],"pivot":[5,15,-16],"rotation":[-15,0,0],"uv":[0,22]},{"origin":[-11,7,13],"size":[22,10,12],"uv":[0,0]},{"origin":[-7,17,13],"size":[14,0,10],"pivot":[0,17,13],"rotation":[30,0,0],"uv":[36,32]},{"origin":[-11,-2,13],"size":[22,9,5],"uv":[0,65]},{"origin":[0,-2,-7],"size":[11,2,20],"uv":[0,22]},{"origin":[-11,-2,-7],"size":[11,2,20],"uv":[0,22],"mirror":true},{"origin":[-12,-12,-26],"size":[0,14,51],"pivot":[-12,-3,0],"rotation":[0,0,30],"uv":[0,0]},{"origin":[12,-12,-26],"size":[0,14,51],"pivot":[12,-3,0],"rotation":[0,0,-30],"uv":[0,0],"mirror":true},{"origin":[-11,0,3],"size":[3,12,10],"uv":[44,78]},{"origin":[8,0,-7],"size":[3,7,10],"uv":[70,78],"mirror":true},{"origin":[-11,0,-7],"size":[3,7,10],"uv":[70,78]},{"origin":[-8,3,5],"size":[16,3,8],"uv":[56,0]},{"origin":[8,0,3],"size":[3,12,10],"uv":[44,78],"mirror":true},{"origin":[-11,-2,-11],"size":[22,9,4],"uv":[54,65]},{"origin":[-11,7,-16],"size":[22,8,9],"uv":[59,13]},{"origin":[-6,9,-7],"size":[12,6,0],"pivot":[0,15,-7],"rotation":[30,0,0],"uv":[89,42]},{"origin":[-7,2,-16],"size":[4,13,0],"pivot":[-6,15,-16],"rotation":[-15,0,0],"uv":[0,22]}]}]}]}