{"format_version":"1.12.0","minecraft:geometry":[{"description":{"identifier":"geometry.hive.sky.spawn.vehicle.solar.orbit","texture_width":64,"texture_height":64,"visible_bounds_width":12,"visible_bounds_height":4,"visible_bounds_offset":[0,1,0]},"bones":[{"name":"root","pivot":[0,0,0]},{"name":"solarSystem","parent":"root","pivot":[0,0,0]},{"name":"planets","parent":"solarSystem","pivot":[0,0,0]},{"name":"planetInner","parent":"planets","pivot":[0,-6,0],"rotation":[0,60,0]},{"name":"rotate2","parent":"planetInner","pivot":[-13.5,-6,-0.5],"cubes":[{"origin":[-16,-9,-3],"size":[5,5,5],"uv":[37,0]}]},{"name":"planetMiddle","parent":"planets","pivot":[0,-6,0],"rotation":[0,-2.5,0]},{"name":"rotate","parent":"planetMiddle","pivot":[-22,-6,0],"cubes":[{"origin":[-25,-10,-4],"size":[7,7,7],"uv":[0,25]}]},{"name":"planetMidMoon","parent":"rotate","pivot":[-21.5,-6.5,-0.5],"rotation":[-2.5,0,0],"cubes":[{"origin":[-22.5,-1,-1.5],"size":[2,2,2],"uv":[6,40]}]},{"name":"planetOuter","parent":"planets","pivot":[0,-6,0],"rotation":[0,-2.5,0]},{"name":"rotate3","parent":"planetOuter","pivot":[-28.5,-6.5,0],"cubes":[{"origin":[-30,-8,-2],"size":[3,3,3],"uv":[22,25]}]},{"name":"rocketShip","parent":"planets","pivot":[0,-6,0],"rotation":[0,2.5,20]},{"name":"orbit","parent":"rocketShip","pivot":[2,-6,0]},{"name":"rocket","parent":"orbit","pivot":[20,-4,1],"cubes":[{"origin":[18,-6,-7],"size":[4,4,8],"uv":[29,25]},{"origin":[19,-5,-9],"size":[2,2,2],"pivot":[20,-4,-7.5],"rotation":[0,0,45],"uv":[15,40]},{"origin":[20,-10,-1],"size":[0,4,5],"pivot":[20,-6,1],"rotation":[-15,0,0],"uv":[0,0],"mirror":true},{"origin":[20,-2,-1],"size":[0,4,5],"pivot":[20,-2,1],"rotation":[15,0,0],"uv":[0,40],"mirror":true}]},{"name":"exhaustFlame","parent":"rocket","pivot":[20,-4,1],"cubes":[{"origin":[18,-4,1],"size":[4,0,5],"pivot":[20,-4,3.5],"rotation":[0,0,-45],"uv":[24,38]},{"origin":[20,-6,1],"size":[0,4,5],"pivot":[20,-4,3.5],"rotation":[0,0,-45],"uv":[38,39]}]},{"name":"sun","parent":"planets","pivot":[0,-6,0],"cubes":[{"origin":[-6,-12,-6],"size":[12,12,12],"uv":[0,0]}],"locators":{"sun":[0,-6,0]}}]}]}