{"format_version":"1.12.0","minecraft:geometry":[{"description":{"identifier":"geometry.hive.sky.spawn.vehicle.ufo","texture_width":128,"texture_height":128,"visible_bounds_width":4,"visible_bounds_height":2,"visible_bounds_offset":[0,1,0]},"bones":[{"name":"root","pivot":[0,0,0],"cubes":[{"origin":[-1,-4,0],"size":[1,1,1],"uv":[0,0]},{"origin":[-8,-5,-8],"size":[16,2,16],"uv":[0,74]},{"origin":[-13,-3,-13],"size":[26,3,26],"uv":[0,44]},{"origin":[-12,-7,-12],"size":[24,0,24],"uv":[22,104]},{"origin":[-15,0,-18],"size":[30,10,5],"uv":[0,0]},{"origin":[-18,0,-15],"size":[5,10,30],"uv":[41,3]},{"origin":[13,0,-15],"size":[5,10,30],"uv":[41,3],"mirror":true},{"origin":[-15,0,13],"size":[30,10,5],"uv":[0,16]},{"origin":[-8,0,-12],"size":[16,8,6],"uv":[0,94]},{"origin":[-3,2,-20],"size":[6,6,2],"uv":[0,33]},{"origin":[-3,2,18],"size":[6,6,2],"uv":[0,55]},{"origin":[-12,2,-20],"size":[6,6,2],"uv":[0,33]},{"origin":[-12,2,18],"size":[6,6,2],"uv":[0,55]},{"origin":[6,2,-20],"size":[6,6,2],"uv":[0,33]},{"origin":[6,2,18],"size":[6,6,2],"uv":[0,55]},{"origin":[18,2,-3],"size":[2,6,6],"uv":[0,42]},{"origin":[-20,2,-3],"size":[2,6,6],"uv":[0,42],"mirror":true},{"origin":[18,2,-12],"size":[2,6,6],"uv":[0,42]},{"origin":[-20,2,-12],"size":[2,6,6],"uv":[0,42],"mirror":true},{"origin":[18,2,6],"size":[2,6,6],"uv":[0,42]},{"origin":[-20,2,6],"size":[2,6,6],"uv":[0,42],"mirror":true}]}]}]}