{"format_version":"1.12.0","minecraft:geometry":[{"description":{"identifier":"geometry.hive.sky.spawn.vehicle.umbrella","texture_width":64,"texture_height":64,"visible_bounds_width":4,"visible_bounds_height":4,"visible_bounds_offset":[0,2,0]},"bones":[{"name":"root","pivot":[0,0,0]},{"name":"mass","parent":"root","pivot":[-1,15,-4],"cubes":[{"origin":[-3,36,-1],"size":[6,1,6],"uv":[0,11]},{"origin":[-0.5,18,1.5],"size":[1,18,1],"uv":[55,0]},{"origin":[-5,35,-3],"size":[10,1,10],"uv":[0,18]},{"origin":[-7,34,-5],"size":[14,1,14],"uv":[0,29]},{"origin":[-8,30,-6],"size":[16,4,16],"uv":[0,44]}]}]}]}