{"minecraft:geometry":[{"description":{"identifier":"geometry.hive.pets.cubee","texture_width":64,"texture_height":64,"visible_bounds_width":3,"visible_bounds_height":2.5,"visible_bounds_offset":[0,0.75,0]},"bones":[{"name":"root","pivot":[0,1,0]},{"name":"rotation","parent":"root","pivot":[0,16,0]},{"name":"bee","parent":"rotation","pivot":[0,1,0],"cubes":[{"origin":[-4,1,-4],"size":[8,8,8],"uv":[0,0]}]},{"name":"wings","parent":"bee","pivot":[0,5,0]},{"name":"rightWing","parent":"wings","pivot":[-4,4.5,-1],"rotation":[0,45,0],"cubes":[{"origin":[-10,3,-1],"size":[6,5,0],"uv":[24,1],"mirror":true}]},{"name":"leftWing","parent":"wings","pivot":[4,4.5,-1],"rotation":[0,-45,0],"cubes":[{"origin":[4,3,-1],"size":[6,5,0],"uv":[24,1]}]},{"name":"eyes","parent":"bee","pivot":[0,2,-4.1]},{"name":"rightEye","parent":"eyes","pivot":[-2,3,-4.1],"cubes":[{"origin":[-3,2,-4.02],"size":[1,3,0],"uv":[45,13]}]},{"name":"leftEye","parent":"eyes","pivot":[2,3,-4.1],"cubes":[{"origin":[2,2,-4.02],"size":[1,3,0],"uv":[45,13],"mirror":true}]},{"name":"rightAntenna","parent":"bee","pivot":[-2,7,-4],"rotation":[0,10,0],"cubes":[{"origin":[-2,7,-7],"size":[0,4,3],"uv":[0,0]}]},{"name":"leftAntenna","parent":"bee","pivot":[2,7,-4],"rotation":[0,-10,0],"cubes":[{"origin":[2,7,-7],"size":[0,4,3],"uv":[0,0],"mirror":true}]},{"name":"stinger","parent":"bee","pivot":[0,6,4],"cubes":[{"origin":[-2,2,4],"size":[4,4,2],"uv":[32,10]},{"origin":[0,2,6],"size":[0,3,2],"uv":[0,17]}]},{"name":"rightLegs","parent":"bee","pivot":[-2,1,0],"rotation":[0,0,25],"cubes":[{"origin":[-2,0,-2],"size":[0,1,5],"uv":[28,17]}]},{"name":"leftLegs","parent":"bee","pivot":[2,1,0],"rotation":[0,0,-25],"cubes":[{"origin":[2,0,-2],"size":[0,1,5],"uv":[28,17],"mirror":true}]}]}],"format_version":"1.12.0"}