{"format_version":"1.10.0","animation_controllers":{"controller.animation.hive.territory.powerup.spin":{"states":{"spin":{"animations":["spin"]}}},"controller.animation.hive.territory.powerup.idle":{"states":{"default":{"animations":["idle"]}}},"controller.animation.hive.territory.powerup.spawn":{"states":{"default":{"animations":["waiting"],"transitions":[{"spawn":"query.distance_from_camera \u003c\u003d 64"}]},"spawn":{"animations":["spawn"],"transitions":[{"despawn":"query.distance_from_camera \u003e 64"}]},"despawn":{"animations":["despawn"],"transitions":[{"spawn":"query.distance_from_camera \u003c\u003d 64"}]}}}}}