{"format_version":"1.10.0","particle_effect":{"description":{"identifier":"hivebridge:confetti","basic_render_parameters":{"material":"particles_alpha","texture":"textures/particle/particles"}},"components":{"minecraft:emitter_rate_instant":{"num_particles":50},"minecraft:emitter_lifetime_once":{"active_time":3},"minecraft:emitter_shape_box":{"offset":[0,3,0],"half_dimensions":[0.5,2,0.5],"direction":["math.random(-2,2)",0.2,"math.random(-2,2)"]},"minecraft:particle_lifetime_expression":{"max_lifetime":3.5},"minecraft:particle_initial_spin":{"rotation":"variable.particle_random_3*360","rotation_rate":"variable.particle_random_2*40"},"minecraft:particle_initial_speed":8,"minecraft:particle_motion_dynamic":{"linear_acceleration":[0,-3,0],"linear_drag_coefficient":3},"minecraft:particle_appearance_billboard":{"size":["(1-(variable.particle_age/variable.particle_lifetime))*0.5","(1-(variable.particle_age/variable.particle_lifetime))*0.5"],"facing_camera_mode":"rotate_xyz","uv":{"texture_width":128,"texture_height":128,"uv":[0,0],"uv_size":[8,8]}},"minecraft:particle_motion_collision":{"collision_radius":0.1},"minecraft:particle_appearance_tinting":{"color":{"interpolant":"variable.particle_random_1","gradient":{"0.0":"#FFFF5D5D","0.23":"#FFF5FF32","0.5":"#FF00FF05","0.74":"#FF7479FF","1.0":"#FFFF5CC0"}}}}}}