{"format_version":"1.10.0","particle_effect":{"description":{"identifier":"hivebridge:score_red","basic_render_parameters":{"material":"particles_alpha","texture":"textures/particle/particles"}},"components":{"minecraft:emitter_initialization":{"creation_expression":"variable.size \u003d 0.4;"},"minecraft:emitter_rate_instant":{"num_particles":100},"minecraft:emitter_lifetime_looping":{"active_time":1},"minecraft:emitter_shape_box":{"half_dimensions":[1,0.5,1],"direction":[0,1,0]},"minecraft:particle_lifetime_expression":{"max_lifetime":"Math.random(1, 1.4)"},"minecraft:particle_initial_speed":"1 + variable.particle_random_1 * 10","minecraft:particle_motion_dynamic":{"linear_drag_coefficient":0.6},"minecraft:particle_appearance_billboard":{"size":["(1-(variable.particle_age / variable.particle_lifetime)) * variable.size","(1-(variable.particle_age / variable.particle_lifetime)) * variable.size"],"facing_camera_mode":"lookat_xyz","uv":{"texture_width":128,"texture_height":128,"uv":[0,0],"uv_size":[8,8]}},"minecraft:particle_appearance_tinting":{"color":{"interpolant":"variable.particle_age / variable.particle_lifetime","gradient":{"0.0":"#FFC62321","0.37":"#FFFF6C56","0.57":"#FFFFB2B2","1.0":"#FF701111"}}}}}}