{"format_version":"1.12.0","minecraft:geometry":[{"description":{"identifier":"geometry.hive.bridge.arrow","texture_width":64,"texture_height":64,"visible_bounds_width":3,"visible_bounds_height":4,"visible_bounds_offset":[0,1,0]},"bones":[{"name":"root","pivot":[0,14,0]},{"name":"arrow","parent":"root","pivot":[0,0,0],"cubes":[{"origin":[0,0,-3],"size":[15,6,6],"pivot":[0,0,0],"rotation":[0,0,-45],"uv":[0,0]},{"origin":[0,6,-3],"size":[6,9,6],"pivot":[0,0,0],"rotation":[0,0,-45],"uv":[24,12]},{"origin":[-4,8,-2],"size":[8,18,4],"uv":[0,12]}]}]}]}