{"format_version":"1.12.0","minecraft:geometry":[{"description":{"identifier":"geometry.hive.bridge.trapdoor","texture_width":62,"texture_height":48,"visible_bounds_width":5,"visible_bounds_height":3,"visible_bounds_offset":[0,0.5,0]},"bones":[{"name":"root","pivot":[0,-2,0]},{"name":"leftDoor","parent":"root","pivot":[-24,0,0],"cubes":[{"origin":[-7,-2,-24],"size":[7,2,48],"uv":{"north":{"uv":[31,10],"uv_size":[-7,2]},"east":{"uv":[14,36],"uv_size":[48,2]},"south":{"uv":[24,10],"uv_size":[7,2]},"west":{"uv":[14,34],"uv_size":[48,2]},"up":{"uv":[0,0],"uv_size":[7,48]},"down":{"uv":[0,48],"uv_size":[7,-48]}}},{"origin":[-24,-2,-24],"size":[7,2,48],"uv":{"north":{"uv":[7,0],"uv_size":[1,4]},"east":{"uv":[7,0],"uv_size":[1,5]},"south":{"uv":[7,0],"uv_size":[1,3]},"west":{"uv":[14,36],"uv_size":[48,2]},"up":{"uv":[7,0],"uv_size":[7,48]},"down":{"uv":[7,48],"uv_size":[7,-48]}}},{"origin":[-17,-2,8],"size":[10,2,16],"uv":{"north":{"uv":[24,8],"uv_size":[10,2]},"south":{"uv":[7,0],"uv_size":[1,2]},"up":{"uv":[14,16],"uv_size":[10,16]},"down":{"uv":[14,32],"uv_size":[10,-16]}}},{"origin":[-19,0,11],"size":[14,1,8],"pivot":[-12,0,11],"rotation":[-4,0,0],"uv":{"north":{"uv":[24,12],"uv_size":[14,1]},"east":{"uv":[24,14],"uv_size":[8,1]},"south":{"uv":[24,13],"uv_size":[14,1]},"west":{"uv":[24,15],"uv_size":[8,1]},"up":{"uv":[24,0],"uv_size":[14,8]}}},{"origin":[-19,0,-19],"size":[14,1,8],"pivot":[-12,0,-11],"rotation":[4,0,0],"uv":{"north":{"uv":[38,13],"uv_size":[-14,1]},"east":{"uv":[32,14],"uv_size":[-8,1]},"south":{"uv":[38,12],"uv_size":[-14,1]},"west":{"uv":[32,15],"uv_size":[-8,1]},"up":{"uv":[24,8],"uv_size":[14,-8]}}},{"origin":[-17,-2,-24],"size":[10,2,16],"uv":{"north":{"uv":[8,0],"uv_size":[-1,2]},"south":{"uv":[34,8],"uv_size":[-10,2]},"up":{"uv":[14,32],"uv_size":[10,-16]},"down":{"uv":[14,16],"uv_size":[10,16]}}}]},{"name":"leftWindow","parent":"leftDoor","pivot":[0,-2,0],"cubes":[{"origin":[-17,-1,-8],"size":[10,0,16],"uv":{"up":{"uv":[14,0],"uv_size":[10,16]},"down":{"uv":[24,0],"uv_size":[-10,16]}}}]},{"name":"rightDoor","parent":"root","pivot":[24,0,0],"cubes":[{"origin":[0,-2,-24],"size":[7,2,48],"uv":{"north":{"uv":[24,10],"uv_size":[7,2]},"east":{"uv":[62,34],"uv_size":[-48,2]},"south":{"uv":[31,10],"uv_size":[-7,2]},"west":{"uv":[62,36],"uv_size":[-48,2]},"up":{"uv":[7,0],"uv_size":[-7,48]},"down":{"uv":[7,48],"uv_size":[-7,-48]}}},{"origin":[17,-2,-24],"size":[7,2,48],"uv":{"north":{"uv":[8,0],"uv_size":[-1,4]},"east":{"uv":[62,36],"uv_size":[-48,2]},"south":{"uv":[8,0],"uv_size":[-1,3]},"west":{"uv":[8,0],"uv_size":[-1,5]},"up":{"uv":[14,0],"uv_size":[-7,48]},"down":{"uv":[14,48],"uv_size":[-7,-48]}}},{"origin":[7,-2,8],"size":[10,2,16],"uv":{"north":{"uv":[34,8],"uv_size":[-10,2]},"south":{"uv":[8,0],"uv_size":[-1,2]},"up":{"uv":[24,16],"uv_size":[-10,16]},"down":{"uv":[24,32],"uv_size":[-10,-16]}}},{"origin":[5,0,11],"size":[14,1,8],"pivot":[12,0,11],"rotation":[-4,0,0],"uv":{"north":{"uv":[38,12],"uv_size":[-14,1]},"east":{"uv":[32,15],"uv_size":[-8,1]},"south":{"uv":[38,13],"uv_size":[-14,1]},"west":{"uv":[32,14],"uv_size":[-8,1]},"up":{"uv":[38,0],"uv_size":[-14,8]}}},{"origin":[5,0,-19],"size":[14,1,8],"pivot":[12,0,-11],"rotation":[4,0,0],"uv":{"north":{"uv":[24,13],"uv_size":[14,1]},"east":{"uv":[24,15],"uv_size":[8,1]},"south":{"uv":[24,12],"uv_size":[14,1]},"west":{"uv":[24,14],"uv_size":[8,1]},"up":{"uv":[38,8],"uv_size":[-14,-8]}}},{"origin":[7,-2,-24],"size":[10,2,16],"uv":{"north":{"uv":[7,0],"uv_size":[1,2]},"south":{"uv":[24,8],"uv_size":[10,2]},"up":{"uv":[24,32],"uv_size":[-10,-16]},"down":{"uv":[24,16],"uv_size":[-10,16]}}}]},{"name":"rightWindow","parent":"rightDoor","pivot":[0,-2,0],"cubes":[{"origin":[7,-1,-8],"size":[10,0,16],"uv":{"up":{"uv":[24,0],"uv_size":[-10,16]},"down":{"uv":[14,0],"uv_size":[10,16]}}}]}]}]}