{"format_version":"1.8.0","animations":{"animation.hive.sky.spawn.vehicle.solar.orbit.idle":{"loop":true,"animation_length":12,"bones":{"rocketShip":{"rotation":{"0.0":[0,0,0],"12.0":[0,720,0]}},"orbit":{"rotation":[0,0,0]},"planetInner":{"rotation":{"0.0":[0,0,0],"12.0":[0,-360,0]}},"planetMiddle":{"rotation":{"0.0":[0,0,20],"12.0":[0,720,20]}},"planetMidMoon":{"rotation":{"0.0":[0,0,0],"12.0":[0,0,1080]}},"planetOuter":{"rotation":{"0.0":[0,0,-10],"12.0":[0,-360,-10]}},"rocket":{"rotation":{"0.0":[0,0,0],"12.0":[0,0,-720]}},"rotate":{"rotation":{"0.0":[0,0,0],"12.0":[0,-1080,0]}},"rotate2":{"rotation":{"0.0":[0,0,0],"12.0":[0,-360,0]}},"rotate3":{"rotation":{"0.0":[0,0,0],"12.0":[0,720,0]}}},"particle_effects":{"0.0":{"effect":"hive:solar_stars","locator":"sun"}}},"animation.hive.sky.spawn.vehicle.solar.orbit.rocket":{"loop":true,"animation_length":0.28,"bones":{"exhaustFlame":{"scale":{"0.0":[1,1,1],"0.08":[1,1,0.5],"0.12":[1,1,1],"0.2":[1,1,0.6333],"0.24":[1,1,1.2]}},"rocket":{"position":{"0.0":[0,0,0],"0.08":[0,-0.25,0],"0.16":[0,-0.05,0],"0.2":[0,-0.225,0],"0.28":[0,0.045,0]}}}}}}