{"format_version":"1.10.0","particle_effect":{"description":{"identifier":"hivewars:chorus_tp","basic_render_parameters":{"material":"particles_blend","texture":"textures/particle/particles"}},"components":{"minecraft:emitter_initialization":{"creation_expression":"variable.size \u003d 0.1;variable.lifetime \u003d 1;"},"minecraft:emitter_rate_steady":{"spawn_rate":60,"max_particles":250},"minecraft:emitter_lifetime_once":{"active_time":2},"minecraft:emitter_shape_point":{"offset":["math.cos(600*variable.emitter_age)*0.7","variable.emitter_age","math.sin(600*variable.emitter_age)*0.7"],"direction":["math.random(-4,4)","math.random(-4,4)","math.random(-4,4)"]},"minecraft:particle_lifetime_expression":{"max_lifetime":"variable.lifetime"},"minecraft:particle_initial_spin":{"rotation_rate":200},"minecraft:particle_initial_speed":0.2,"minecraft:particle_motion_dynamic":{"linear_acceleration":[0,0.5,0],"linear_drag_coefficient":1,"rotation_acceleration":7},"minecraft:particle_appearance_billboard":{"size":["variable.size*(variable.lifetime-variable.particle_age)","variable.size*(variable.lifetime-variable.particle_age)"],"facing_camera_mode":"rotate_xyz","uv":{"texture_width":128,"texture_height":128,"flipbook":{"base_UV":[40,0],"size_UV":[8,8],"step_UV":[-8,0],"max_frame":4,"stretch_to_lifetime":true}}},"minecraft:particle_appearance_tinting":{"color":["Math.clamp(Math.clamp(Math.clamp(0.6+((variable.particle_random_2*0.4))-0.2, 0, 1), 0, 1), 0, 1)","Math.clamp(Math.clamp(Math.clamp(0.3+((variable.particle_random_2*0.4)-0.2), 0, 1), 0, 1), 0, 1)","Math.clamp(Math.clamp(Math.clamp(0.7+((variable.particle_random_2*0.4)-0.2), 0, 1), 0, 1), 0, 1)",1]}}}}