{"minecraft:geometry":[{"description":{"identifier":"geometry.hive.hub.arcade.clerk.human","texture_width":128,"texture_height":128,"visible_bounds_width":5,"visible_bounds_height":6,"visible_bounds_offset":[0,2,0]},"bones":[{"name":"root","pivot":[0,0,0]},{"name":"npc","parent":"root","pivot":[0,0,0]},{"name":"rightLeg","parent":"npc","pivot":[-1.9,12,0],"cubes":[{"origin":[-3.9,0,-2],"size":[4,12,4],"uv":[46,16]},{"origin":[-4.9,4,-3],"size":[5,3,6],"uv":[21,32]},{"origin":[-3.9,0,-4],"size":[4,3,2],"uv":[38,32]}]},{"name":"leftLeg","parent":"npc","pivot":[1.9,12,0],"cubes":[{"origin":[-0.1,0,-2],"size":[4,12,4],"uv":[46,16],"mirror":true},{"origin":[-0.1,0,-4],"size":[4,3,2],"uv":[38,32],"mirror":true},{"origin":[-0.1,4,-3],"size":[5,3,6],"uv":[21,32],"mirror":true}]},{"name":"waist","parent":"npc","pivot":[0,12,0]},{"name":"body","parent":"waist","pivot":[0,24,0],"cubes":[{"origin":[-4,12,-2],"size":[8,12,4],"uv":[0,0]}]},{"name":"head","parent":"body","pivot":[0,24,0],"cubes":[{"origin":[-4,24,-4],"size":[8,8,8],"uv":[0,16]},{"origin":[1.25,28.5,-4.25],"size":[3,4,0],"pivot":[2.25,31.5,-4.25],"rotation":[0,0,5],"uv":[24,17]},{"origin":[-5.5,29.5,-5],"size":[3,3,0],"pivot":[-0.5,32.5,-4],"rotation":[0,0,-9.5],"uv":[24,11]},{"origin":[-4.5,30.5,-5],"size":[5,3,2],"pivot":[-0.5,32.5,-4],"rotation":[0,0,-9.5],"uv":[24,6]}]},{"name":"translucent","parent":"head","pivot":[0,0,0],"cubes":[{"origin":[-4,25,-4],"size":[8,3,4],"inflate":0.3,"uv":[33,68]}]},{"name":"eyes","parent":"head","pivot":[0,25,-4.05]},{"name":"rightEye","parent":"eyes","pivot":[-2,25,-4.05],"cubes":[{"origin":[-3,25,-4.05],"size":[2,3,0],"uv":[33,75]}]},{"name":"rightPupil","parent":"rightEye","pivot":[-1.5,26,-4.1],"cubes":[{"origin":[-2,25,-4.1],"size":[1,3,0],"uv":[41,76]}]},{"name":"leftEye","parent":"eyes","pivot":[2,25,-4.05],"cubes":[{"origin":[1,25,-4.05],"size":[2,3,0],"uv":[37,75]}]},{"name":"leftPupil","parent":"leftEye","pivot":[1.5,26,-4.1],"cubes":[{"origin":[1,25,-4.1],"size":[1,3,0],"uv":[44,76]}]},{"name":"female","parent":"head","pivot":[0,32,2],"cubes":[{"origin":[-5,29,-6],"size":[7,4,3],"pivot":[0,32,-4.5],"rotation":[0,0,-7.5],"uv":[0,83]},{"origin":[-6,28,-5.999],"size":[4,2,0],"pivot":[0,32,-4.5],"rotation":[0,0,-7.5],"uv":[18,83]},{"origin":[2.5,29,-4.5],"size":[3,4,0],"pivot":[4,32,-4.5],"rotation":[-3,-3,-9],"uv":[21,86]},{"origin":[-1,30,1.5],"size":[2,2,3],"pivot":[0,32,2],"rotation":[30,0,0],"uv":[0,101]},{"origin":[-2,26,4.5],"size":[4,7,4],"pivot":[0,32,2],"rotation":[30,0,0],"uv":[0,90]},{"origin":[-2,23,4.5],"size":[4,3,4],"pivot":[0,32,2],"rotation":[30,0,0],"uv":[17,91]}]},{"name":"arms","parent":"body","pivot":[0,21.5,0]},{"name":"rightArm","parent":"arms","pivot":[-4,23,0],"cubes":[{"origin":[-7,12,-2],"size":[3,12,4],"uv":[32,16]},{"origin":[-8,18,-3],"size":[4,3,6],"uv":[0,32]}]},{"name":"leftArm","parent":"arms","pivot":[4,23,0],"cubes":[{"origin":[4,12,-2],"size":[3,12,4],"uv":[32,16],"mirror":true},{"origin":[4,18,-3],"size":[4,3,6],"uv":[0,32],"mirror":true}]},{"name":"counter","parent":"root","pivot":[0,0,0],"cubes":[{"origin":[-8,16.1,-22],"size":[16,0,12],"uv":[32,38]}]},{"name":"register","parent":"counter","pivot":[-10,16,-21],"cubes":[{"origin":[-15,24,-19.5],"size":[4,3,0],"pivot":[-13,24,-19.5],"rotation":[0,12.5,0],"uv":[31,42]},{"origin":[-15,16,-21],"size":[10,4,10],"uv":[0,42]},{"origin":[-15,20,-21],"size":[10,4,3],"uv":[0,56]},{"origin":[-14,19,-20],"size":[8,5,2],"pivot":[-10,24,-18],"rotation":[30,0,0],"uv":[27,56]}]},{"name":"tray","parent":"register","pivot":[-10,16.01,-20],"cubes":[{"origin":[-14,16.01,-20],"size":[8,3,8],"uv":[0,64]}]},{"name":"receipt","parent":"register","pivot":[-12,19,-17],"cubes":[{"origin":[-13,19,-17],"size":[2,3,0],"uv":[0,65]}]},{"name":"mug","parent":"counter","pivot":[13.5,16,-12.5],"cubes":[{"origin":[12,16,-14],"size":[3,4,3],"uv":[0,75]},{"origin":[15,17,-12.5],"size":[2,3,0],"uv":[12,75]}]},{"name":"steam","parent":"mug","pivot":[13.5,21,-12.5]},{"name":"particle1","parent":"steam","pivot":[13.5,18.5,-12.5],"cubes":[{"origin":[13,18,-12.5],"size":[1,1,0],"uv":[14,79]}]},{"name":"particle2","parent":"steam","pivot":[14.25,18.5,-12.5],"cubes":[{"origin":[13.75,18,-12.5],"size":[1,1,0],"uv":[14,79]}]},{"name":"particle3","parent":"steam","pivot":[12.75,18.5,-12.5],"cubes":[{"origin":[12.25,18,-12.5],"size":[1,1,0],"uv":[14,79]}]}]}],"format_version":"1.12.0"}