{"minecraft:geometry":[{"description":{"identifier":"geometry.hive.hub.arcade.clerk.robot","texture_width":128,"texture_height":128,"visible_bounds_width":4,"visible_bounds_height":6,"visible_bounds_offset":[0,2,0]},"bones":[{"name":"root","pivot":[0,0,0]},{"name":"counter","parent":"root","pivot":[0,0,0],"cubes":[{"origin":[-8,16.1,-22],"size":[16,0,12],"uv":[32,38]}]},{"name":"register","parent":"counter","pivot":[-10,16,-21],"cubes":[{"origin":[-15,16,-21],"size":[10,4,10],"uv":[0,42]},{"origin":[-15,20,-21],"size":[10,4,3],"uv":[0,56]},{"origin":[-15,24,-19.5],"size":[4,3,0],"pivot":[-13,24,-19.5],"rotation":[0,12.5,0],"uv":[31,42]},{"origin":[-14,19,-20],"size":[8,5,2],"pivot":[-10,24,-18],"rotation":[30,0,0],"uv":[27,56]}]},{"name":"tray","parent":"register","pivot":[-10,16.01,-20],"cubes":[{"origin":[-14,16.01,-20],"size":[8,3,8],"uv":[0,64]}]},{"name":"receipt","parent":"register","pivot":[-12,19,-17],"cubes":[{"origin":[-13,19,-17],"size":[2,3,0],"uv":[0,65]}]},{"name":"mug","parent":"counter","pivot":[13.5,16,-12.5],"cubes":[{"origin":[12,16,-14],"size":[3,4,3],"uv":[0,75]},{"origin":[15,17,-12.5],"size":[2,3,0],"uv":[12,75]}]},{"name":"steam","parent":"mug","pivot":[13.5,21,-12.5]},{"name":"particle1","parent":"steam","pivot":[14.25,18.5,-12.5],"cubes":[{"origin":[13.75,18,-12.5],"size":[1,1,0],"uv":[14,79]}]},{"name":"particle2","parent":"steam","pivot":[13.5,18.5,-12.5],"cubes":[{"origin":[13,18,-12.5],"size":[1,1,0],"uv":[14,79]}]},{"name":"particle3","parent":"steam","pivot":[13,18.5,-12.5],"cubes":[{"origin":[12.5,18,-12.5],"size":[1,1,0],"uv":[14,79]}]},{"name":"npc","parent":"root","pivot":[0,0,0]},{"name":"leftLeg","parent":"npc","pivot":[1.9,12,0],"cubes":[{"origin":[-0.1,0,-2],"size":[4,12,4],"uv":[86,14],"mirror":true},{"origin":[-0.11,2,-1],"size":[5,2,4],"pivot":[2.4,3,0],"rotation":[15,0,0],"uv":[106,0],"mirror":true},{"origin":[-0.1,0,-4],"size":[4,3,2],"uv":[116,13],"mirror":true},{"origin":[0.9,2.75,-2.5],"size":[2,2,1],"pivot":[1.9,2.75,-2.5],"rotation":[12,0,0],"uv":[0,3],"mirror":true}]},{"name":"rightLeg","parent":"npc","pivot":[-1.9,12,0],"cubes":[{"origin":[-3.9,0,-2],"size":[4,12,4],"uv":[86,14]},{"origin":[-4.899,2,-1],"size":[5,2,4],"pivot":[-2.4,3,0],"rotation":[15,0,0],"uv":[106,0]},{"origin":[-3.9,0,-4],"size":[4,3,2],"uv":[116,13]},{"origin":[-2.9,2.75,-2.5],"size":[2,2,1],"pivot":[-1.9,2.75,-2.5],"rotation":[12,0,0],"uv":[0,3]}]},{"name":"waist","parent":"npc","pivot":[0,12,0]},{"name":"body","parent":"waist","pivot":[0,25,0],"cubes":[{"origin":[-6,22,-1],"size":[12,4,7],"inflate":0.01,"pivot":[0,25,-1],"rotation":[15,0,0],"uv":[0,0]},{"origin":[-4,19,-3],"size":[8,6,6],"uv":[26,11]},{"origin":[0.99,19.09894,-3.97242],"size":[3,5,1],"pivot":[-1,24.09894,-2.97242],"rotation":[11,0,0],"uv":[79,29],"mirror":true},{"origin":[-3.99,19.09894,-3.97242],"size":[3,5,1],"pivot":[-1,24.09894,-2.97242],"rotation":[11,0,0],"uv":[79,29]},{"origin":[-4,16,-3],"size":[3,3,0],"uv":[0,0]},{"origin":[1,16,-3],"size":[3,3,0],"uv":[0,0],"mirror":true},{"origin":[-5,7,1],"size":[10,17,3],"pivot":[0,23,2],"rotation":[5,0,0],"uv":[0,11]},{"origin":[-4,12,-2],"size":[8,3,4],"uv":[31,0]},{"origin":[-3,12,-3],"size":[6,3,1],"uv":[48,13]},{"origin":[-3,15,-2],"size":[6,4,2],"uv":[48,7]},{"origin":[-3,15,0],"size":[6,4,2],"uv":[48,7]}]},{"name":"head","parent":"body","pivot":[0,25,0],"cubes":[{"origin":[-4,28,-2],"size":[8,6,6],"uv":[84,2]},{"origin":[-5,28,-2],"size":[1,4,4],"uv":[64,30]},{"origin":[4,28,-2],"size":[1,4,4],"uv":[64,30],"mirror":true},{"origin":[-2,25,-2],"size":[4,3,4],"inflate":0.01,"uv":[64,23]},{"origin":[-4,25,-5],"size":[8,9,3],"inflate":0.01,"uv":[64,11]},{"origin":[-3,28,-5.5],"size":[6,3,0],"inflate":0.01,"uv":[80,37]}]},{"name":"arms","parent":"body","pivot":[0,25,0]},{"name":"rightArm","parent":"arms","pivot":[-4,25,0],"cubes":[{"origin":[-7,17,-1.5],"size":[3,4,3],"uv":[112,6]},{"origin":[-9,21,-2],"size":[5,4,4],"uv":[102,14],"mirror":true},{"origin":[-8,18,-2],"size":[3,2,4],"uv":[93,33],"mirror":true},{"origin":[-8,12,-2],"size":[4,5,4],"uv":[102,22]}]},{"name":"leftArm","parent":"arms","pivot":[4,25,0],"cubes":[{"origin":[4,21,-2],"size":[5,4,4],"uv":[102,14]},{"origin":[4,12,-2],"size":[4,5,4],"uv":[102,22],"mirror":true},{"origin":[4,17,-1.5],"size":[3,4,3],"uv":[112,6],"mirror":true},{"origin":[5,18,-2],"size":[3,2,4],"uv":[93,33]}]}]}],"format_version":"1.12.0"}